channel,hemisphere,stimulus_time,amplitude,latency,peak_time,baseline_std
9,healthy,0.1715,10.107906,22.0,23.0,1.8605577
12,healthy,0.1715,6.88171,33.0,33.0,1.8546659
13,healthy,0.1715,0.91163504,,21.5,0.25353754
4,healthy,3.663,7.4757867,5.0,15.0,2.4745688
13,healthy,3.663,1.1848954,45.5,46.0,0.20396188
14,healthy,3.663,1.3626158,24.0,24.5,0.24300832
2,healthy,9.6245,6.447637,8.0,18.5,1.302864
4,healthy,9.6245,10.122938,5.0,16.5,2.4967816
12,healthy,9.6245,26.89794,,32.5,6.3953376
14,healthy,9.6245,0.9153382,,25.0,0.2902785
2,healthy,12.212,10.337715,5.0,35.5,2.7207692
4,healthy,12.212,13.011631,5.0,31.0,3.2210493
9,healthy,12.212,5.8779163,9.0,48.0,1.1598856
12,healthy,12.212,13.568539,8.5,18.0,2.2457533
13,healthy,12.212,1.2641907,11.5,35.5,0.21408182
14,healthy,12.212,1.1463437,38.0,38.5,0.2246605
2,healthy,14.5205,10.599924,5.0,15.0,2.9730992
4,healthy,14.5205,14.241693,5.0,17.0,2.985551
12,healthy,14.5205,5.3948965,5.0,37.5,1.1446651
13,healthy,14.5205,1.2628322,37.5,38.0,0.2240575
14,healthy,14.5205,1.3389137,38.0,38.0,0.25376695
2,healthy,15.799,11.792817,15.0,37.5,3.5133338
4,healthy,15.799,17.872097,5.0,28.5,2.3928056
13,healthy,15.799,1.1365557,,20.0,0.2872259
14,healthy,15.799,1.2787683,37.5,37.5,0.28074992
9,healthy,16.6785,7.9558077,6.0,48.5,0.8837326
12,healthy,16.6785,16.836636,,38.0,5.5211906
13,healthy,16.6785,0.92735904,,25.0,0.24866413
14,healthy,16.6785,0.95358634,,39.5,0.24899264
4,healthy,18.6095,22.26788,8.0,47.0,2.3387635
9,healthy,18.6095,6.548212,5.0,16.0,1.4549567
13,healthy,18.6095,1.0059209,18.5,18.5,0.23777778
14,healthy,18.6095,0.9343743,,38.0,0.30365628
4,healthy,20.296,15.929741,5.0,25.5,2.6790574
9,healthy,20.296,10.578671,5.0,40.0,0.9376691
12,healthy,20.296,9.635159,,31.0,2.8864138
13,healthy,20.296,1.117919,5.5,37.0,0.196116
14,healthy,20.296,0.82837605,10.5,33.0,0.18596058
2,healthy,22.326,6.1388936,20.5,27.0,1.3717942
4,healthy,22.326,16.32611,5.0,15.0,5.2625475
13,healthy,22.326,1.1528286,42.0,42.0,0.25429025
14,healthy,22.326,0.8462261,5.0,36.0,0.19736321
4,healthy,23.1285,13.805498,16.5,17.5,3.3329883
9,healthy,23.1285,10.301934,33.0,48.5,1.6891286
12,healthy,23.1285,10.319702,31.0,44.5,1.8447889
13,healthy,23.1285,0.9860295,,32.0,0.27623785
14,healthy,23.1285,1.1473718,41.5,41.5,0.26284462
2,healthy,24.5385,14.735403,34.0,50.0,4.472417
13,healthy,24.5385,1.2677593,34.5,36.5,0.2003261
14,healthy,24.5385,1.1356382,,32.5,0.2604315
4,healthy,26.716,24.701422,8.0,43.0,2.1593947
13,healthy,26.716,0.9884831,,24.5,0.26755607
14,healthy,26.716,1.2536659,32.5,32.5,0.2604845
4,healthy,27.5385,17.198223,5.0,15.0,2.2351649
12,healthy,27.5385,8.527674,38.5,47.0,1.7944335
14,healthy,27.5385,0.85306835,30.0,30.5,0.16866292
2,healthy,32.5305,18.024147,35.0,41.0,2.4776304
4,healthy,32.5305,7.808305,5.0,15.0,1.8175032
14,healthy,32.5305,1.3433247,41.0,41.5,0.2500338
2,healthy,33.5845,12.01963,5.0,30.0,1.9127198
4,healthy,33.5845,8.550361,5.0,32.5,1.8196794
9,healthy,33.5845,11.2505665,28.5,37.5,1.3625009
13,healthy,33.5845,0.75437135,34.5,34.5,0.19357121
14,healthy,33.5845,1.205054,,49.5,0.25909132
4,healthy,34.601,13.684159,5.0,17.5,3.110333
9,healthy,34.601,6.6331806,,32.0,1.5250587
12,healthy,34.601,9.359226,17.5,31.0,1.019506
13,healthy,34.601,1.0655934,,46.0,0.22887695
14,healthy,34.601,1.0631087,16.5,17.0,0.2075951
4,healthy,36.1045,15.97349,12.0,18.5,2.3588328
12,healthy,36.1045,14.976804,5.0,39.0,2.124472
13,healthy,36.1045,1.1336629,24.0,24.5,0.2523334
14,healthy,36.1045,0.92710096,,46.0,0.25091982
2,healthy,36.918,7.968192,5.0,24.0,2.035985
4,healthy,36.918,32.980442,5.0,15.0,5.372361
9,healthy,36.918,9.144356,32.5,34.5,1.3941109
12,healthy,36.918,6.654481,10.5,22.0,1.9744418
14,healthy,36.918,0.9720995,45.5,45.5,0.23039302
4,healthy,37.7675,18.398304,5.0,36.5,2.9680111
9,healthy,37.7675,8.262504,19.5,41.5,1.1726942
13,healthy,37.7675,1.123213,,41.5,0.2851731
14,healthy,37.7675,1.0274339,45.5,45.5,0.23497553
2,healthy,39.2515,13.136081,7.0,46.0,2.08769
4,healthy,39.2515,16.844059,5.0,17.5,1.9452424
12,healthy,39.2515,7.99881,20.5,28.5,1.0133015
14,healthy,39.2515,0.9626721,,50.0,0.25270614
2,healthy,40.127,6.845389,5.0,35.0,1.8520178
9,healthy,40.127,6.371939,35.0,40.0,0.8175801
13,healthy,40.127,1.252044,43.5,44.0,0.1965196
14,healthy,40.127,1.2274857,15.0,23.5,0.22270557
4,healthy,42.1425,18.268808,5.0,23.5,2.2677846
12,healthy,42.1425,9.644409,37.5,38.5,2.3133364
13,healthy,42.1425,1.0909506,45.0,45.5,0.22737323
14,healthy,42.1425,1.0885279,8.0,43.5,0.29049215
2,healthy,43.3145,10.311147,26.5,31.0,2.0617197
4,healthy,43.3145,11.472796,48.0,48.5,3.7922254
9,healthy,43.3145,9.00436,5.0,15.0,2.0441074
12,healthy,43.3145,9.056289,39.0,47.0,2.429129
13,healthy,43.3145,1.1309503,42.5,42.5,0.2250246
14,healthy,43.3145,0.88993984,,33.5,0.2617902
2,healthy,44.34,9.042921,5.0,21.5,1.4833665
12,healthy,44.34,6.481287,5.0,19.5,1.2958218
13,healthy,44.34,1.1885996,15.0,36.5,0.19910714
4,healthy,47.951,14.134756,6.0,15.0,3.757852
13,healthy,47.951,1.4058907,28.5,29.0,0.22921927
14,healthy,47.951,1.0228343,,48.5,0.30586112
2,healthy,51.589,8.909259,40.5,46.0,2.2060888
4,healthy,51.589,12.707055,5.0,20.5,1.8933194
13,healthy,51.589,0.93714345,,21.0,0.23510951
14,healthy,51.589,1.2383777,48.0,48.5,0.23343517
2,healthy,53.7855,15.953219,21.0,22.0,2.610908
12,healthy,53.7855,6.4210305,,24.5,2.0010068
13,healthy,53.7855,0.8749753,,42.0,0.2856931
14,healthy,53.7855,1.0180144,,32.5,0.29316366
4,healthy,56.645,12.67903,17.5,19.0,2.3409314
9,healthy,56.645,5.5447755,12.5,50.0,1.282564
12,healthy,56.645,5.5305185,,23.5,1.5924286
13,healthy,56.645,1.3034546,17.0,17.5,0.23736408
14,healthy,56.645,1.1237109,42.0,42.0,0.2677185
2,healthy,57.8355,11.743057,26.5,27.5,2.0448112
4,healthy,57.8355,20.561192,27.0,30.5,2.4930563
9,healthy,57.8355,5.3494835,5.0,30.0,1.0538867
12,healthy,57.8355,7.7750745,5.0,19.0,1.9737581
13,healthy,57.8355,1.1444108,47.5,48.0,0.21833937
14,healthy,57.8355,1.0779465,46.0,46.5,0.24119423
2,healthy,62.5815,15.534052,5.0,23.5,2.48584
4,healthy,62.5815,22.678253,6.5,18.5,3.4179223
9,healthy,62.5815,10.102526,45.0,50.0,1.6930765
12,healthy,62.5815,6.5667276,5.0,43.0,1.6209844
13,healthy,62.5815,1.0573871,20.0,20.5,0.13383116
14,healthy,62.5815,0.87785304,,32.5,0.23417243
2,healthy,63.509,11.730075,5.0,21.5,3.2025468
4,healthy,63.509,19.2896,5.0,36.0,1.875765
9,healthy,63.509,4.3376446,10.5,31.5,1.2961843
12,healthy,63.509,11.992262,5.0,28.0,1.5776144
13,healthy,63.509,0.94853115,,23.0,0.2264862
14,healthy,63.509,0.97331303,,32.0,0.26222137
4,healthy,64.4265,12.273214,47.0,49.5,2.8382096
9,healthy,64.4265,8.72686,5.0,16.5,1.6736925
12,healthy,64.4265,7.6552267,5.0,46.5,1.1067965
13,healthy,64.4265,1.2780727,10.0,31.5,0.21855798
2,healthy,65.233,10.830255,5.0,44.5,2.7835994
4,healthy,65.233,94.06984,45.5,45.5,19.062233
9,healthy,65.233,6.4958835,35.0,42.5,1.3029414
13,healthy,65.233,0.94821006,,15.5,0.28639233
14,healthy,65.233,1.0006285,,16.0,0.23358586
4,healthy,67.234,16.224133,6.5,17.5,2.063961
12,healthy,67.234,4.4449916,6.5,34.0,1.2976756
13,healthy,67.234,1.1145401,,37.0,0.2301386
14,healthy,67.234,1.2425172,27.5,27.5,0.25262722
2,healthy,70.7635,13.105202,17.0,42.5,1.7341948
9,healthy,70.7635,8.258982,34.5,50.0,1.5062286
13,healthy,70.7635,0.9116384,,19.5,0.23227079
14,healthy,70.7635,1.0664377,7.5,46.5,0.22452925
9,healthy,74.473,8.021343,19.0,26.5,0.8235612
13,healthy,74.473,0.7788258,12.0,40.5,0.23194095
14,healthy,74.473,1.1856093,35.5,36.0,0.24417287
2,healthy,76.8365,10.209773,36.5,50.0,1.6254369
4,healthy,76.8365,12.308621,5.0,16.5,2.6583009
9,healthy,76.8365,5.714295,12.5,17.0,1.2609535
12,healthy,76.8365,8.670941,30.5,39.0,1.0396808
13,healthy,76.8365,1.0281789,12.5,36.0,0.27121812
2,healthy,81.4775,6.9230747,5.0,15.0,1.840703
4,healthy,81.4775,11.216459,20.0,50.0,1.5133187
9,healthy,81.4775,4.8904004,29.0,29.5,0.9826172
14,healthy,81.4775,1.2578633,17.0,17.0,0.2752867
2,healthy,86.075,8.7264805,13.5,18.0,1.6597694
4,healthy,86.075,17.651861,5.0,15.0,4.862616
9,healthy,86.075,19.707897,5.0,50.0,1.7028239
12,healthy,86.075,10.968934,29.5,36.5,3.1241624
13,healthy,86.075,1.210334,31.5,31.5,0.24490155
14,healthy,86.075,1.0447397,46.0,46.0,0.26482674
2,healthy,87.5455,6.5796876,12.5,18.5,1.5959799
4,healthy,87.5455,17.49171,8.5,26.0,4.29198
9,healthy,87.5455,5.079724,24.0,25.0,0.98258126
13,healthy,87.5455,1.282068,37.0,37.5,0.25736108
2,healthy,88.807,6.7435675,33.5,40.5,2.18437
9,healthy,88.807,7.044297,5.0,30.0,1.3791102
14,healthy,88.807,0.92736405,11.0,40.0,0.18073584
2,healthy,91.5525,10.145091,12.0,17.0,2.551105
4,healthy,91.5525,24.060375,12.5,46.5,1.8172781
9,healthy,91.5525,5.8044825,5.0,50.0,1.0119848
13,healthy,91.5525,1.460784,,47.5,0.3135375
14,healthy,91.5525,1.2505722,46.0,46.5,0.2442777
2,healthy,92.4995,12.053648,9.0,26.5,2.1414964
4,healthy,92.4995,21.462883,27.0,50.0,2.0961912
9,healthy,92.4995,9.158484,5.0,17.5,1.7853467
12,healthy,92.4995,9.802073,18.5,19.0,2.2317204
13,healthy,92.4995,0.6959506,9.5,20.5,0.21574542
14,healthy,92.4995,1.0534452,38.0,38.5,0.18690799
13,healthy,96.9975,1.2829412,,15.5,0.30408037
14,healthy,96.9975,0.97731584,,16.5,0.27752104
2,healthy,98.7985,8.415733,15.0,31.0,2.0233915
4,healthy,98.7985,11.179306,5.0,19.5,2.268327
9,healthy,98.7985,13.178893,7.0,15.0,3.0727375
12,healthy,98.7985,6.1442003,21.5,32.5,1.510104
13,healthy,98.7985,1.2876012,,46.0,0.30755672
14,healthy,98.7985,0.8100847,,39.5,0.25828505
2,healthy,99.796,5.649039,5.0,21.5,1.4559532
4,healthy,99.796,22.02855,,50.0,5.670196
12,healthy,99.796,8.591862,7.5,15.0,2.4560866
13,healthy,99.796,1.1628458,38.0,38.5,0.22586234
14,healthy,99.796,1.1169324,,38.0,0.25610784
2,healthy,104.0145,5.3455415,5.0,29.5,1.2906115
4,healthy,104.0145,20.949417,6.0,47.5,3.4401917
9,healthy,104.0145,3.95393,,21.0,0.8596501
12,healthy,104.0145,4.1888504,8.5,24.5,1.3701237
13,healthy,104.0145,1.2032812,16.0,19.0,0.20918016
14,healthy,104.0145,1.0824506,42.5,43.0,0.17611752
2,healthy,105.9515,12.314839,21.0,22.0,2.7746449
4,healthy,105.9515,36.364307,5.0,40.5,3.4774652
9,healthy,105.9515,3.2441852,,21.5,0.88678503
12,healthy,105.9515,7.4672546,11.0,19.5,2.13657
13,healthy,105.9515,1.4066932,25.5,26.0,0.21508807
14,healthy,105.9515,0.7595806,13.5,15.0,0.24448475
4,healthy,106.768,24.759205,,20.5,6.1240287
9,healthy,106.768,5.0171967,46.0,46.0,1.177842
12,healthy,106.768,9.104388,5.5,26.5,1.5787859
13,healthy,106.768,1.0901256,22.0,22.0,0.2694516
2,healthy,108.412,6.449914,5.0,41.0,1.4345703
4,healthy,108.412,34.77094,33.5,45.0,3.726492
13,healthy,108.412,1.2463257,,15.0,0.35348457
14,healthy,108.412,1.1281132,40.5,41.0,0.23964635
2,healthy,109.4015,14.301963,5.0,21.0,2.6805437
4,healthy,109.4015,17.192284,14.5,15.0,3.7574492
9,healthy,109.4015,5.4076295,5.0,34.0,1.0176996
12,healthy,109.4015,7.9403305,,19.5,1.8894832
13,healthy,109.4015,1.1942097,,38.0,0.31391552
14,healthy,109.4015,1.4662198,42.0,42.5,0.26626948
2,healthy,110.662,7.521645,10.0,30.0,1.4772702
4,healthy,110.662,19.858114,5.0,19.5,3.2435622
9,healthy,110.662,8.844261,30.5,42.0,2.119889
13,healthy,110.662,0.908581,8.5,46.0,0.22172876
14,healthy,110.662,0.7968179,,27.5,0.23110823
2,healthy,111.491,11.859172,14.0,15.0,3.4383352
4,healthy,111.491,24.383232,9.5,33.0,6.2513757
9,healthy,111.491,8.108817,15.0,25.5,1.3346266
13,healthy,111.491,1.4155068,36.5,37.5,0.20641753
14,healthy,111.491,1.02178,34.0,34.5,0.1914069
2,healthy,113.2795,14.126026,5.0,18.0,2.0533047
12,healthy,113.2795,8.879485,36.0,43.0,2.5257726
13,healthy,113.2795,1.2907946,31.0,31.5,0.2363628
4,healthy,114.5585,11.077057,14.0,45.5,2.3281436
9,healthy,114.5585,5.3716803,,23.0,1.7288246
12,healthy,114.5585,8.42539,30.5,33.0,1.947059
13,healthy,114.5585,1.4751681,7.5,29.5,0.20106721
14,healthy,114.5585,1.2862811,15.0,41.0,0.24010786
2,healthy,116.071,18.707546,5.0,16.5,3.0722392
4,healthy,116.071,17.23355,10.0,20.0,4.7123094
9,healthy,116.071,6.3469806,11.5,30.0,1.2629853
12,healthy,116.071,11.836953,5.0,22.0,1.3562235
13,healthy,116.071,0.8196831,6.5,47.0,0.21902326
14,healthy,116.071,1.1224315,,46.0,0.2689367
2,healthy,117.173,12.489899,12.5,22.0,2.713479
4,healthy,117.173,27.147846,26.5,27.0,3.3239954
12,healthy,117.173,10.752762,8.0,15.0,2.409845
13,healthy,117.173,0.917601,,24.5,0.2710027
14,healthy,117.173,1.0491683,18.0,24.5,0.19091448
4,healthy,119.037,10.224502,5.0,41.5,2.3106246
12,healthy,119.037,12.464827,6.0,21.0,1.910338
14,healthy,119.037,0.99844295,,35.0,0.29949218
2,healthy,121.363,13.114154,,25.0,4.2435346
4,healthy,121.363,19.273762,6.0,22.5,2.0909643
9,healthy,121.363,4.6249166,18.0,25.5,1.4440676
12,healthy,121.363,6.5820436,34.5,34.5,1.4185688
13,healthy,121.363,1.0420122,,23.5,0.2837678
14,healthy,121.363,1.3276772,30.5,31.0,0.24514306
2,healthy,124.127,14.111075,5.0,16.0,2.4776788
4,healthy,124.127,13.624765,5.0,34.0,1.9185988
12,healthy,124.127,7.122834,,39.0,1.7799029
13,healthy,124.127,1.0089383,,33.0,0.2803152
14,healthy,124.127,1.1478981,31.5,31.5,0.2071202
2,healthy,126.1055,20.588684,6.0,41.5,2.6662688
4,healthy,126.1055,15.682606,5.0,22.5,2.8067734
13,healthy,126.1055,1.132896,,18.0,0.2943343
2,healthy,130.2665,12.252226,11.5,50.0,1.8008405
4,healthy,130.2665,14.104066,5.0,35.5,3.8125262
9,healthy,130.2665,6.864358,27.0,42.0,1.3953227
14,healthy,130.2665,1.1495466,13.0,19.0,0.227627
4,healthy,132.8035,14.639154,5.0,25.5,2.0805786
9,healthy,132.8035,8.414917,5.0,15.0,1.6811074
13,healthy,132.8035,0.9969399,5.5,47.0,0.18850559
14,healthy,132.8035,1.1240594,30.5,31.0,0.21562779
2,healthy,135.5325,13.144302,12.0,15.0,2.4955735
9,healthy,135.5325,5.226309,8.0,35.0,1.6096718
12,healthy,135.5325,12.297434,46.5,47.0,3.0213506
13,healthy,135.5325,1.0112103,,36.5,0.255569
14,healthy,135.5325,0.85101986,,30.5,0.22648785
2,healthy,139.2555,9.966614,5.0,21.5,1.3468295
4,healthy,139.2555,13.976934,5.0,43.5,1.9843069
9,healthy,139.2555,7.807041,13.5,26.5,1.0493958
12,healthy,139.2555,8.6837635,37.0,41.5,1.13184
13,healthy,139.2555,1.2976928,50.0,50.0,0.25383213
14,healthy,139.2555,0.9935723,,23.0,0.2654518
4,healthy,140.164,12.505333,29.0,43.5,3.2627137
9,healthy,140.164,5.8110485,32.5,32.5,1.1167318
13,healthy,140.164,1.0273819,21.5,22.0,0.20456539
14,healthy,140.164,1.1100804,12.0,46.5,0.28257367
4,healthy,140.9865,19.3404,,29.0,5.2563276
12,healthy,140.9865,11.464424,13.0,15.0,1.9290938
13,healthy,140.9865,1.0452657,,30.5,0.28524408
14,healthy,140.9865,0.86047447,,50.0,0.21912788
2,healthy,142.6925,10.461248,5.0,15.0,2.0342712
4,healthy,142.6925,9.726157,20.0,20.5,3.1507883
9,healthy,142.6925,6.5590463,39.0,40.0,1.180665
12,healthy,142.6925,12.416189,5.0,16.0,3.242076
14,healthy,142.6925,0.9117789,11.0,43.0,0.16640694
9,healthy,143.6125,5.699764,27.5,15.5,1.0039045
12,healthy,143.6125,21.939335,14.0,44.5,2.9196632
13,healthy,143.6125,1.1883488,31.0,31.5,0.24955417
14,healthy,143.6125,1.2407482,35.5,35.5,0.2813583
2,healthy,144.471,13.848791,13.0,43.0,2.7731001
4,healthy,144.471,30.413296,5.0,15.0,1.8354361
9,healthy,144.471,4.835903,24.5,47.5,1.415131
13,healthy,144.471,1.6244749,21.5,22.0,0.32628453
14,healthy,144.471,1.3021748,,25.5,0.2949405
4,healthy,145.4665,22.785683,7.5,38.0,2.4826634
12,healthy,145.4665,11.605066,7.5,18.5,2.1390495
13,healthy,145.4665,1.264044,32.5,33.0,0.25723162
14,healthy,145.4665,1.1690068,15.0,15.0,0.25401658
2,healthy,147.267,9.951607,28.5,29.5,2.1453965
4,healthy,147.267,9.314905,9.0,37.0,2.8123507
9,healthy,147.267,6.4730873,17.0,27.5,0.9266587
13,healthy,147.267,1.0775971,,29.0,0.2672658
14,healthy,147.267,0.9040425,,36.5,0.25496516
2,healthy,148.935,5.8552303,,50.0,1.5455898
4,healthy,148.935,13.782793,5.0,47.0,1.7349026
9,healthy,148.935,5.963785,11.0,47.0,1.2837027
12,healthy,148.935,6.4747095,44.0,50.0,1.2706677
13,healthy,148.935,1.0095409,,26.0,0.23209588
14,healthy,148.935,0.91183925,,40.5,0.23869035
4,healthy,153.8975,14.434586,5.0,21.5,1.8978561
9,healthy,153.8975,4.1044946,20.5,20.5,1.1772935
12,healthy,153.8975,6.115066,42.5,43.0,1.666872
13,healthy,153.8975,1.1993743,17.5,17.5,0.3107465
14,healthy,153.8975,0.9518142,,22.0,0.26414573
2,healthy,155.8815,7.145041,5.0,45.5,2.0841477
4,healthy,155.8815,12.433849,5.0,18.5,4.128878
9,healthy,155.8815,6.2384615,,38.0,1.7197574
12,healthy,155.8815,4.1113915,5.0,41.0,1.2681868
13,healthy,155.8815,0.89779645,11.0,24.5,0.25858018
14,healthy,155.8815,1.1316009,17.0,17.0,0.25447613
2,healthy,157.753,15.893355,27.0,33.0,2.6877494
9,healthy,157.753,6.9450245,22.0,23.5,1.3201869
13,healthy,157.753,0.8122774,,49.0,0.24371655
14,healthy,157.753,1.0746624,,45.0,0.25296143
2,healthy,159.404,16.141348,12.0,23.0,1.3967208
9,healthy,159.404,4.376354,9.0,19.5,1.2644005
12,healthy,159.404,10.499016,5.5,15.0,2.067825
13,healthy,159.404,0.8828311,,24.5,0.26887593
14,healthy,159.404,0.9937818,,29.5,0.28054187
2,healthy,161.7015,11.372961,5.0,49.0,1.5935308
4,healthy,161.7015,10.982882,5.0,15.0,3.4001105
9,healthy,161.7015,10.259956,9.0,48.0,1.2298423
12,healthy,161.7015,6.91669,5.5,38.0,1.9756072
13,healthy,161.7015,0.93640196,,39.0,0.28174457
2,healthy,163.466,6.6368766,5.0,35.0,2.0058186
9,healthy,163.466,3.4578836,10.5,37.0,1.0614177
12,healthy,163.466,5.651378,5.0,48.5,1.614074
13,healthy,163.466,1.2845597,,41.0,0.30561614
2,healthy,164.4005,10.063654,27.0,38.5,1.422646
9,healthy,164.4005,4.2327023,40.5,41.0,1.13483
12,healthy,164.4005,9.403429,,32.0,2.6813264
13,healthy,164.4005,1.0574709,,39.5,0.23985744
14,healthy,164.4005,1.3867104,42.0,42.5,0.24186411
2,healthy,167.2495,11.379202,27.0,49.5,2.931722
9,healthy,167.2495,6.718731,47.0,50.0,1.0156538
12,healthy,167.2495,8.100159,22.0,26.5,2.2286434
13,healthy,167.2495,0.9893525,,26.5,0.2578373
14,healthy,167.2495,1.0448791,,41.5,0.22982053
4,healthy,168.1655,40.65116,19.5,38.5,3.9299688
9,healthy,168.1655,7.871418,39.0,49.0,1.1116533
12,healthy,168.1655,6.634247,5.0,24.0,1.5670576
13,healthy,168.1655,0.83111626,,31.5,0.23114689
14,healthy,168.1655,1.2780033,40.0,40.5,0.24486405
2,healthy,169.012,12.153758,26.5,31.0,3.4948409
4,healthy,169.012,25.647755,33.0,33.5,3.7959902
12,healthy,169.012,6.811693,,27.5,1.8828257
14,healthy,169.012,1.1860693,49.5,50.0,0.18978475
2,healthy,172.814,15.537739,17.5,49.0,2.2634773
4,healthy,172.814,20.672596,5.0,47.5,1.9739752
12,healthy,172.814,11.598262,37.0,50.0,1.115221
13,healthy,172.814,1.3258697,27.5,28.0,0.23991461
12,healthy,178.96,9.764793,28.5,38.0,1.2634776
13,healthy,178.96,1.0183662,,50.0,0.2482593
14,healthy,178.96,1.1585108,6.0,44.5,0.23282756
4,healthy,183.0175,16.32854,5.0,34.5,1.289289
9,healthy,183.0175,4.276632,,15.5,1.2527655
12,healthy,183.0175,10.748572,,44.0,3.2084093
13,healthy,183.0175,1.5896044,27.0,27.5,0.2823115
14,healthy,183.0175,1.3546519,45.0,45.5,0.24583499
2,healthy,185.0175,12.491957,15.5,30.0,1.565302
4,healthy,185.0175,7.5789547,5.0,38.0,1.3999149
9,healthy,185.0175,6.352585,26.5,27.5,0.9613707
13,healthy,185.0175,1.1255844,,35.5,0.29923144
14,healthy,185.0175,1.277048,20.0,20.5,0.22398545
4,healthy,188.7435,12.659783,5.0,15.0,3.0507698
9,healthy,188.7435,9.740867,22.0,49.5,1.0525794
14,healthy,188.7435,1.0896044,,37.5,0.2614214
2,healthy,189.683,12.021158,11.5,25.0,1.9706845
4,healthy,189.683,17.238508,5.0,23.5,1.7553421
9,healthy,189.683,6.3872943,10.0,32.5,1.4819562
12,healthy,189.683,4.9076014,5.0,47.5,1.1170735
13,healthy,189.683,0.892568,,29.0,0.20695728
14,healthy,189.683,0.9225262,,44.0,0.2442966
4,healthy,190.9645,19.648893,5.0,20.5,4.7570286
9,healthy,190.9645,6.05044,37.0,37.5,1.3765038
12,healthy,190.9645,7.765032,6.0,43.0,1.8157723
13,healthy,190.9645,1.167796,40.5,40.5,0.25432038
14,healthy,190.9645,1.4257336,25.0,25.5,0.218944
2,healthy,194.371,13.361692,6.5,19.0,2.918272
4,healthy,194.371,16.69335,5.0,15.5,1.6640983
9,healthy,194.371,7.1235056,35.5,36.5,1.1047529
12,healthy,194.371,8.59334,37.0,38.0,1.4447391
13,healthy,194.371,1.1682435,31.0,31.0,0.26570168
14,healthy,194.371,1.089309,42.0,42.5,0.21562849
4,healthy,199.413,15.52774,8.0,29.5,2.718149
9,healthy,199.413,6.2826777,,43.0,1.704913
12,healthy,199.413,8.007443,8.0,45.5,1.4095623
13,healthy,199.413,0.8938882,10.5,25.5,0.16234596
2,healthy,200.215,23.121353,5.0,20.0,1.2159299
4,healthy,200.215,97.45865,,44.0,20.790009
9,healthy,200.215,6.9427996,21.0,45.0,1.0714879
12,healthy,200.215,13.329544,19.0,27.0,2.1072023
13,healthy,200.215,0.9403584,,18.5,0.24220659
14,healthy,200.215,1.1392481,,24.0,0.2596241
2,healthy,201.032,9.604748,5.0,49.5,3.1845257
4,healthy,201.032,17.30405,5.0,40.0,1.563225
9,healthy,201.032,6.1898737,31.5,32.0,1.3015841
12,healthy,201.032,6.3146253,24.0,49.5,1.7402775
13,healthy,201.032,1.1741406,10.5,21.5,0.23732354
14,healthy,201.032,1.4990141,22.0,22.5,0.24881868
2,healthy,201.9465,12.208379,7.0,18.0,2.6845415
4,healthy,201.9465,14.56266,16.5,17.5,3.1939142
12,healthy,201.9465,15.430786,45.5,47.5,2.9837093
13,healthy,201.9465,1.0559144,,37.5,0.34929678
2,healthy,203.4175,12.204201,20.5,29.5,3.646184
4,healthy,203.4175,15.964062,9.5,24.0,2.8156054
12,healthy,203.4175,7.4959035,14.5,39.0,1.8306693
13,healthy,203.4175,0.79582304,,15.0,0.2157225
2,healthy,204.895,14.069332,5.0,40.5,2.1662786
4,healthy,204.895,19.529764,8.0,20.5,3.2860081
9,healthy,204.895,5.110171,,19.5,1.6602935
12,healthy,204.895,13.244466,29.5,41.0,2.7894921
14,healthy,204.895,1.0530845,,19.5,0.26016298
2,healthy,205.7285,24.129341,5.0,34.0,2.332028
4,healthy,205.7285,32.79302,22.5,36.0,5.5806103
13,healthy,205.7285,1.1064742,,41.5,0.2417195
14,healthy,205.7285,1.2806723,20.5,33.0,0.19717035
2,healthy,207.1215,16.618542,36.5,37.0,4.6580496
4,healthy,207.1215,8.650757,5.0,38.0,2.8107746
9,healthy,207.1215,7.3804193,36.5,50.0,1.198027
12,healthy,207.1215,11.603604,6.5,22.0,1.8628578
13,healthy,207.1215,1.1811998,48.0,48.0,0.24773881
14,healthy,207.1215,1.2251024,,49.0,0.3238698
4,healthy,207.9515,50.138695,17.0,45.0,4.803533
9,healthy,207.9515,5.4913073,5.0,18.5,1.2591882
12,healthy,207.9515,7.7177763,11.5,31.0,1.365555
13,healthy,207.9515,0.95782775,11.5,15.0,0.25527924
14,healthy,207.9515,1.0038201,,26.0,0.25352165
2,healthy,210.924,11.084106,14.0,15.0,3.1127005
4,healthy,210.924,15.269132,5.0,24.0,2.8230927
9,healthy,210.924,4.6950564,6.0,19.0,1.2530209
12,healthy,210.924,7.1810617,5.0,28.0,1.4822752
14,healthy,210.924,0.79928815,5.0,24.5,0.2587504
2,healthy,212.883,8.956742,32.0,50.0,2.4564579
9,healthy,212.883,9.5248785,7.5,30.5,1.2105944
12,healthy,212.883,8.140746,5.0,18.5,1.9691246
13,healthy,212.883,1.3672442,16.0,32.5,0.16348411
14,healthy,212.883,1.4372948,16.5,17.5,0.24446231
2,healthy,217.7355,6.5554066,5.0,35.0,1.9497211
4,healthy,217.7355,33.921577,5.0,15.0,3.58079
13,healthy,217.7355,1.0844674,,45.5,0.3400406
14,healthy,217.7355,1.2884351,45.5,46.0,0.24814175
2,healthy,222.2935,12.355791,5.0,17.0,2.26322
4,healthy,222.2935,15.369298,5.0,34.5,3.0019453
9,healthy,222.2935,4.459093,11.5,17.5,1.4216634
12,healthy,222.2935,9.558487,5.0,33.5,2.095636
13,healthy,222.2935,0.8424386,,15.0,0.26768368
14,healthy,222.2935,0.80418,,42.0,0.20756693
2,healthy,226.4695,10.461379,5.0,50.0,1.8185358
4,healthy,226.4695,12.201904,5.0,17.5,2.0107176
9,healthy,226.4695,8.5791,9.5,50.0,1.7346114
12,healthy,226.4695,5.6891356,8.5,18.0,1.6039501
13,healthy,226.4695,0.9604354,,37.0,0.2392264
14,healthy,226.4695,0.9373977,6.0,17.0,0.23172812
4,healthy,228.9535,8.584405,9.5,32.0,1.3698338
13,healthy,228.9535,1.1302946,20.5,21.0,0.3024357
14,healthy,228.9535,1.2499092,,33.0,0.31930435
2,healthy,232.1475,8.2041645,13.5,22.0,2.6423833
4,healthy,232.1475,13.0487,5.0,47.0,2.981476
9,healthy,232.1475,4.9297643,5.0,42.0,1.5785241
13,healthy,232.1475,1.4410689,25.5,36.0,0.18297166
14,healthy,232.1475,0.96230096,,20.0,0.28854182
2,healthy,233.0045,15.648535,5.0,17.5,1.6422856
9,healthy,233.0045,5.5055118,16.5,37.0,1.0601746
13,healthy,233.0045,0.96746755,,19.5,0.26155642
14,healthy,233.0045,1.0000228,,47.5,0.2823543
2,healthy,234.2795,12.32075,37.5,46.5,2.1727183
4,healthy,234.2795,8.415515,7.0,30.5,2.590542
13,healthy,234.2795,0.9527829,,46.5,0.23569177
14,healthy,234.2795,0.88535744,,30.5,0.26625848
4,healthy,235.1875,11.306749,5.0,19.5,1.3876784
9,healthy,235.1875,5.715501,,18.5,1.740869
12,healthy,235.1875,6.9766827,7.0,18.0,2.0174003
13,healthy,235.1875,1.1778897,,34.5,0.250853
14,healthy,235.1875,1.1190796,27.0,27.5,0.22292848
2,healthy,243.3695,8.615221,50.0,50.0,1.8238579
4,healthy,243.3695,7.834938,5.0,15.0,1.9515281
9,healthy,243.3695,8.384637,21.0,30.0,1.394305
13,healthy,243.3695,1.0567838,,34.5,0.29087055
14,healthy,243.3695,1.4019914,7.5,31.5,0.18646273
2,healthy,247.549,26.64007,13.5,47.5,4.7375836
4,healthy,247.549,13.847284,,37.5,3.6935432
9,healthy,247.549,6.9049873,22.0,22.5,1.6039203
13,healthy,247.549,0.7763765,36.5,36.5,0.23012759
14,healthy,247.549,1.0912297,,46.0,0.27478778
2,healthy,249.3775,14.985149,48.5,48.5,3.6774626
4,healthy,249.3775,12.280275,32.5,38.5,3.8533568
9,healthy,249.3775,4.613801,9.0,46.0,1.0736147
13,healthy,249.3775,1.2643423,17.5,17.5,0.25478658
14,healthy,249.3775,1.0752488,20.5,21.0,0.2203161
4,healthy,252.323,12.330758,5.0,17.5,3.1540024
12,healthy,252.323,7.815829,5.5,48.5,1.7382765
13,healthy,252.323,0.8799758,50.0,50.0,0.18387751
14,healthy,252.323,1.143718,19.0,19.0,0.21579196
4,healthy,257.3035,8.402327,5.0,24.5,1.5666199
9,healthy,257.3035,5.0230255,7.0,17.0,1.34747
12,healthy,257.3035,8.131591,26.0,42.0,2.36157
13,healthy,257.3035,1.1159588,29.0,29.0,0.25783175
14,healthy,257.3035,0.9776595,22.0,22.5,0.19602464
2,healthy,260.5515,14.456561,25.5,46.5,1.965949
4,healthy,260.5515,11.061784,5.0,15.0,1.285006
13,healthy,260.5515,0.99785703,,34.5,0.2597369
2,healthy,262.6455,9.543903,,16.0,2.7948534
4,healthy,262.6455,27.174786,18.0,19.0,4.2249856
13,healthy,262.6455,1.2019601,50.0,50.0,0.23672277
14,healthy,262.6455,1.375263,46.5,47.0,0.21545158
2,healthy,263.45,17.139149,12.0,15.0,3.3299048
4,healthy,263.45,12.138721,5.0,15.0,1.3756622
9,healthy,263.45,5.108955,29.0,29.0,1.2377429
12,healthy,263.45,6.4306974,29.0,42.0,1.7385767
13,healthy,263.45,1.1153996,21.5,22.0,0.26371253
14,healthy,263.45,1.6934566,30.0,49.5,0.244209
2,healthy,264.408,8.651631,25.0,30.5,1.9818273
4,healthy,264.408,21.658537,5.0,16.5,1.4748274
9,healthy,264.408,7.036416,47.5,47.5,1.4635415
12,healthy,264.408,8.591829,32.0,33.5,1.4918896
13,healthy,264.408,1.1593505,29.5,30.0,0.25061044
4,healthy,266.36,32.491413,13.5,23.0,4.0013657
9,healthy,266.36,6.130679,48.5,49.5,1.2878186
13,healthy,266.36,1.3483784,,39.5,0.29858488
14,healthy,266.36,1.317439,22.0,22.0,0.24088536
2,healthy,269.281,11.629293,,48.5,3.7171764
4,healthy,269.281,10.783319,5.0,15.5,1.151519
9,healthy,269.281,9.391315,33.5,34.0,1.7701623
12,healthy,269.281,9.050146,50.0,50.0,2.0728738
13,healthy,269.281,1.3098499,,34.0,0.31278616
14,healthy,269.281,1.3374094,39.5,40.5,0.2166373
2,healthy,270.346,8.432565,7.0,35.0,1.776309
4,healthy,270.346,21.597198,5.0,16.5,3.0252647
13,healthy,270.346,0.8996004,,22.5,0.235467
14,healthy,270.346,1.4202964,32.0,32.5,0.24031128
2,healthy,271.164,9.422261,49.0,50.0,3.0408738
4,healthy,271.164,13.539561,38.5,40.5,2.735078
12,healthy,271.164,9.831184,5.0,47.0,1.0490696
13,healthy,271.164,0.8022475,,33.5,0.19844714
14,healthy,271.164,1.0457017,,24.0,0.2901085
4,healthy,272.0865,10.599909,5.0,39.0,2.1677423
9,healthy,272.0865,9.072807,7.0,39.5,1.1649871
13,healthy,272.0865,1.0334134,,37.5,0.23638667
14,healthy,272.0865,1.1644562,5.0,26.5,0.21626286
2,healthy,273.668,10.853397,49.5,50.0,2.9709685
4,healthy,273.668,15.3785095,5.0,15.0,1.8508433
9,healthy,273.668,9.878304,41.5,42.0,2.1280735
12,healthy,273.668,13.473588,5.5,16.0,1.7058173
13,healthy,273.668,1.0224736,,46.5,0.21881738
14,healthy,273.668,1.2279785,22.0,22.5,0.27505755
4,healthy,274.9575,13.322397,5.0,15.5,2.0963173
13,healthy,274.9575,0.71314406,,48.0,0.23084082
14,healthy,274.9575,1.3991534,42.0,42.0,0.27544296
4,healthy,276.4475,16.412472,5.0,16.0,1.4655898
9,healthy,276.4475,7.589224,32.0,43.0,1.0895492
13,healthy,276.4475,1.401053,37.5,37.5,0.2980281
14,healthy,276.4475,1.4917955,48.0,48.5,0.24623774
4,healthy,277.251,26.076942,,22.0,8.426881
9,healthy,277.251,5.5700793,19.5,20.5,1.4632607
12,healthy,277.251,16.014666,47.5,48.0,4.3549395
13,healthy,277.251,1.168743,13.0,42.5,0.2205926
14,healthy,277.251,1.2625394,31.5,32.0,0.23589717
2,healthy,278.085,11.90824,,33.0,2.8245423
4,healthy,278.085,12.827518,5.0,47.0,2.8765283
9,healthy,278.085,5.7399836,21.5,22.5,1.5530099
12,healthy,278.085,38.589897,5.0,15.0,6.681012
13,healthy,278.085,0.88451535,,21.5,0.26569134
14,healthy,278.085,1.0679191,,40.0,0.3391001
4,healthy,279.25,6.6876574,32.5,37.0,1.695951
9,healthy,279.25,6.0899487,,26.5,1.3956884
12,healthy,279.25,9.358246,5.0,18.0,1.1006953
13,healthy,279.25,1.1071666,10.0,20.5,0.29194176
14,healthy,279.25,1.2041367,49.0,49.5,0.2390692
2,healthy,282.8665,7.1764755,21.5,22.5,1.0352081
4,healthy,282.8665,29.143969,20.5,21.5,3.5735207
12,healthy,282.8665,12.060892,20.5,21.0,2.7470257
13,healthy,282.8665,1.0995948,14.5,39.0,0.22654319
14,healthy,282.8665,0.88028944,,28.0,0.2463381
4,healthy,284.5255,17.302273,5.0,15.0,2.0607517
9,healthy,284.5255,5.3570633,5.0,50.0,1.0248117
13,healthy,284.5255,0.96118826,,37.0,0.2220207
14,healthy,284.5255,0.9227396,,25.0,0.2487108
2,healthy,285.462,5.4494305,33.5,37.0,1.6677887
4,healthy,285.462,19.609177,5.0,15.0,1.646781
9,healthy,285.462,6.6604548,10.5,41.5,1.7915277
12,healthy,285.462,13.243862,5.0,17.5,2.8061411
13,healthy,285.462,0.82891345,,34.5,0.256628
14,healthy,285.462,1.0753067,10.5,46.5,0.22199586
12,healthy,286.351,8.282823,5.0,25.0,2.3132894
13,healthy,286.351,0.98985153,,32.0,0.2737156
14,healthy,286.351,0.89180183,6.0,22.0,0.2072019
13,healthy,287.157,1.4892964,39.5,40.0,0.28098541
14,healthy,287.157,1.2331371,15.5,16.0,0.27990526
4,healthy,288.1705,29.372501,5.0,30.5,2.3053696
9,healthy,288.1705,8.220657,31.5,36.0,1.2490859
14,healthy,288.1705,1.7047553,14.5,42.5,0.24230544
2,healthy,289.014,25.726795,7.5,42.0,3.5164855
4,healthy,289.014,12.088263,21.0,38.5,1.9784006
9,healthy,289.014,10.253323,5.5,20.5,1.6050773
12,healthy,289.014,13.6502075,7.5,15.0,1.4679909
13,healthy,289.014,1.1535263,27.0,27.0,0.2600648
14,healthy,289.014,0.9974632,37.0,37.0,0.21799614
2,healthy,293.6185,8.309905,5.0,22.0,1.6795049
4,healthy,293.6185,10.724026,5.0,45.5,2.6582632
13,healthy,293.6185,1.4555082,48.5,49.0,0.25432405
14,healthy,293.6185,1.0304546,,17.5,0.2583873
2,healthy,294.8625,6.4765263,5.0,23.5,1.9030987
4,healthy,294.8625,17.390123,5.0,15.0,4.4588985
9,healthy,294.8625,8.132198,14.5,15.0,1.524882
12,healthy,294.8625,10.144097,7.0,22.0,1.4529788
13,healthy,294.8625,0.9889226,10.0,24.5,0.18408747
14,healthy,294.8625,1.0911777,12.0,25.0,0.19504525
2,healthy,296.6305,15.080692,34.0,34.5,3.6452246
4,healthy,296.6305,18.834572,12.5,21.5,2.7042766
9,healthy,296.6305,7.1426096,15.5,16.0,1.6694084
12,healthy,296.6305,7.7338333,29.0,38.5,1.5019364
13,healthy,296.6305,0.8859979,,25.5,0.25211114
14,healthy,296.6305,0.95446426,,49.0,0.27819198
2,healthy,297.432,9.07943,9.5,28.0,2.847213
4,healthy,297.432,35.042717,7.5,37.0,7.409158
9,healthy,297.432,4.8977485,,50.0,1.5322433
12,healthy,297.432,6.8825173,,50.0,2.2765071
13,healthy,297.432,0.96575487,,34.0,0.23665015
14,healthy,297.432,0.93959856,,20.0,0.2136896
2,healthy,298.742,13.137417,5.0,32.5,1.8624887
4,healthy,298.742,25.88426,46.5,47.0,4.274799
9,healthy,298.742,7.2942724,43.0,43.0,1.9059249
12,healthy,298.742,4.74238,5.0,32.0,1.4980341
13,healthy,298.742,1.601367,17.5,25.0,0.27555588
14,healthy,298.742,1.05341,28.5,29.0,0.23356709
9,healthy,299.623,7.6303787,38.5,39.0,1.0991207
13,healthy,299.623,0.8187585,,39.0,0.23178285
14,healthy,299.623,0.9646783,,46.5,0.2725283
2,healthy,300.764,13.063015,28.0,28.5,3.6486316
9,healthy,300.764,9.830351,34.5,36.0,1.7765275
12,healthy,300.764,8.558294,5.0,15.0,1.121705
13,healthy,300.764,1.3274267,7.5,17.0,0.29155332
14,healthy,300.764,1.0647849,,48.0,0.24706629
4,healthy,301.5855,30.260191,5.0,23.0,2.9445589
9,healthy,301.5855,4.231401,32.0,34.5,1.1294978
12,healthy,301.5855,7.124986,6.5,40.0,1.4963351
13,healthy,301.5855,1.0038463,,34.0,0.24104695
14,healthy,301.5855,0.89350414,,28.0,0.20143282
2,healthy,303.2145,11.079125,18.5,50.0,1.3906981
4,healthy,303.2145,29.54782,9.0,15.0,3.579526
9,healthy,303.2145,9.355103,5.5,42.0,1.5281008
12,healthy,303.2145,9.561516,5.0,46.5,1.9997295
13,healthy,303.2145,0.88054395,,30.5,0.22754595
14,healthy,303.2145,1.092072,,26.5,0.2888614
2,healthy,304.0305,16.261414,8.5,50.0,1.8958608
4,healthy,304.0305,44.83587,30.5,49.5,7.235553
9,healthy,304.0305,5.873507,,48.0,1.7792047
12,healthy,304.0305,6.8669186,5.0,33.0,0.7754873
14,healthy,304.0305,0.947026,,32.5,0.2749032
2,healthy,304.975,13.471022,5.0,15.5,2.109185
4,healthy,304.975,32.85996,5.0,18.5,4.1484237
9,healthy,304.975,5.639595,9.5,39.0,1.4551793
13,healthy,304.975,1.2103008,,30.5,0.25993285
14,healthy,304.975,1.1808496,20.5,21.0,0.25248882
4,healthy,306.37,28.716957,5.0,22.0,2.578778
12,healthy,306.37,8.114054,5.0,50.0,1.1453878
13,healthy,306.37,1.4207201,21.5,22.0,0.23673113
14,healthy,306.37,1.1753224,24.5,24.5,0.24866888
2,healthy,307.1735,11.41884,7.5,22.5,1.3319294
4,healthy,307.1735,132.06706,,21.0,28.714014
9,healthy,307.1735,7.9073334,50.0,50.0,1.9499724
12,healthy,307.1735,6.769696,5.0,44.5,1.4855239
13,healthy,307.1735,1.3396115,24.0,24.5,0.22498596
14,healthy,307.1735,1.0412614,,17.0,0.30369946
2,healthy,308.588,10.744172,10.5,47.0,1.944108
4,healthy,308.588,49.880726,5.0,31.5,2.0291777
9,healthy,308.588,7.937169,11.0,35.0,2.2389977
12,healthy,308.588,8.399385,,25.0,2.5898354
13,healthy,308.588,1.4754543,21.0,21.0,0.33933356
14,healthy,308.588,1.3890789,24.5,25.0,0.2506792
2,healthy,309.3995,11.634293,8.0,15.0,1.4576057
4,healthy,309.3995,23.548985,5.5,48.0,4.449966
9,healthy,309.3995,5.7802525,,28.0,1.8446028
12,healthy,309.3995,6.4534106,41.5,47.5,1.4584029
13,healthy,309.3995,1.436472,44.5,45.0,0.2557998
14,healthy,309.3995,1.0648772,,19.5,0.31770954
2,healthy,310.636,10.603357,6.5,35.0,0.94501615
4,healthy,310.636,37.378757,5.0,50.0,3.1056805
9,healthy,310.636,10.015218,18.5,28.5,1.842782
13,healthy,310.636,0.95318323,28.0,40.5,0.16280231
14,healthy,310.636,0.9469615,,27.5,0.22666693
4,healthy,311.4385,71.08603,37.0,37.0,18.372824
9,healthy,311.4385,7.145545,11.0,27.5,1.247543
13,healthy,311.4385,0.90754896,,39.5,0.27537337
14,healthy,311.4385,0.98103577,12.0,35.5,0.2625088
4,healthy,312.354,26.651585,8.5,48.5,3.0562134
9,healthy,312.354,12.30116,7.0,32.5,1.4667257
12,healthy,312.354,6.424503,29.5,39.0,1.4433242
13,healthy,312.354,1.3184325,37.5,38.0,0.19958392
14,healthy,312.354,0.9578173,,36.5,0.2753239
14,healthy,313.1655,0.8092228,11.5,29.5,0.23880586
2,healthy,314.3635,21.506605,,42.0,5.40798
4,healthy,314.3635,12.864448,5.0,41.5,1.8769658
9,healthy,314.3635,9.89098,8.5,15.0,1.4412878
12,healthy,314.3635,9.311349,23.0,29.0,2.1965194
13,healthy,314.3635,1.1162465,20.0,22.5,0.19840859
2,healthy,316.7925,13.844551,28.5,29.5,2.490802
4,healthy,316.7925,25.771704,5.0,49.5,1.7531139
9,healthy,316.7925,5.9782467,,42.0,1.771708
12,healthy,316.7925,8.646444,37.0,39.5,1.7527066
13,healthy,316.7925,1.0514317,48.0,48.0,0.23669247
14,healthy,316.7925,1.2128856,,39.5,0.29486802
4,healthy,317.594,52.74024,,15.5,12.249345
12,healthy,317.594,11.549232,15.5,43.5,0.96049464
13,healthy,317.594,1.4659966,20.5,21.0,0.23582014
14,healthy,317.594,1.569407,17.5,18.0,0.20747004
2,healthy,318.8965,7.090999,19.0,28.0,1.9600481
12,healthy,318.8965,6.294339,33.5,34.0,1.5421565
13,healthy,318.8965,1.0463567,,16.5,0.2605131
2,healthy,319.7045,14.6074505,7.5,50.0,2.5980716
4,healthy,319.7045,72.54386,31.0,31.0,14.441285
9,healthy,319.7045,6.013747,40.0,49.5,1.202387
13,healthy,319.7045,1.2615498,16.0,16.0,0.22374442
2,healthy,320.5105,17.164217,22.5,25.5,3.3153095
12,healthy,320.5105,7.588501,9.0,28.0,1.3656635
13,healthy,320.5105,1.2784021,19.5,20.5,0.19184968
14,healthy,320.5105,1.153532,,19.5,0.30684045
2,healthy,321.402,16.321316,32.0,32.0,4.5692077
4,healthy,321.402,22.972141,5.5,25.5,2.8377984
9,healthy,321.402,7.178994,15.5,16.0,1.8549521
12,healthy,321.402,6.7219353,15.5,16.0,2.1879435
13,healthy,321.402,0.8471279,,39.0,0.26935205
14,healthy,321.402,1.3745363,11.0,22.0,0.17499653
4,healthy,322.209,83.27242,26.0,26.0,21.542929
9,healthy,322.209,7.720974,14.5,20.0,1.6270267
13,healthy,322.209,1.4134649,16.5,17.0,0.22999436
14,healthy,322.209,1.088008,,40.0,0.25213397
2,healthy,323.305,11.086277,14.5,46.5,2.9147656
4,healthy,323.305,9.325598,5.0,42.0,2.4232938
9,healthy,323.305,7.461291,45.5,46.0,2.0095732
12,healthy,323.305,10.595823,7.0,16.0,1.7511166
13,healthy,323.305,1.0866659,18.5,19.0,0.23427816
14,healthy,323.305,1.2541285,,46.5,0.34784433
2,healthy,324.1905,7.7117624,8.0,45.0,2.491312
4,healthy,324.1905,9.918102,34.5,35.5,2.9742978
9,healthy,324.1905,9.389855,15.5,22.0,1.5304143
12,healthy,324.1905,7.881382,5.0,15.0,1.3606032
13,healthy,324.1905,0.8022416,,46.5,0.22808026
14,healthy,324.1905,0.9867332,6.0,42.5,0.24108763
2,healthy,325.6445,12.315004,8.5,15.0,2.0532742
4,healthy,325.6445,8.415428,5.0,23.5,1.7024218
9,healthy,325.6445,5.5305295,22.0,29.5,1.3530184
12,healthy,325.6445,10.967933,13.0,22.0,1.4723623
13,healthy,325.6445,1.1880465,17.0,17.5,0.23500213
14,healthy,325.6445,1.170864,29.0,29.0,0.22333936
2,healthy,326.7635,7.7989187,23.0,29.0,2.1986902
4,healthy,326.7635,17.95552,5.0,16.5,2.0716615
9,healthy,326.7635,6.194843,36.0,36.0,1.7967222
13,healthy,326.7635,0.8660132,5.0,37.5,0.18524003
2,healthy,328.776,9.818045,5.0,33.0,1.4326386
4,healthy,328.776,13.195363,5.0,42.0,1.6549653
9,healthy,328.776,6.2098346,,41.0,1.3135691
12,healthy,328.776,5.226346,23.5,24.0,1.3186449
13,healthy,328.776,1.3628392,36.0,36.5,0.20986384
14,healthy,328.776,1.2361023,,30.5,0.3446672
9,healthy,329.58,8.174553,15.0,17.0,1.3755736
12,healthy,329.58,13.75277,35.5,43.5,1.4738921
13,healthy,329.58,1.105444,39.0,39.5,0.19233772
14,healthy,329.58,1.2512783,24.0,25.0,0.20301425
2,healthy,330.644,14.804476,5.0,22.0,2.0704138
4,healthy,330.644,7.6888595,5.0,15.0,1.4416372
9,healthy,330.644,13.789995,18.5,27.0,1.9056368
13,healthy,330.644,0.91029453,,25.5,0.27306256
4,healthy,333.091,9.95533,,37.5,2.5666273
9,healthy,333.091,7.669853,27.5,48.5,1.7283524
12,healthy,333.091,4.64091,21.5,26.5,1.4057645
13,healthy,333.091,0.9294283,5.0,28.5,0.21070018
14,healthy,333.091,1.0262451,,42.0,0.2576399
4,healthy,333.962,8.547943,5.0,19.0,1.9600827
9,healthy,333.962,7.2927723,12.0,18.5,1.6210399
12,healthy,333.962,5.9756975,9.0,15.0,1.138044
13,healthy,333.962,0.8792943,,48.5,0.23542628
14,healthy,333.962,1.0473788,,49.0,0.24797048
2,healthy,336.5945,6.099772,5.0,46.0,1.2196906
4,healthy,336.5945,13.036373,5.0,16.0,2.2880697
12,healthy,336.5945,9.479578,5.0,16.0,1.988826
13,healthy,336.5945,0.9110444,,38.0,0.24227424
14,healthy,336.5945,1.0526142,,24.0,0.24367562
2,healthy,340.472,12.429358,22.5,30.5,2.0790424
4,healthy,340.472,7.889477,5.0,24.5,2.0494828
9,healthy,340.472,7.548768,31.5,27.0,1.7816812
12,healthy,340.472,7.936894,10.0,15.0,1.1454132
13,healthy,340.472,1.1279018,35.0,35.5,0.23547353
14,healthy,340.472,0.92098117,43.0,43.5,0.21860434
4,healthy,342.255,14.167832,5.0,28.5,1.8815258
9,healthy,342.255,7.3101187,32.0,33.0,1.5379307
12,healthy,342.255,16.468502,7.0,38.0,0.9257591
13,healthy,342.255,0.83417296,9.5,17.0,0.23543894
14,healthy,342.255,1.0834479,32.5,32.5,0.2293581
4,healthy,343.4185,22.126251,7.5,32.0,4.2135763
12,healthy,343.4185,9.155838,5.0,15.0,2.4348912
13,healthy,343.4185,0.96958447,,41.0,0.31882867
14,healthy,343.4185,1.2741373,26.0,26.0,0.25972372
2,healthy,344.238,13.63122,5.0,15.0,2.3931613
4,healthy,344.238,15.799102,17.0,17.5,3.0562336
9,healthy,344.238,4.1376076,5.0,47.5,1.199969
13,healthy,344.238,0.9402288,,29.0,0.28995436
14,healthy,344.238,1.302408,43.0,44.0,0.22785746
2,healthy,346.3045,7.2423916,7.0,48.0,0.8022397
4,healthy,346.3045,21.839201,10.0,17.5,3.7708561
13,healthy,346.3045,1.3175426,25.5,25.5,0.25903207
14,healthy,346.3045,0.93973094,,29.5,0.2576822
4,healthy,347.144,5.2986474,,36.5,1.6573333
9,healthy,347.144,6.345334,8.5,16.0,1.6853776
12,healthy,347.144,8.126256,24.0,38.0,1.376852
13,healthy,347.144,1.317354,,28.0,0.32654887
14,healthy,347.144,1.1336831,37.5,37.5,0.22409865
2,healthy,348.3375,9.400447,20.5,21.5,2.3349173
4,healthy,348.3375,28.638933,5.0,15.0,1.7380646
9,healthy,348.3375,6.097517,7.0,25.0,1.4979042
12,healthy,348.3375,8.49919,17.0,27.5,1.670043
13,healthy,348.3375,0.91220903,,48.5,0.22591801
14,healthy,348.3375,1.0827694,23.0,23.5,0.22084242
4,healthy,349.157,43.349472,24.0,24.5,6.762109
12,healthy,349.157,8.828709,,18.5,2.5256267
13,healthy,349.157,0.90007544,12.5,15.5,0.2541423
14,healthy,349.157,1.1964097,12.5,39.5,0.20162238
2,healthy,350.537,5.9624314,12.0,26.5,1.4018558
4,healthy,350.537,11.783412,5.0,39.5,3.3987267
9,healthy,350.537,6.4028816,,22.5,1.855308
12,healthy,350.537,8.869875,11.0,33.0,1.1155106
13,healthy,350.537,0.9848659,,27.0,0.22340456
14,healthy,350.537,1.3117666,21.5,22.0,0.25178313
2,healthy,351.3825,9.5813675,38.0,38.5,2.4585674
9,healthy,351.3825,6.7038827,32.0,36.0,1.7368654
12,healthy,351.3825,7.1438675,13.5,27.5,1.4122324
13,healthy,351.3825,0.91622245,,23.5,0.22823359
14,healthy,351.3825,1.0964924,,23.5,0.25987005
2,healthy,352.606,13.616598,10.5,23.5,2.8080955
4,healthy,352.606,19.345425,17.5,23.0,3.354912
9,healthy,352.606,6.075905,,48.5,1.9752502
12,healthy,352.606,7.980473,47.0,50.0,1.6195836
13,healthy,352.606,0.875266,,15.5,0.28123024
14,healthy,352.606,1.0721166,,49.5,0.3277467
2,healthy,354.54,10.05494,5.0,38.5,2.4566703
4,healthy,354.54,26.828259,14.0,15.0,2.8468454
9,healthy,354.54,6.3370614,,34.5,1.3683827
12,healthy,354.54,4.7221045,6.5,19.5,0.9045649
13,healthy,354.54,0.9296361,36.5,37.0,0.15441117
14,healthy,354.54,0.9287216,8.0,42.0,0.24111795
2,healthy,356.827,11.323052,,49.5,3.1303606
4,healthy,356.827,19.78064,5.0,50.0,1.7091554
9,healthy,356.827,7.2647676,24.5,30.0,1.4718657
12,healthy,356.827,5.0290146,,47.0,1.2472215
13,healthy,356.827,1.2879617,24.0,24.0,0.2729122
14,healthy,356.827,1.4287583,36.5,36.5,0.287031
2,healthy,358.2615,59.937172,5.0,20.0,3.2977874
4,healthy,358.2615,128.40674,9.5,17.0,2.831391
9,healthy,358.2615,11.350206,48.5,49.0,2.1229258
12,healthy,358.2615,5.435637,26.0,40.0,1.5049478
13,healthy,358.2615,1.0537548,,15.0,0.23612048
14,healthy,358.2615,1.0609965,,28.5,0.27537107
4,healthy,359.072,32.88618,6.5,45.5,5.9123044
9,healthy,359.072,5.616765,11.5,34.5,1.3292415
12,healthy,359.072,9.154341,5.5,44.5,2.1644714
14,healthy,359.072,1.3323236,24.5,25.0,0.2614973
4,healthy,359.8735,164.19083,18.5,19.5,16.211449
9,healthy,359.8735,6.322651,,35.5,1.7931204
12,healthy,359.8735,12.082108,48.5,50.0,2.280241
13,healthy,359.8735,1.1516653,23.5,23.5,0.24225026
14,healthy,359.8735,1.1219157,9.5,36.0,0.24109256
2,healthy,361.554,9.613228,,44.5,3.1794455
4,healthy,361.554,18.77121,9.5,15.5,2.4023623
13,healthy,361.554,1.3799144,13.5,19.0,0.2684407
14,healthy,361.554,0.86970186,,16.5,0.2679688
2,healthy,362.3575,11.296707,5.0,37.5,2.0459735
4,healthy,362.3575,41.51976,,38.5,10.705047
9,healthy,362.3575,8.647027,29.0,30.5,1.9876617
12,healthy,362.3575,6.1302385,,40.0,1.8516908
13,healthy,362.3575,1.2334373,21.5,22.0,0.22325498
14,healthy,362.3575,0.95627785,,19.5,0.2735368
4,healthy,363.16,30.686104,47.5,48.0,5.835502
12,healthy,363.16,7.0589495,5.0,22.5,1.7364733
14,healthy,363.16,0.9279262,,25.0,0.2926682
2,healthy,364.197,13.595655,18.5,24.0,3.022699
4,healthy,364.197,71.58874,6.5,48.0,2.0035968
9,healthy,364.197,6.99216,36.5,42.0,1.897757
13,healthy,364.197,1.2675242,41.0,41.5,0.254637
2,healthy,365.7195,58.807102,5.0,20.0,3.3401845
4,healthy,365.7195,11.127919,6.0,50.0,2.020423
9,healthy,365.7195,10.808092,5.0,33.5,1.5112476
12,healthy,365.7195,5.2344284,,50.0,1.263686
13,healthy,365.7195,1.2055625,,22.0,0.27825904
14,healthy,365.7195,0.821471,5.0,44.0,0.2342582
2,healthy,366.9395,9.123617,47.5,48.0,2.4455342
4,healthy,366.9395,11.760223,8.0,29.0,2.5237904
9,healthy,366.9395,7.003089,,26.5,1.6138693
12,healthy,366.9395,3.675864,5.0,38.0,1.1664509
13,healthy,366.9395,1.0857103,,44.5,0.2219471
14,healthy,366.9395,1.0120138,43.5,44.0,0.2259566
4,healthy,368.3625,43.10202,18.0,19.5,2.7827058
9,healthy,368.3625,4.2459497,,24.0,1.3090101
12,healthy,368.3625,5.880973,9.0,17.0,1.6315144
13,healthy,368.3625,1.2906193,29.0,29.5,0.2195764
14,healthy,368.3625,1.1301793,,28.5,0.3565973
4,healthy,369.1655,132.88954,41.5,42.0,32.28627
9,healthy,369.1655,7.10407,13.5,43.5,1.5416155
12,healthy,369.1655,7.07952,27.0,27.5,1.4212917
13,healthy,369.1655,1.1604414,25.5,26.0,0.27671623
14,healthy,369.1655,1.0884902,40.0,40.5,0.23500776
2,healthy,372.773,9.529741,22.0,46.0,2.9944434
4,healthy,372.773,36.036575,7.5,35.5,2.490191
9,healthy,372.773,7.179527,24.0,27.5,1.5213603
13,healthy,372.773,1.3215363,50.0,50.0,0.2693119
14,healthy,372.773,1.2388184,33.5,34.0,0.26883367
2,healthy,373.5735,12.482171,6.5,35.0,2.1216974
4,healthy,373.5735,63.270153,25.0,25.5,11.909987
12,healthy,373.5735,11.79982,20.0,22.0,2.130897
13,healthy,373.5735,1.4086523,39.0,39.0,0.2656012
14,healthy,373.5735,1.2018266,32.0,32.5,0.312522
4,healthy,375.3135,24.787823,5.0,17.0,1.4720284
9,healthy,375.3135,20.031437,5.5,29.0,1.4078518
12,healthy,375.3135,5.3132668,5.0,30.0,1.1804403
14,healthy,375.3135,1.0509372,34.0,34.5,0.16054559
4,healthy,376.1825,18.97401,5.0,46.0,2.1114414
9,healthy,376.1825,6.3787785,6.5,22.0,1.2905784
13,healthy,376.1825,1.0815892,24.0,50.0,0.22888735
14,healthy,376.1825,1.0798253,47.5,47.5,0.24059491
2,healthy,377.676,8.639194,5.0,23.5,1.7004683
4,healthy,377.676,11.753245,5.0,15.0,1.8817419
12,healthy,377.676,6.6935387,27.0,27.5,1.5346487
13,healthy,377.676,1.0511675,,45.5,0.23838785
14,healthy,377.676,1.1074663,8.0,25.5,0.30808982
4,healthy,379.2435,33.366028,5.5,18.0,1.9550406
9,healthy,379.2435,6.1102123,34.5,34.5,1.3135626
13,healthy,379.2435,0.9804602,,45.5,0.2261355
14,healthy,379.2435,1.0558994,35.5,39.5,0.19481012
2,healthy,380.047,10.984531,13.5,40.0,1.7877939
4,healthy,380.047,265.81934,27.0,28.0,33.78649
9,healthy,380.047,7.981583,15.5,16.5,1.2074357
12,healthy,380.047,5.207404,5.0,40.0,1.3658965
13,healthy,380.047,1.0980421,,28.5,0.2785187
14,healthy,380.047,1.1443133,,20.5,0.3022364
2,healthy,381.1515,7.6352725,,39.0,2.2931259
4,healthy,381.1515,80.277504,6.5,31.5,2.9474895
14,healthy,381.1515,0.96191156,,32.5,0.31897396
2,healthy,382.5035,4.506321,5.0,36.0,1.0526955
4,healthy,382.5035,13.973182,5.0,15.0,2.02716
9,healthy,382.5035,9.195166,5.0,15.0,1.847475
12,healthy,382.5035,6.1768847,47.5,48.0,1.6797732
13,healthy,382.5035,1.0056924,,46.0,0.25133106
14,healthy,382.5035,1.1113942,7.0,48.0,0.18472642
2,healthy,383.304,9.151914,,15.0,2.5959368
9,healthy,383.304,6.4108057,5.0,24.5,1.233091
12,healthy,383.304,5.742429,46.0,47.0,1.6106457
13,healthy,383.304,0.87276816,,47.5,0.22565703
14,healthy,383.304,0.90650356,,18.0,0.2704032
2,healthy,384.2365,9.102017,19.0,28.0,1.9823645
4,healthy,384.2365,63.54003,11.0,40.0,2.4945955
9,healthy,384.2365,7.2717633,5.0,24.0,1.0703882
12,healthy,384.2365,6.116148,5.0,45.5,1.5259119
13,healthy,384.2365,0.97086567,,18.0,0.29556218
14,healthy,384.2365,1.3739755,6.5,34.5,0.18355152
2,healthy,386.613,7.016013,41.0,48.0,1.1815195
4,healthy,386.613,44.24689,5.0,41.0,1.8046304
12,healthy,386.613,7.9633417,26.0,37.0,1.1907115
14,healthy,386.613,1.2108263,10.0,40.0,0.24851613
4,healthy,387.4135,67.68201,10.5,15.0,9.602291
12,healthy,387.4135,24.278713,14.0,35.0,2.250142
13,healthy,387.4135,1.373687,15.5,16.0,0.2362268
14,healthy,387.4135,1.0640829,,20.5,0.2536164
4,healthy,388.2505,22.617973,17.5,18.5,3.1186619
9,healthy,388.2505,6.136634,,27.5,1.4547249
12,healthy,388.2505,8.20486,9.5,15.0,2.6708117
13,healthy,388.2505,1.1125959,8.5,48.0,0.23963328
14,healthy,388.2505,1.1585689,,21.5,0.31149065
2,healthy,390.033,10.958399,8.0,48.5,2.276738
4,healthy,390.033,28.564972,8.0,15.0,2.9297614
9,healthy,390.033,7.384216,25.5,43.5,1.5252593
12,healthy,390.033,6.2531676,15.5,16.5,1.0768214
13,healthy,390.033,1.2854586,49.5,50.0,0.28206646
14,healthy,390.033,1.3674119,19.5,20.0,0.23839556
4,healthy,390.9535,52.0851,10.5,28.5,2.1436899
9,healthy,390.9535,7.857837,18.5,30.5,1.420543
13,healthy,390.9535,1.2270513,24.5,24.5,0.26076716
14,healthy,390.9535,0.8318547,,44.5,0.21817577
2,healthy,391.7975,7.6789913,11.0,45.5,0.9482762
9,healthy,391.7975,5.81404,,24.5,1.9356577
12,healthy,391.7975,8.695313,15.0,15.5,2.4243987
13,healthy,391.7975,1.457133,8.5,15.0,0.26069885
14,healthy,391.7975,0.9519214,,26.0,0.21652056
2,healthy,393.4635,11.501228,18.0,18.0,2.3563366
4,healthy,393.4635,42.69103,5.0,19.0,2.015831
9,healthy,393.4635,6.1366396,11.0,41.5,1.1842062
12,healthy,393.4635,10.115375,5.0,23.0,1.5460682
14,healthy,393.4635,1.3588095,14.5,15.0,0.18855195
2,healthy,396.7465,56.14418,5.0,17.0,2.256614
4,healthy,396.7465,46.908783,5.0,15.0,1.6107225
9,healthy,396.7465,12.093807,5.0,22.0,1.344525
12,healthy,396.7465,7.5726314,,48.0,2.4514382
13,healthy,396.7465,1.5173397,22.0,22.5,0.26119065
14,healthy,396.7465,0.8829384,,27.0,0.26036656
2,healthy,405.0565,12.714798,33.0,38.5,1.8600477
4,healthy,405.0565,28.18438,15.0,20.0,2.1361017
9,healthy,405.0565,6.3995028,10.0,15.0,1.4698563
12,healthy,405.0565,9.924143,8.5,28.5,1.1178106
13,healthy,405.0565,1.0223966,,27.0,0.26918232
14,healthy,405.0565,1.0084918,,18.5,0.29581684
2,healthy,407.667,10.373091,13.0,50.0,2.031831
4,healthy,407.667,59.337257,17.5,26.0,3.6551633
9,healthy,407.667,7.7233944,5.0,23.0,1.8273059
12,healthy,407.667,9.714408,21.0,47.5,1.2891195
13,healthy,407.667,0.88131505,7.0,43.0,0.20534778
14,healthy,407.667,0.94777894,,37.5,0.24757311
2,healthy,409.908,63.8422,5.0,20.0,1.944955
4,healthy,409.908,8.821186,7.0,17.0,2.1282692
9,healthy,409.908,7.200296,13.5,25.0,1.2750666
13,healthy,409.908,1.131732,,37.0,0.30970192
14,healthy,409.908,0.90243936,,16.0,0.2632956
2,healthy,410.8,8.693036,29.0,30.0,1.8770738
4,healthy,410.8,12.504681,5.0,15.0,1.7549165
12,healthy,410.8,7.053316,45.0,49.0,1.1709695
13,healthy,410.8,1.1055452,,37.5,0.25865087
14,healthy,410.8,1.2018504,41.5,41.5,0.2860721
4,healthy,411.61,32.025757,25.0,26.0,4.377331
9,healthy,411.61,15.9403515,5.0,34.0,1.0680598
12,healthy,411.61,7.4076285,5.0,16.5,1.0521036
13,healthy,411.61,1.1933059,20.5,21.0,0.22617412
14,healthy,411.61,0.9672828,,22.5,0.22491229
4,healthy,412.414,13.329712,20.5,37.5,1.6261092
9,healthy,412.414,7.2847185,32.0,32.5,1.597869
12,healthy,412.414,16.832157,11.0,21.0,1.7489898
13,healthy,412.414,1.0014335,,49.5,0.29122803
14,healthy,412.414,1.0673292,41.0,41.0,0.24915822
2,healthy,413.2455,11.0889845,37.0,47.5,3.1604183
4,healthy,413.2455,17.534496,6.5,41.0,3.2421002
9,healthy,413.2455,5.307069,6.5,15.5,1.3884226
12,healthy,413.2455,8.313266,44.5,46.0,2.3891587
13,healthy,413.2455,1.2830442,,24.0,0.29640213
14,healthy,413.2455,1.0473325,,30.0,0.24829945
2,healthy,415.277,14.986131,8.5,22.5,2.585028
4,healthy,415.277,58.189526,31.0,35.5,3.1791072
13,healthy,415.277,1.0548728,18.0,18.5,0.22451642
14,healthy,415.277,0.7636666,,26.0,0.22409382
9,healthy,416.078,14.159737,9.5,16.5,2.171847
13,healthy,416.078,1.0781021,44.5,44.5,0.20220828
14,healthy,416.078,1.1181849,26.0,26.5,0.17888984
2,healthy,417.473,15.009089,5.0,19.0,2.1972065
4,healthy,417.473,34.495026,27.5,31.0,3.0375113
12,healthy,417.473,5.2937675,7.5,33.5,1.097726
13,healthy,417.473,0.98688126,30.0,30.0,0.22512178
14,healthy,417.473,0.9605498,36.5,36.5,0.22312236
13,healthy,418.276,1.0259324,,38.5,0.31205887
14,healthy,418.276,0.8299043,8.5,50.0,0.2100932
2,healthy,419.0785,7.540831,6.5,48.0,2.4435205
4,healthy,419.0785,30.258957,24.0,24.5,6.659147
9,healthy,419.0785,6.6513667,33.5,33.5,1.2680273
12,healthy,419.0785,6.283719,5.0,16.0,1.6814754
13,healthy,419.0785,1.4576864,,49.0,0.3157619
14,healthy,419.0785,1.2867259,24.5,25.0,0.24697608
4,healthy,428.228,15.920378,5.0,20.0,2.1781788
9,healthy,428.228,11.174662,,41.5,3.2417789
12,healthy,428.228,4.8742576,,18.0,1.3834766
13,healthy,428.228,1.1159126,10.5,32.5,0.21283916
14,healthy,428.228,1.357821,49.0,50.0,0.17703651
4,healthy,435.0415,15.998874,20.0,20.5,2.915965
9,healthy,435.0415,5.399683,19.5,20.5,1.583574
12,healthy,435.0415,6.5926886,5.0,40.0,1.5675832
13,healthy,435.0415,0.9368695,39.0,39.0,0.23037519
14,healthy,435.0415,1.5277464,41.5,42.5,0.22724116
2,healthy,435.8445,8.405771,5.0,38.0,2.366135
13,healthy,435.8445,0.94015634,,28.0,0.25603124
14,healthy,435.8445,1.0065312,,39.0,0.29202464
2,healthy,439.293,18.750135,14.5,15.5,3.473456
4,healthy,439.293,20.267754,5.5,17.5,1.9648829
9,healthy,439.293,13.0055685,12.5,29.5,1.4986836
12,healthy,439.293,11.306488,43.5,45.0,2.635048
14,healthy,439.293,1.2160457,,20.0,0.30250356
2,healthy,440.094,7.831356,7.0,41.5,1.6463494
4,healthy,440.094,13.311525,,31.5,3.932924
9,healthy,440.094,6.3211145,25.5,26.0,1.9659876
12,healthy,440.094,5.70556,5.0,16.0,1.0991126
13,healthy,440.094,1.0388101,20.0,32.5,0.19196358
14,healthy,440.094,1.1945597,24.0,24.5,0.24679641
2,healthy,441.088,26.102522,7.5,15.0,4.8224277
4,healthy,441.088,24.889156,5.0,20.5,2.3888369
9,healthy,441.088,13.222134,22.0,23.5,2.8091476
12,healthy,441.088,8.9288,15.0,33.0,1.3659601
13,healthy,441.088,1.4582198,28.0,28.5,0.24112146
14,healthy,441.088,1.2971292,28.0,42.5,0.18989368
2,healthy,442.013,11.02002,19.5,20.0,2.499807
4,healthy,442.013,12.499537,16.5,17.5,1.8975285
12,healthy,442.013,5.1966906,11.0,49.5,1.2862155
13,healthy,442.013,1.2285848,45.0,45.5,0.23261175
14,healthy,442.013,1.0986934,,41.5,0.31613022
2,healthy,444.3515,11.639393,16.0,29.5,1.8134391
4,healthy,444.3515,11.3806095,6.0,23.0,3.1275928
9,healthy,444.3515,5.959737,6.0,22.5,1.1912167
12,healthy,444.3515,5.3872952,20.0,21.0,1.1761973
13,healthy,444.3515,0.8625699,,47.5,0.24164161
14,healthy,444.3515,1.2743809,39.0,39.5,0.22824144
2,healthy,445.162,7.7553897,5.0,26.0,1.9817463
4,healthy,445.162,27.56194,7.0,31.0,6.8311877
9,healthy,445.162,8.57785,23.0,24.0,1.4201751
12,healthy,445.162,8.309557,5.0,48.0,1.1560862
13,healthy,445.162,1.0004082,,49.0,0.22402652
14,healthy,445.162,1.2084324,37.0,37.0,0.27124184
2,healthy,446.5865,35.575245,6.5,25.0,5.0007405
4,healthy,446.5865,16.109882,5.0,22.0,2.8698988
12,healthy,446.5865,23.515057,5.0,21.0,1.6655773
13,healthy,446.5865,0.9690337,7.5,36.0,0.20341477
14,healthy,446.5865,1.0412893,,49.5,0.33411998
2,healthy,447.4265,6.5737414,10.0,32.0,2.107972
4,healthy,447.4265,10.729965,37.5,37.5,2.187782
12,healthy,447.4265,7.859988,14.5,19.5,1.62594
13,healthy,447.4265,1.1508858,,46.5,0.3117077
14,healthy,447.4265,1.1323463,24.0,24.0,0.21282564
2,healthy,451.393,8.9732895,15.0,17.5,1.6852039
4,healthy,451.393,13.114853,5.0,17.0,1.6300621
9,healthy,451.393,7.703894,5.0,15.5,1.3356509
13,healthy,451.393,1.273169,20.5,21.0,0.21493255
14,healthy,451.393,1.0126936,,43.5,0.28731975
2,healthy,452.217,15.317639,8.5,23.5,3.3094163
4,healthy,452.217,14.113432,34.5,35.0,2.9035983
13,healthy,452.217,1.368618,16.0,16.5,0.2269259
14,healthy,452.217,1.0637648,,33.0,0.30953905
2,healthy,453.184,34.40525,7.0,24.0,9.731938
4,healthy,453.184,29.63221,5.0,18.5,3.4422174
12,healthy,453.184,18.821995,5.0,21.0,1.905049
13,healthy,453.184,1.0767807,35.5,35.5,0.23433308
14,healthy,453.184,1.2906964,19.0,19.5,0.18774897
2,healthy,457.3345,25.408962,8.0,26.0,3.6059783
4,healthy,457.3345,48.412243,5.0,19.0,2.2224846
9,healthy,457.3345,9.386472,5.5,48.0,2.5310829
12,healthy,457.3345,30.662481,5.0,26.0,1.6891536
13,healthy,457.3345,1.2874591,,41.0,0.28619283
14,healthy,457.3345,0.9498668,11.5,25.0,0.19839974
2,healthy,458.1495,8.767612,,28.0,2.5803251
4,healthy,458.1495,33.31592,10.0,47.5,5.6607366
9,healthy,458.1495,7.754195,24.0,43.0,1.2333665
12,healthy,458.1495,10.790971,,17.0,3.043648
13,healthy,458.1495,1.4065032,39.5,40.0,0.2658816
4,healthy,458.9515,94.38452,25.0,47.5,10.599494
9,healthy,458.9515,5.6642156,,18.5,1.2604371
12,healthy,458.9515,7.8831277,5.5,15.5,2.1754105
13,healthy,458.9515,1.1878403,,18.0,0.3034594
14,healthy,458.9515,1.1313205,,31.5,0.2660388
4,healthy,459.8695,7.924705,11.0,18.0,1.829726
9,healthy,459.8695,4.9126787,11.5,20.0,1.3179797
12,healthy,459.8695,5.3237085,7.5,40.0,1.0739727
13,healthy,459.8695,1.1916957,29.5,30.0,0.20803127
4,healthy,464.349,5.8384285,5.0,16.0,1.4763743
9,healthy,464.349,7.5587535,37.0,38.5,1.0950153
12,healthy,464.349,6.799658,24.5,25.5,1.8657149
13,healthy,464.349,1.2400037,18.0,18.5,0.2458429
14,healthy,464.349,1.0565991,,43.5,0.24824703
2,healthy,470.9115,36.94114,7.0,24.5,9.092484
4,healthy,470.9115,19.210037,5.0,20.5,2.2082548
13,healthy,470.9115,1.0623848,43.0,43.0,0.19566295
14,healthy,470.9115,1.2492185,15.5,16.0,0.24826768
2,healthy,474.6605,31.982315,7.0,25.5,5.1717935
4,healthy,474.6605,20.78768,6.0,23.5,2.112156
9,healthy,474.6605,6.851471,,32.0,2.2572837
12,healthy,474.6605,14.730897,5.0,24.0,1.2258068
13,healthy,474.6605,1.2414393,38.0,38.5,0.22126395
14,healthy,474.6605,1.0358386,,28.5,0.28110698
2,healthy,475.6025,10.287851,26.0,44.0,1.7611738
4,healthy,475.6025,18.366367,7.0,36.0,3.3905597
9,healthy,475.6025,5.928035,28.5,29.5,1.079075
12,healthy,475.6025,7.555874,5.0,16.0,1.680495
13,healthy,475.6025,0.92325747,,27.5,0.25705236
14,healthy,475.6025,1.1646557,,50.0,0.30688912
4,healthy,476.41,28.47565,,40.5,8.092019
12,healthy,476.41,7.0315094,5.0,40.5,1.7367203
13,healthy,476.41,1.0056943,5.5,40.5,0.23286435
14,healthy,476.41,0.95313513,,24.5,0.23842135
2,healthy,478.1685,9.571079,5.0,16.5,1.4472458
4,healthy,478.1685,22.848944,6.0,16.0,2.0678203
9,healthy,478.1685,7.7633734,22.5,23.5,1.0999353
12,healthy,478.1685,7.1678143,7.0,25.5,1.5917518
13,healthy,478.1685,1.3131256,32.5,33.5,0.20396109
14,healthy,478.1685,0.9703588,,38.0,0.26121044
2,healthy,479.1575,7.273368,23.5,25.0,1.675128
4,healthy,479.1575,20.281431,35.0,36.0,2.1454318
9,healthy,479.1575,5.493654,48.5,49.5,0.9532419
12,healthy,479.1575,4.3384438,17.5,18.0,1.1990402
13,healthy,479.1575,1.1059675,,41.0,0.25361538
14,healthy,479.1575,1.5405264,39.0,39.5,0.2772338
4,healthy,480.715,23.60441,16.5,30.5,3.1726558
9,healthy,480.715,6.0991316,45.0,45.5,1.38639
12,healthy,480.715,14.419745,22.0,49.5,1.9715481
13,healthy,480.715,1.1882939,29.5,29.5,0.22628115
14,healthy,480.715,1.3943939,48.5,48.5,0.2827894
2,healthy,481.5545,7.323423,7.5,18.0,1.9938227
4,healthy,481.5545,13.137724,25.0,39.5,1.8063809
9,healthy,481.5545,6.589486,43.0,43.0,1.5450631
13,healthy,481.5545,1.5229666,19.0,30.0,0.21898355
14,healthy,481.5545,0.8499546,25.0,25.5,0.1867934
2,healthy,489.6335,47.96993,7.5,26.0,5.1614013
4,healthy,489.6335,50.70426,5.0,21.0,2.3681614
9,healthy,489.6335,9.856201,38.0,39.5,2.64799
12,healthy,489.6335,10.545121,6.0,29.5,1.6788604
13,healthy,489.6335,1.0918562,47.0,47.0,0.22446372
14,healthy,489.6335,1.3831877,26.5,27.0,0.23633309
2,healthy,490.4565,9.034509,30.0,30.0,2.5532987
4,healthy,490.4565,27.566998,46.0,49.5,3.3318534
9,healthy,490.4565,7.2775154,10.5,42.5,1.0851156
12,healthy,490.4565,6.190918,32.5,33.0,1.1750238
13,healthy,490.4565,0.9130591,,32.5,0.30426112
14,healthy,490.4565,1.1203692,47.5,47.5,0.22751543
4,healthy,499.011,13.787072,16.5,17.5,2.8023918
9,healthy,499.011,4.735191,5.0,39.5,1.0787709
12,healthy,499.011,9.051147,28.5,50.0,1.205257
13,healthy,499.011,1.1291094,,48.5,0.24514715
14,healthy,499.011,0.8980334,13.0,49.5,0.2589334
2,healthy,500.4415,7.02596,11.5,47.5,1.2856592
4,healthy,500.4415,13.411456,5.0,18.5,2.761793
9,healthy,500.4415,8.506758,48.5,48.5,1.9136674
12,healthy,500.4415,7.595146,14.0,23.0,1.0119638
13,healthy,500.4415,1.1891607,13.0,37.0,0.18102519
14,healthy,500.4415,1.3461466,23.0,23.5,0.26140773
4,healthy,504.3895,82.696625,14.0,22.0,3.6599307
9,healthy,504.3895,5.005723,,20.5,1.6092123
12,healthy,504.3895,8.723002,37.5,48.0,2.0730195
13,healthy,504.3895,1.0875905,,42.5,0.27381545
14,healthy,504.3895,0.74210215,5.5,46.0,0.15165253
4,healthy,510.05,31.469482,5.0,49.5,1.5251942
9,healthy,510.05,4.9893856,,17.5,1.1265914
13,healthy,510.05,1.2922901,11.0,36.0,0.18796349
14,healthy,510.05,0.99640894,,39.0,0.24087048
2,healthy,513.171,11.397411,5.0,18.0,1.1676327
9,healthy,513.171,5.252304,21.5,34.5,1.0532844
12,healthy,513.171,9.6320095,41.5,41.5,2.073667
14,healthy,513.171,1.0738434,,27.0,0.24841061
4,healthy,515.239,9.926002,5.0,42.0,1.8192638
9,healthy,515.239,7.2440405,18.5,18.5,1.9177717
12,healthy,515.239,6.3781714,9.0,17.0,1.8827978
13,healthy,515.239,0.93623745,,48.0,0.27604234
14,healthy,515.239,0.8922125,37.5,38.5,0.18525636
2,healthy,516.8495,11.765879,21.0,48.0,1.3087988
4,healthy,516.8495,11.523205,,49.0,3.4565825
12,healthy,516.8495,7.3470073,5.0,21.0,1.8639339
13,healthy,516.8495,1.0927975,,25.0,0.2836671
14,healthy,516.8495,1.0963907,,41.5,0.29147276
2,healthy,518.9775,6.660781,8.0,37.0,1.3088853
4,healthy,518.9775,15.89109,5.0,15.0,1.7996975
9,healthy,518.9775,7.9207277,15.5,16.0,1.6818357
13,healthy,518.9775,1.3769706,23.0,23.5,0.22961645
14,healthy,518.9775,0.8072692,,50.0,0.22233671
2,healthy,519.802,9.982355,21.5,26.0,1.7115417
4,healthy,519.802,16.602436,7.5,50.0,1.4666057
9,healthy,519.802,6.8247433,45.5,46.5,1.2369097
12,healthy,519.802,6.012432,5.0,47.5,1.4427348
13,healthy,519.802,1.1405027,29.5,29.5,0.25927097
14,healthy,519.802,0.871167,,16.0,0.18197195
4,healthy,521.5035,19.892265,7.0,32.5,2.4584541
13,healthy,521.5035,1.0754117,,18.0,0.24527024
14,healthy,521.5035,0.95191216,,26.0,0.21806633
4,healthy,524.0505,26.57896,27.5,42.5,3.636356
9,healthy,524.0505,6.4517345,6.0,25.0,1.1471068
13,healthy,524.0505,1.0494608,12.0,42.5,0.2282159
14,healthy,524.0505,1.3019667,21.5,21.5,0.27393436
2,healthy,540.5395,11.682966,9.0,39.0,2.1509194
4,healthy,540.5395,13.815657,5.5,18.0,1.8447664
9,healthy,540.5395,4.9787245,21.0,22.0,1.3414341
12,healthy,540.5395,7.4422097,24.5,25.5,1.9542649
13,healthy,540.5395,0.86876106,,45.5,0.22688952
14,healthy,540.5395,0.82381964,,48.0,0.2681714
4,healthy,541.6345,9.335031,50.0,50.0,2.2107701
9,healthy,541.6345,6.143422,16.5,18.5,0.90631783
12,healthy,541.6345,6.2555084,,38.5,1.8426733
13,healthy,541.6345,1.0866219,29.5,30.0,0.21117687
14,healthy,541.6345,1.0783598,42.0,42.0,0.24924992
4,healthy,549.921,9.750265,16.5,17.0,2.7438955
9,healthy,549.921,4.0589404,24.5,34.0,1.047048
12,healthy,549.921,5.275668,27.5,28.5,1.6039956
13,healthy,549.921,1.7577236,31.0,31.5,0.23578225
14,healthy,549.921,0.77150774,,38.5,0.18654019
4,healthy,551.114,20.540123,34.0,34.5,4.4562073
9,healthy,551.114,7.605382,39.0,40.5,1.435771
12,healthy,551.114,8.403194,20.5,21.0,2.6565332
13,healthy,551.114,1.3201461,27.5,37.5,0.23363349
14,healthy,551.114,0.94995314,13.5,26.0,0.2637684
4,healthy,551.918,117.80427,,46.0,30.017664
12,healthy,551.918,6.7871046,37.5,41.5,1.3626064
13,healthy,551.918,1.1739085,,31.0,0.28455958
2,healthy,553.837,13.779242,14.5,16.5,3.3470135
4,healthy,553.837,42.37451,7.0,48.5,2.9533818
9,healthy,553.837,7.3095098,16.5,30.0,1.7692513
12,healthy,553.837,10.143532,5.0,15.0,1.3593473
13,healthy,553.837,0.9585267,,20.5,0.28996474
14,healthy,553.837,0.9687891,,48.0,0.2967953
2,healthy,555.2435,10.895906,5.0,41.0,1.919894
4,healthy,555.2435,22.037415,17.0,17.5,3.7355435
9,healthy,555.2435,6.503808,30.5,30.5,1.570243
14,healthy,555.2435,1.1467549,,25.5,0.29318336
2,healthy,556.044,14.272623,30.0,43.5,2.7132647
9,healthy,556.044,5.2938013,,42.5,1.316702
13,healthy,556.044,1.246314,,28.0,0.2792643
14,healthy,556.044,0.7409506,,36.0,0.23764682
2,healthy,558.788,7.6331463,18.0,23.5,2.0870707
9,healthy,558.788,4.8618155,6.5,15.0,1.1787724
12,healthy,558.788,4.297506,5.0,39.5,1.2398969
13,healthy,558.788,1.2130573,15.5,16.0,0.26172706
14,healthy,558.788,1.0657986,18.0,18.0,0.21902485
2,healthy,561.629,16.696928,23.5,27.0,2.9875138
4,healthy,561.629,15.750483,5.0,38.0,1.6811992
9,healthy,561.629,9.536945,11.5,28.5,1.8312887
12,healthy,561.629,5.703623,32.0,40.0,1.6195296
13,healthy,561.629,0.9324062,34.0,34.5,0.20813835
14,healthy,561.629,1.3581601,,20.0,0.3226635
4,healthy,564.63,13.030786,5.0,15.0,1.1416235
9,healthy,564.63,6.393221,35.0,35.5,1.2241303
12,healthy,564.63,4.1631827,12.0,30.5,1.1765727
13,healthy,564.63,1.2120533,,31.0,0.28460467
14,healthy,564.63,0.90811455,,42.0,0.23618814
2,healthy,571.2625,5.332248,5.5,34.5,0.98813915
4,healthy,571.2625,41.662125,12.0,37.5,2.3845873
9,healthy,571.2625,6.813239,16.0,37.0,1.0111866
13,healthy,571.2625,0.76709956,7.5,50.0,0.19626842
14,healthy,571.2625,1.0926259,,22.5,0.2627489
2,healthy,572.2435,14.421982,5.0,22.5,1.6926819
4,healthy,572.2435,22.397179,12.5,28.5,4.1656537
9,healthy,572.2435,6.830122,9.5,31.0,1.0473193
12,healthy,572.2435,6.6663227,13.5,32.5,1.6431748
13,healthy,572.2435,0.9469061,,32.0,0.30711395
14,healthy,572.2435,0.9893384,12.5,27.5,0.2221426
2,healthy,573.102,7.390736,5.0,15.0,1.4407004
4,healthy,573.102,13.032324,,49.0,3.4851272
9,healthy,573.102,5.6488557,15.0,27.0,1.570809
13,healthy,573.102,1.1150236,41.0,41.0,0.2340755
14,healthy,573.102,1.6759732,18.5,19.5,0.17510585
4,healthy,573.9475,17.809507,5.0,17.0,1.9780985
9,healthy,573.9475,7.2878604,8.5,50.0,2.1904042
13,healthy,573.9475,1.2797357,14.0,28.0,0.24973968
14,healthy,573.9475,1.034661,,37.5,0.29558948
2,healthy,574.7485,5.5041485,15.0,16.0,1.3244923
4,healthy,574.7485,40.090946,,26.0,12.056835
9,healthy,574.7485,5.5040035,5.0,43.0,1.2937198
13,healthy,574.7485,0.89433897,10.5,21.5,0.25314498
14,healthy,574.7485,1.1208497,,34.0,0.30040583
2,healthy,576.327,7.7848296,,29.5,2.0446835
4,healthy,576.327,48.166077,6.5,21.5,1.65477
9,healthy,576.327,7.195714,13.0,18.0,1.2721467
12,healthy,576.327,5.858766,46.5,47.5,1.2187312
13,healthy,576.327,0.8513291,7.0,32.5,0.2371888
14,healthy,576.327,1.5265584,39.0,39.5,0.28641102
9,healthy,577.13,6.3535547,8.0,29.0,1.0726616
12,healthy,577.13,12.427584,19.5,20.0,2.2282233
13,healthy,577.13,0.8559011,,49.5,0.27368176
14,healthy,577.13,1.0895987,5.0,45.0,0.2009487
2,healthy,579.22,11.630732,5.0,19.0,1.204931
4,healthy,579.22,32.81185,5.0,25.5,2.4624708
9,healthy,579.22,8.293079,22.5,50.0,1.2879568
13,healthy,579.22,1.0972872,11.5,20.5,0.20597388
14,healthy,579.22,1.1450725,,33.5,0.2804384
2,healthy,580.022,15.324572,6.5,17.0,3.1369863
4,healthy,580.022,113.835434,6.5,16.0,4.849674
9,healthy,580.022,5.1274214,5.0,33.0,1.3400707
12,healthy,580.022,73.45923,15.0,19.0,3.0558412
13,healthy,580.022,1.0042375,,44.0,0.31149212
14,healthy,580.022,0.9059077,,26.5,0.2868806
2,healthy,580.8585,9.771635,49.5,50.0,2.065093
4,healthy,580.8585,20.73713,15.5,16.0,3.802642
9,healthy,580.8585,5.2987165,9.5,40.0,1.3244317
12,healthy,580.8585,6.559243,6.5,17.0,1.0403225
13,healthy,580.8585,1.3008181,,23.0,0.31230995
14,healthy,580.8585,1.0279915,8.0,16.0,0.21733846
2,healthy,582.716,7.66497,7.5,19.5,1.4050754
4,healthy,582.716,21.871391,7.0,49.0,2.880752
12,healthy,582.716,7.255741,44.5,44.5,1.6529454
13,healthy,582.716,1.101997,,50.0,0.2857474
14,healthy,582.716,1.2031515,46.0,46.0,0.24190877
2,healthy,583.5365,16.843163,16.5,18.0,2.5959427
4,healthy,583.5365,84.266266,39.0,42.5,5.158045
9,healthy,583.5365,7.3554153,42.0,42.5,1.3809717
13,healthy,583.5365,1.1918098,38.5,38.5,0.2749581
14,healthy,583.5365,0.8797529,,28.5,0.23753946
2,healthy,585.2185,8.401279,8.5,26.0,2.6591313
4,healthy,585.2185,14.643351,17.5,18.5,2.3672853
9,healthy,585.2185,4.946604,18.0,39.5,0.98686355
13,healthy,585.2185,0.9254559,,28.5,0.22605418
14,healthy,585.2185,0.9496276,8.0,42.5,0.2083318
4,healthy,594.976,13.539803,16.5,17.0,2.1286542
12,healthy,594.976,7.7610626,5.5,37.5,1.6931077
13,healthy,594.976,1.3288015,28.0,28.5,0.18558545
14,healthy,594.976,1.5496746,19.0,19.0,0.3259714
2,healthy,595.778,19.352654,8.5,28.0,2.130611
12,healthy,595.778,6.3957725,11.0,18.5,1.5046601
13,healthy,595.778,1.2049346,24.0,24.5,0.23206754
14,healthy,595.778,0.939844,,45.5,0.27989468
2,healthy,596.588,7.947974,,25.0,2.2006536
4,healthy,596.588,72.111465,28.5,31.5,13.135326
9,healthy,596.588,7.772782,31.5,32.0,1.711571
12,healthy,596.588,7.563963,5.0,15.0,1.0897837
13,healthy,596.588,0.9356394,5.5,33.5,0.20054303
14,healthy,596.588,0.997915,11.0,31.5,0.18703334
2,healthy,598.5525,9.383433,25.5,47.0,2.049913
4,healthy,598.5525,20.263401,48.5,48.5,4.4651165
12,healthy,598.5525,7.2374907,16.5,17.5,1.1449981
13,healthy,598.5525,0.88082486,5.5,28.5,0.22559988
14,healthy,598.5525,0.9762744,14.5,21.5,0.21348988
2,healthy,599.3535,16.926563,41.0,48.5,3.1041486
4,healthy,599.3535,32.476707,,46.0,10.282408
9,healthy,599.3535,6.499232,31.5,32.0,1.6931292
13,healthy,599.3535,0.9983683,32.0,32.0,0.19062752
14,healthy,599.3535,0.9195925,,25.5,0.28984338
2,healthy,602.1865,13.023291,43.0,44.5,2.2389705
4,healthy,602.1865,42.05036,34.0,44.5,1.7634238
13,healthy,602.1865,1.3803079,12.5,49.0,0.19620933
14,healthy,602.1865,1.1319854,32.0,33.0,0.21003272
2,healthy,603.026,14.822432,17.5,18.5,3.2472365
4,healthy,603.026,8.761578,5.0,48.5,2.3343427
9,healthy,603.026,6.977415,5.0,23.5,1.5521612
12,healthy,603.026,7.711725,5.0,15.0,1.0539384
14,healthy,603.026,0.9760974,10.0,49.0,0.28251892
2,healthy,604.4935,7.3251934,,17.5,2.0340328
4,healthy,604.4935,41.29915,12.5,18.0,3.564301
9,healthy,604.4935,5.51394,5.5,36.0,1.4330816
13,healthy,604.4935,1.5933332,39.5,40.0,0.32218868
14,healthy,604.4935,0.8845825,14.5,23.5,0.1865542
2,healthy,605.313,16.115257,20.5,22.5,1.864652
4,healthy,605.313,45.166313,29.5,30.0,9.947909
12,healthy,605.313,6.6126103,,40.0,2.012924
13,healthy,605.313,0.96770525,,30.0,0.27566522
14,healthy,605.313,0.9239024,,46.0,0.26005113
2,healthy,607.603,12.522278,33.5,40.0,1.5628973
4,healthy,607.603,27.561312,23.5,26.5,3.8883836
9,healthy,607.603,8.888373,20.0,38.5,1.2258861
13,healthy,607.603,1.1019511,39.0,39.5,0.20662163
14,healthy,607.603,1.1556634,,24.0,0.24505374
2,healthy,608.4115,10.594402,6.5,27.5,2.6611254
9,healthy,608.4115,8.321154,9.5,24.5,0.9098712
13,healthy,608.4115,1.3564055,49.0,49.5,0.28755137
14,healthy,608.4115,0.90899867,,35.5,0.24330509
2,healthy,609.4935,7.595335,5.0,28.0,1.4060961
9,healthy,609.4935,6.2911615,9.5,37.5,0.7978451
13,healthy,609.4935,1.2664981,22.5,29.5,0.24756396
14,healthy,609.4935,1.5941556,21.5,22.0,0.23857448
4,healthy,610.7855,20.153725,41.5,42.0,3.1423337
9,healthy,610.7855,8.3229,34.0,35.0,1.1506371
12,healthy,610.7855,5.859408,8.0,19.5,1.7145092
13,healthy,610.7855,0.9660138,6.0,46.5,0.17514509
14,healthy,610.7855,1.0729682,33.0,33.0,0.23631518
2,healthy,611.6305,19.76287,13.5,21.5,2.5733242
4,healthy,611.6305,16.660397,36.5,37.0,3.3229616
9,healthy,611.6305,7.3727646,18.0,37.5,0.9834652
13,healthy,611.6305,1.0759054,,26.5,0.2647499
2,healthy,612.57,10.48615,7.5,28.5,3.1840591
4,healthy,612.57,25.405132,27.0,27.5,3.661411
12,healthy,612.57,8.134523,5.0,17.0,2.0442839
13,healthy,612.57,0.8654481,,19.0,0.26441503
14,healthy,612.57,0.9051573,9.0,28.0,0.17884448
2,healthy,614.5965,10.381822,5.5,20.0,2.6986296
4,healthy,614.5965,19.090302,25.0,25.5,4.399882
9,healthy,614.5965,9.3406925,39.5,40.0,2.4327886
12,healthy,614.5965,8.313043,25.0,27.5,1.2985928
13,healthy,614.5965,1.129907,,33.5,0.27461937
14,healthy,614.5965,1.2393622,27.0,27.0,0.2468701
4,healthy,615.3995,13.882655,5.0,19.5,3.0216124
12,healthy,615.3995,5.377622,13.5,28.0,1.3539953
13,healthy,615.3995,0.84288466,,23.5,0.22717303
14,healthy,615.3995,0.8583574,,47.5,0.28343296
2,healthy,617.2335,11.214697,30.0,31.0,2.5300782
4,healthy,617.2335,12.475479,42.5,42.5,2.8774922
9,healthy,617.2335,5.6319647,21.5,22.0,1.1229004
13,healthy,617.2335,1.0836936,30.0,30.0,0.24341987
14,healthy,617.2335,1.282763,22.0,22.5,0.2258332
4,healthy,628.3965,8.049487,32.5,33.5,1.8273888
9,healthy,628.3965,7.838002,,46.5,2.4016123
12,healthy,628.3965,7.2094145,6.5,36.5,1.6745403
13,healthy,628.3965,1.0729995,,43.5,0.24407035
4,healthy,629.211,47.942474,6.5,41.5,5.060432
9,healthy,629.211,5.017415,7.0,23.5,1.5093913
12,healthy,629.211,6.1917315,12.0,37.0,1.3071549
13,healthy,629.211,0.8923814,,40.0,0.26675814
14,healthy,629.211,0.9301527,,44.5,0.26924613
2,healthy,630.0115,8.8443,,20.0,2.6706336
4,healthy,630.0115,87.29132,43.0,43.0,17.84869
12,healthy,630.0115,5.3525033,38.5,41.5,1.4219831
13,healthy,630.0115,0.94368166,11.5,34.0,0.18178867
14,healthy,630.0115,1.2393177,5.0,34.5,0.21044292
4,healthy,630.927,17.670387,44.0,50.0,1.9407358
9,healthy,630.927,10.895863,,37.5,3.1909962
14,healthy,630.927,1.1517804,37.5,37.5,0.23216447
2,healthy,633.952,6.6454554,22.0,23.5,1.8543131
4,healthy,633.952,58.962296,26.0,27.5,2.238354
12,healthy,633.952,7.7677,8.0,34.5,1.5139648
14,healthy,633.952,1.269963,,26.0,0.28313875
2,healthy,636.4925,6.5269985,26.5,35.0,1.4691112
4,healthy,636.4925,34.890484,25.0,39.0,2.294162
9,healthy,636.4925,5.880477,9.0,16.5,1.179819
12,healthy,636.4925,7.9100575,41.0,50.0,1.4155668
13,healthy,636.4925,0.9147419,,19.0,0.26243106
14,healthy,636.4925,0.9890997,,18.0,0.27676788
4,healthy,639.516,32.820805,10.0,36.0,3.374854
13,healthy,639.516,1.1875854,,32.0,0.2810736
4,healthy,642.304,28.3984,17.0,18.0,2.9766352
9,healthy,642.304,8.358547,19.0,29.0,1.2008464
12,healthy,642.304,7.7625847,18.5,19.0,1.9157845
13,healthy,642.304,1.1681137,48.0,48.5,0.21366923
4,healthy,643.111,18.099663,14.0,20.5,3.139205
9,healthy,643.111,6.8876257,37.0,48.5,1.397649
12,healthy,643.111,5.1588717,12.5,42.5,1.6971449
13,healthy,643.111,1.0239574,,34.5,0.2427554
14,healthy,643.111,1.5074471,29.0,30.0,0.22610313
2,healthy,645.3795,16.895542,5.5,23.5,3.6565118
4,healthy,645.3795,15.573956,6.5,16.5,2.8108728
9,healthy,645.3795,6.677232,,34.5,1.9275025
12,healthy,645.3795,13.000106,5.0,33.0,1.175085
13,healthy,645.3795,1.2626847,25.5,25.5,0.29506207
14,healthy,645.3795,1.3269053,44.0,45.0,0.27679798
4,healthy,646.2955,15.772591,17.0,34.5,2.3829417
12,healthy,646.2955,19.04058,6.0,50.0,3.0112994
13,healthy,646.2955,1.257618,39.5,39.5,0.23251721
14,healthy,646.2955,1.1440923,,45.0,0.36578912
2,healthy,648.412,15.23756,,50.0,4.1139617
4,healthy,648.412,26.623196,30.0,34.5,2.6389565
9,healthy,648.412,8.313278,11.0,30.0,2.1019158
12,healthy,648.412,11.867466,23.0,39.0,2.1832645
13,healthy,648.412,1.1647985,7.0,19.5,0.24200286
14,healthy,648.412,0.7635686,,37.0,0.22143516
2,healthy,649.215,17.032015,,17.0,4.109143
9,healthy,649.215,6.477207,12.0,23.5,1.0582343
12,healthy,649.215,11.666655,34.5,42.0,1.5699762
13,healthy,649.215,1.4063367,25.5,25.5,0.29010373
14,healthy,649.215,1.0044568,,29.5,0.24863726
2,stroke,650.425,8.644654,26.5,27.0,2.2971153
4,stroke,650.425,9.392968,5.0,45.5,2.1292572
9,stroke,650.425,7.4063625,15.0,15.0,2.346713
12,stroke,650.425,5.782085,9.0,37.5,1.4443613
14,stroke,650.425,0.80923355,7.0,27.0,0.21663179
4,stroke,651.2805,10.422314,5.0,17.0,1.6604826
9,stroke,651.2805,6.3722057,35.5,36.0,0.9879716
13,stroke,651.2805,0.9998286,,19.5,0.23508784
14,stroke,651.2805,1.2588656,45.5,46.0,0.2561503
2,stroke,652.9555,11.6377735,6.0,28.0,2.393926
4,stroke,652.9555,9.78319,,20.5,2.563125
9,stroke,652.9555,6.2984796,9.5,15.0,1.0260075
12,stroke,652.9555,9.014199,,27.5,2.8791924
13,stroke,652.9555,1.2127233,,44.5,0.2766216
14,stroke,652.9555,1.5031037,15.5,16.0,0.20765138
2,stroke,653.822,26.933369,7.0,26.0,4.068471
4,stroke,653.822,25.03132,5.0,19.5,1.817346
12,stroke,653.822,32.936375,5.5,23.5,1.6782409
13,stroke,653.822,0.9703299,,44.0,0.27447724
14,stroke,653.822,0.8410009,,47.5,0.25691184
2,stroke,654.676,7.1444426,5.0,27.5,1.6432189
4,stroke,654.676,6.8834662,6.5,36.5,1.8837693
9,stroke,654.676,5.8022985,,17.0,1.5355071
13,stroke,654.676,0.81225634,,33.0,0.19079147
14,stroke,654.676,1.2188301,43.5,43.5,0.23841025
2,stroke,657.08,12.510297,5.0,25.0,2.0202608
4,stroke,657.08,31.126797,8.0,27.5,3.6223147
9,stroke,657.08,6.9386196,,28.5,1.4601803
12,stroke,657.08,9.620433,5.0,46.5,1.0461254
13,stroke,657.08,1.1467159,,49.0,0.3009665
14,stroke,657.08,1.0641464,,26.5,0.26614618
2,stroke,659.2725,6.1428256,8.0,30.0,1.9998362
4,stroke,659.2725,7.475961,5.0,15.0,1.2777672
9,stroke,659.2725,6.745626,21.0,21.5,0.9943475
12,stroke,659.2725,4.813172,8.0,20.5,1.1467618
13,stroke,659.2725,1.2656407,22.5,22.5,0.29327273
14,stroke,659.2725,1.2309785,,43.5,0.3196841
2,stroke,661.6435,22.957819,,25.5,7.4974046
4,stroke,661.6435,12.991078,16.5,26.0,1.5962089
9,stroke,661.6435,9.629691,5.0,22.5,2.8621392
12,stroke,661.6435,18.120058,6.5,21.0,2.542807
13,stroke,661.6435,1.6035783,33.5,34.5,0.23005389
14,stroke,661.6435,0.9321053,,45.0,0.2662426
4,stroke,662.444,44.420166,29.0,29.5,9.873985
9,stroke,662.444,8.806857,5.0,46.5,1.3090802
12,stroke,662.444,7.4258556,7.5,28.0,1.448755
13,stroke,662.444,1.0588126,,21.5,0.26709563
4,stroke,667.0905,22.518702,8.0,21.5,1.1343849
12,stroke,667.0905,5.9091406,,30.5,1.5787475
13,stroke,667.0905,1.102564,5.5,23.5,0.22706401
14,stroke,667.0905,1.0193287,20.5,20.5,0.25102046
2,stroke,670.8645,5.291543,5.0,36.0,1.1725894
4,stroke,670.8645,15.912329,14.0,15.0,1.6664215
9,stroke,670.8645,3.6910796,26.0,50.0,1.0518486
12,stroke,670.8645,8.209761,5.0,36.5,1.8828269
13,stroke,670.8645,0.80375814,,21.5,0.24634057
14,stroke,670.8645,1.0700753,,32.5,0.25773615
4,stroke,671.6775,5.7801805,5.0,26.5,1.6683496
9,stroke,671.6775,10.098709,26.5,36.0,1.1324143
12,stroke,671.6775,5.2218347,20.5,26.0,1.2633805
14,stroke,671.6775,1.2276478,29.5,29.5,0.26916942
2,stroke,672.4795,7.423315,16.0,31.0,0.9584304
4,stroke,672.4795,61.936752,17.5,17.5,12.247072
9,stroke,672.4795,5.6318836,,45.0,1.8482205
12,stroke,672.4795,5.109049,8.5,22.0,1.6632932
13,stroke,672.4795,1.366829,14.5,15.0,0.2982404
14,stroke,672.4795,0.89963883,,47.0,0.21811903
2,stroke,673.59,5.3520966,7.0,50.0,1.1471888
4,stroke,673.59,12.792316,16.0,17.0,2.1985984
9,stroke,673.59,7.2741323,,47.5,2.0970225
12,stroke,673.59,7.5334454,7.5,36.5,1.330255
13,stroke,673.59,1.2204053,42.0,42.5,0.24005139
14,stroke,673.59,0.8411056,,34.5,0.2598182
2,stroke,674.392,4.1915455,5.0,48.0,1.0543736
4,stroke,674.392,15.027241,7.0,17.0,1.390389
9,stroke,674.392,7.926052,30.5,31.0,1.046906
13,stroke,674.392,1.0237772,,17.5,0.2784628
14,stroke,674.392,0.76821434,14.0,16.5,0.18542913
4,stroke,675.1935,67.17351,,32.0,18.536505
12,stroke,675.1935,5.6548934,5.0,33.5,1.2204163
13,stroke,675.1935,1.017441,48.0,48.0,0.22597368
14,stroke,675.1935,0.9918058,11.0,41.0,0.2574556
9,stroke,675.995,6.317235,20.0,20.0,1.3508412
13,stroke,675.995,1.3472404,,39.0,0.30912307
14,stroke,675.995,1.2025833,42.0,42.5,0.22707976
4,stroke,676.859,28.578766,11.0,36.0,3.3770208
9,stroke,676.859,7.1461782,19.0,31.5,1.3895833
12,stroke,676.859,5.561509,9.5,47.0,1.3177059
13,stroke,676.859,1.1412086,48.0,48.0,0.23917867
4,stroke,679.2895,35.14154,7.0,29.0,1.6767879
9,stroke,679.2895,6.9437046,33.0,38.0,1.5818216
12,stroke,679.2895,9.577936,,39.0,2.668366
13,stroke,679.2895,1.0924013,43.5,43.5,0.2179403
14,stroke,679.2895,0.8938558,9.0,22.0,0.20153898
2,stroke,680.0965,8.401891,46.5,46.5,2.3847551
4,stroke,680.0965,177.58487,8.0,50.0,29.638212
12,stroke,680.0965,6.5179725,10.0,15.0,1.2813344
13,stroke,680.0965,1.0974852,,19.0,0.29619008
14,stroke,680.0965,0.90848243,,19.0,0.24885397
4,stroke,680.9105,52.895905,5.0,30.5,13.8366165
9,stroke,680.9105,8.738117,21.0,21.5,1.804224
12,stroke,680.9105,4.7494526,12.5,40.5,1.4045078
13,stroke,680.9105,0.9242623,,26.5,0.23084082
14,stroke,680.9105,0.8013913,,27.5,0.22761399
2,stroke,681.9385,17.674675,9.0,26.0,5.5424147
4,stroke,681.9385,25.980564,5.0,22.0,3.2059124
13,stroke,681.9385,0.9646343,,16.0,0.28584865
14,stroke,681.9385,1.0649112,7.0,47.0,0.25750136
2,stroke,682.7405,11.942549,20.0,21.5,1.7992023
4,stroke,682.7405,147.53226,33.5,37.0,17.152071
12,stroke,682.7405,5.464798,8.0,35.0,1.0113021
13,stroke,682.7405,0.9064088,,41.5,0.28205553
14,stroke,682.7405,0.99588466,,16.5,0.2992643
2,stroke,683.5475,12.896875,27.5,28.0,1.7191963
4,stroke,683.5475,102.76095,,27.5,28.738724
9,stroke,683.5475,7.0158653,,32.0,1.5562319
13,stroke,683.5475,1.0432957,11.5,20.5,0.21276566
14,stroke,683.5475,1.0324911,5.0,39.5,0.25846666
2,stroke,684.355,6.841942,35.5,48.5,1.6731633
4,stroke,684.355,15.708605,5.0,21.5,4.5175376
9,stroke,684.355,6.2628193,17.0,18.5,1.762369
13,stroke,684.355,1.0988626,7.5,44.5,0.23434387
14,stroke,684.355,1.2666538,38.5,48.0,0.2031902
2,stroke,685.1615,10.479185,28.0,48.0,1.594418
4,stroke,685.1615,62.911087,6.5,46.0,13.424715
9,stroke,685.1615,8.369171,10.0,16.5,1.6851125
12,stroke,685.1615,7.924208,5.0,27.0,1.8800057
13,stroke,685.1615,1.3857584,13.5,42.5,0.24426
14,stroke,685.1615,1.0752015,,33.0,0.29067943
2,stroke,685.9625,7.599117,47.5,48.5,2.434276
4,stroke,685.9625,89.75502,22.5,25.0,16.103434
12,stroke,685.9625,6.4974174,19.0,19.5,0.94661087
13,stroke,685.9625,0.8401325,,48.0,0.2538553
14,stroke,685.9625,1.0107967,,37.5,0.2691431
4,stroke,687.5385,57.43579,5.0,50.0,3.7665367
9,stroke,687.5385,9.152522,34.5,35.0,2.1847827
13,stroke,687.5385,0.8510064,5.5,29.0,0.19115968
14,stroke,687.5385,1.0697129,,47.5,0.29253593
2,stroke,688.3425,14.076807,24.5,26.0,2.4237814
9,stroke,688.3425,7.7699904,5.0,23.5,1.4106652
13,stroke,688.3425,0.8848867,,50.0,0.27608404
14,stroke,688.3425,0.9602294,36.5,37.0,0.2018797
2,stroke,689.534,5.293541,11.0,33.5,0.75457203
4,stroke,689.534,9.585639,5.0,37.5,2.6596606
12,stroke,689.534,9.19078,6.5,38.0,1.5828539
13,stroke,689.534,1.1853533,39.5,39.5,0.2348473
4,stroke,690.3415,65.57359,6.5,17.0,9.72091
9,stroke,690.3415,8.306639,,40.5,2.3339765
12,stroke,690.3415,9.907608,5.0,18.0,3.0085685
13,stroke,690.3415,0.99160767,,39.5,0.23039028
14,stroke,690.3415,1.1468984,33.0,33.5,0.18624814
2,stroke,692.577,12.52124,12.0,21.5,1.4993737
4,stroke,692.577,23.493868,24.5,49.5,3.3794763
9,stroke,692.577,7.916277,6.0,49.0,1.3921485
13,stroke,692.577,1.2961931,46.5,47.0,0.25301194
14,stroke,692.577,1.0534441,,48.0,0.26833567
2,stroke,693.434,5.50162,14.5,36.5,1.7584106
4,stroke,693.434,13.344939,,37.5,3.192142
9,stroke,693.434,10.147596,25.5,26.5,1.5489739
12,stroke,693.434,5.8952723,,49.5,1.8995814
13,stroke,693.434,0.8799162,,38.5,0.28147185
14,stroke,693.434,1.0687573,,25.0,0.24105619
2,stroke,699.8995,6.2830033,38.0,38.0,1.9630319
4,stroke,699.8995,26.568092,16.5,24.5,2.3910031
13,stroke,699.8995,1.134392,18.5,18.5,0.22742335
14,stroke,699.8995,0.88983786,,47.5,0.22258753
4,stroke,700.702,48.570587,,47.5,15.018774
9,stroke,700.702,7.970086,,22.5,2.105527
12,stroke,700.702,13.72025,39.5,41.0,2.8313062
13,stroke,700.702,0.946175,,27.5,0.25090992
14,stroke,700.702,1.0555885,37.0,37.5,0.17647532
4,stroke,701.503,64.71144,,37.0,18.304611
9,stroke,701.503,6.996833,5.0,34.5,0.882197
13,stroke,701.503,1.3027978,22.0,30.0,0.23730552
14,stroke,701.503,1.2738596,,22.5,0.2975906
4,stroke,702.501,65.085396,8.0,23.5,2.3873808
9,stroke,702.501,7.657992,13.5,37.0,1.5044901
12,stroke,702.501,6.706405,19.5,20.5,1.4157265
13,stroke,702.501,1.0008242,,50.0,0.22309998
14,stroke,702.501,0.9649149,40.5,41.0,0.19402176
2,stroke,703.302,5.710956,22.5,23.5,1.6873657
4,stroke,703.302,41.284073,7.0,15.0,10.994524
9,stroke,703.302,6.02034,,16.0,1.7395248
12,stroke,703.302,5.765613,41.5,42.0,1.7500327
13,stroke,703.302,1.0414103,,44.0,0.23798561
14,stroke,703.302,1.1590205,27.0,27.5,0.22822946
4,stroke,706.808,17.609629,40.5,47.5,2.7767446
9,stroke,706.808,10.125374,,18.5,3.0616343
12,stroke,706.808,13.089235,34.5,39.5,1.4885815
13,stroke,706.808,1.1623384,8.5,29.5,0.24214697
14,stroke,706.808,1.0573784,12.0,15.0,0.23636712
4,stroke,707.6095,64.47917,16.5,17.5,7.1274805
9,stroke,707.6095,5.9104424,22.5,35.5,1.2532761
12,stroke,707.6095,8.879273,24.0,35.0,1.5970355
13,stroke,707.6095,1.0771852,,34.5,0.2504412
14,stroke,707.6095,1.2778773,42.5,43.0,0.20170185
2,stroke,708.411,8.065674,7.0,47.5,0.92275244
4,stroke,708.411,62.573463,50.0,50.0,14.148474
9,stroke,708.411,5.980781,43.5,44.0,1.4669367
12,stroke,708.411,14.9490595,5.0,17.5,1.4187374
13,stroke,708.411,0.839517,,47.5,0.26125005
14,stroke,708.411,1.2360427,49.0,49.0,0.24083005
4,stroke,709.2135,86.016235,,17.5,23.228046
9,stroke,709.2135,9.322298,,27.5,2.3133798
12,stroke,709.2135,4.4759016,,44.5,1.4313956
13,stroke,709.2135,1.1862491,30.5,31.0,0.2307749
14,stroke,709.2135,0.95581293,,50.0,0.25900316
2,stroke,710.031,4.9722204,7.5,43.5,1.2710152
4,stroke,710.031,83.83385,16.5,45.0,7.713104
9,stroke,710.031,12.714496,15.5,40.0,2.3490708
12,stroke,710.031,6.006717,,25.5,1.9135936
13,stroke,710.031,1.4631252,36.5,37.0,0.25179866
2,stroke,710.8315,8.727659,21.0,29.0,0.8820977
4,stroke,710.8315,48.761524,,25.5,14.259561
9,stroke,710.8315,4.9811954,9.5,40.0,1.4411108
12,stroke,710.8315,8.97694,8.0,15.0,1.6419245
13,stroke,710.8315,0.74978757,5.0,26.0,0.19600546
14,stroke,710.8315,1.1425083,42.5,42.5,0.25151408
4,stroke,712.1865,67.20338,7.5,15.0,1.8726739
12,stroke,712.1865,7.1871996,5.0,15.5,1.834511
13,stroke,712.1865,0.96804005,,44.0,0.2824138
14,stroke,712.1865,0.91394424,47.5,47.5,0.20959543
2,stroke,713.01,6.8793745,5.0,15.0,1.0705706
4,stroke,713.01,42.818275,6.0,16.0,4.578587
12,stroke,713.01,6.105981,41.5,50.0,1.5225347
13,stroke,713.01,1.2925329,,39.0,0.28254414
14,stroke,713.01,0.77546674,,36.0,0.21494704
2,stroke,713.8555,4.0029907,5.0,30.0,0.95455515
4,stroke,713.8555,56.596855,5.0,16.0,2.4112406
12,stroke,713.8555,3.5185013,22.0,39.5,0.9692653
14,stroke,713.8555,1.0329651,25.5,37.5,0.16120645
2,stroke,714.6565,8.355684,22.0,30.0,1.0841333
4,stroke,714.6565,121.40857,20.5,40.0,12.816428
9,stroke,714.6565,7.3058553,,30.0,2.0826383
12,stroke,714.6565,8.044151,26.0,33.0,1.0837218
14,stroke,714.6565,1.0984162,,29.0,0.30604583
4,stroke,715.4575,522.65094,24.0,24.5,89.29146
9,stroke,715.4575,5.035279,16.5,17.5,1.555145
12,stroke,715.4575,6.976597,26.0,26.5,2.0942771
14,stroke,715.4575,1.32452,37.0,37.5,0.24531479
2,stroke,716.259,4.2583237,13.0,34.0,0.8515428
4,stroke,716.259,80.82067,35.0,35.5,14.256125
12,stroke,716.259,7.809558,34.0,48.5,1.9438055
13,stroke,716.259,1.1030152,16.5,17.0,0.29334432
14,stroke,716.259,0.8831435,,39.5,0.25034142
4,stroke,717.077,74.147964,21.0,24.5,10.39639
13,stroke,717.077,0.8874072,,25.0,0.24220888
14,stroke,717.077,0.96331877,28.0,28.5,0.19324063
2,stroke,718.015,90.81752,44.5,48.0,0.9402398
4,stroke,718.015,11.644806,5.0,20.0,2.571971
9,stroke,718.015,17.139471,44.0,45.0,2.1609426
12,stroke,718.015,12.469271,5.0,15.0,1.2642385
13,stroke,718.015,1.3327312,23.0,23.0,0.25931472
14,stroke,718.015,1.3510909,,38.5,0.33317664
2,stroke,718.8165,5.6818266,27.5,28.0,1.7309564
4,stroke,718.8165,80.06895,37.5,38.0,19.613464
9,stroke,718.8165,9.557243,,21.0,2.5239434
12,stroke,718.8165,6.501197,16.5,31.5,1.332035
13,stroke,718.8165,0.93229175,,18.5,0.27605775
14,stroke,718.8165,1.4705229,35.0,35.0,0.29813397
4,stroke,719.618,142.00465,40.5,41.0,22.033886
9,stroke,719.618,14.267767,14.0,15.0,2.124655
12,stroke,719.618,6.1456933,29.5,30.5,1.1891371
13,stroke,719.618,0.89676654,5.5,23.5,0.17212692
14,stroke,719.618,0.88663924,8.0,37.5,0.21394275
2,stroke,721.6225,8.777607,11.0,15.0,1.4366794
4,stroke,721.6225,38.301537,5.0,37.5,1.8766932
9,stroke,721.6225,6.9650044,42.0,42.0,1.449034
13,stroke,721.6225,1.0886003,,39.5,0.2992951
14,stroke,721.6225,0.955298,,37.5,0.22044446
2,stroke,722.4235,12.564752,,47.5,3.444455
4,stroke,722.4235,73.32235,,36.0,21.280647
9,stroke,722.4235,8.302526,,19.5,2.256887
13,stroke,722.4235,0.86639297,,17.5,0.266777
14,stroke,722.4235,0.9712219,,23.5,0.27689248
2,stroke,724.328,8.035117,,17.5,2.6725779
4,stroke,724.328,15.916893,5.0,23.0,1.4265722
9,stroke,724.328,7.1626806,7.0,37.5,1.7602088
12,stroke,724.328,5.675652,,32.5,1.8100299
13,stroke,724.328,1.3110635,30.0,49.0,0.24148315
14,stroke,724.328,1.0716758,22.0,22.0,0.26350626
2,stroke,725.13,16.702435,41.0,42.0,3.0715177
9,stroke,725.13,5.5261316,,20.0,1.3072261
13,stroke,725.13,0.9374434,,16.0,0.29813957
2,stroke,725.931,11.813075,32.5,33.0,2.6459339
9,stroke,725.931,6.8217306,5.5,47.5,0.91636795
12,stroke,725.931,11.072901,7.5,15.0,2.6967382
13,stroke,725.931,1.4161224,46.5,47.0,0.22013262
14,stroke,725.931,1.0905132,,37.0,0.28936172
4,stroke,726.848,34.508804,5.0,49.0,3.0057132
9,stroke,726.848,6.0487356,8.0,40.0,1.2799308
12,stroke,726.848,8.288356,14.5,34.5,1.0674998
13,stroke,726.848,1.000266,12.5,30.0,0.24789304
14,stroke,726.848,1.3531785,7.5,47.5,0.28874323
9,stroke,727.661,12.015049,5.5,17.5,1.913391
13,stroke,727.661,0.9457289,,45.5,0.29206857
14,stroke,727.661,1.1215267,14.5,34.0,0.24560033
2,stroke,728.921,6.2104626,,29.0,1.6087233
4,stroke,728.921,11.174551,5.0,19.0,1.495382
9,stroke,728.921,6.444048,5.0,15.0,1.8011128
12,stroke,728.921,5.4757214,9.5,50.0,1.4909316
13,stroke,728.921,1.2642486,7.5,33.0,0.21417746
14,stroke,728.921,1.0464574,7.0,44.0,0.2405035
2,stroke,729.739,13.439394,40.0,41.5,3.4322162
4,stroke,729.739,44.630817,19.5,19.5,12.25596
9,stroke,729.739,9.392601,38.5,47.0,1.4213198
12,stroke,729.739,5.087699,,43.0,1.6616888
14,stroke,729.739,1.0931832,,20.0,0.27109087
2,stroke,730.8635,8.4313545,,26.5,2.160217
9,stroke,730.8635,10.735136,39.5,50.0,1.4941131
12,stroke,730.8635,6.0585318,11.0,18.5,1.3602756
13,stroke,730.8635,1.0140624,48.0,48.0,0.21340276
14,stroke,730.8635,0.88148403,8.5,43.5,0.23541482
2,stroke,732.1845,9.85833,27.0,33.5,1.3484704
4,stroke,732.1845,13.533948,6.5,21.5,2.4324782
12,stroke,732.1845,4.8831606,23.0,24.0,1.5892974
14,stroke,732.1845,1.0603,19.0,19.5,0.18721804
2,stroke,732.986,16.229908,6.5,46.0,2.6167612
4,stroke,732.986,70.44228,47.5,48.0,16.420355
9,stroke,732.986,6.3922625,5.0,33.5,0.7461807
12,stroke,732.986,12.98028,5.0,18.0,1.6851689
14,stroke,732.986,0.9828449,,49.5,0.25276524
2,stroke,734.048,7.733638,35.0,40.5,1.4878469
4,stroke,734.048,19.949278,5.0,18.0,1.7561857
9,stroke,734.048,6.0280094,43.5,43.5,1.2307192
12,stroke,734.048,6.7818985,38.0,48.5,1.8439978
13,stroke,734.048,1.0073359,,39.5,0.2797567
14,stroke,734.048,0.86623114,,41.5,0.20486875
2,stroke,734.867,9.440445,,50.0,2.6162071
4,stroke,734.867,25.49578,7.0,48.0,2.6618853
9,stroke,734.867,11.127562,31.0,45.0,1.9085311
12,stroke,734.867,7.4315257,49.0,50.0,1.2343682
13,stroke,734.867,1.1089816,23.5,24.0,0.20407988
14,stroke,734.867,0.9429402,7.5,25.5,0.21064074
2,stroke,735.7175,8.868533,6.0,40.0,2.125236
4,stroke,735.7175,17.530207,5.0,26.0,3.4154942
9,stroke,735.7175,8.879742,5.0,15.0,1.8192002
13,stroke,735.7175,1.1334805,47.0,47.0,0.22610137
14,stroke,735.7175,1.0459429,,21.0,0.26553854
2,stroke,737.601,9.541616,24.0,25.5,1.573311
4,stroke,737.601,7.4227505,12.5,43.5,2.0235798
9,stroke,737.601,5.9243135,,23.5,1.2996595
13,stroke,737.601,1.30555,35.0,36.0,0.19325438
14,stroke,737.601,1.2927775,29.5,32.5,0.23846231
2,stroke,740.1145,13.547874,12.0,42.5,4.044043
9,stroke,740.1145,7.403755,20.5,21.0,1.5179076
12,stroke,740.1145,5.6695614,20.5,48.0,1.7418286
13,stroke,740.1145,1.2999585,26.0,26.5,0.21930772
4,stroke,744.8035,12.813353,5.5,20.5,2.4328156
9,stroke,744.8035,3.903702,29.5,44.5,0.8813564
13,stroke,744.8035,1.3217614,35.5,45.5,0.24212459
14,stroke,744.8035,1.1064956,7.5,50.0,0.15253703
2,stroke,746.5065,7.5864377,10.0,20.5,2.0800946
4,stroke,746.5065,10.104731,12.5,37.0,1.8521334
9,stroke,746.5065,5.906808,21.0,21.0,1.4341195
12,stroke,746.5065,5.1148796,5.0,35.0,1.4127204
13,stroke,746.5065,1.3276448,24.0,25.0,0.23327777
14,stroke,746.5065,0.93277705,,31.0,0.25006047
2,stroke,749.372,13.029015,7.0,29.0,2.49161
4,stroke,749.372,58.73755,17.0,18.5,3.3021853
9,stroke,749.372,9.520815,15.0,15.0,1.9139955
12,stroke,749.372,9.489378,21.0,28.0,1.7227088
13,stroke,749.372,1.0528504,,27.5,0.22539967
14,stroke,749.372,1.4163378,15.5,15.5,0.29195726
2,stroke,755.272,4.4420185,,15.0,1.3572265
4,stroke,755.272,7.7713337,5.0,15.0,1.4249479
9,stroke,755.272,8.54781,8.5,28.5,1.7164576
12,stroke,755.272,12.365509,6.0,39.0,1.4133846
13,stroke,755.272,1.1183981,41.0,41.5,0.21677053
14,stroke,755.272,1.1664159,,37.0,0.30775368
2,stroke,756.074,10.333145,5.0,37.5,2.372811
4,stroke,756.074,116.27716,,24.5,28.182869
9,stroke,756.074,8.567282,34.5,35.5,1.7287737
12,stroke,756.074,15.974719,16.0,50.0,1.7631278
13,stroke,756.074,0.8652685,20.5,20.5,0.24173185
14,stroke,756.074,0.9254223,,47.0,0.22462036
2,stroke,756.8785,13.813303,,16.0,4.4076657
4,stroke,756.8785,47.421635,8.0,49.0,12.725527
9,stroke,756.8785,5.010521,5.0,41.5,1.3492883
13,stroke,756.8785,0.9867759,8.5,20.5,0.18212098
14,stroke,756.8785,1.1737356,,29.5,0.28774157
2,stroke,757.6875,5.493222,9.0,17.0,0.9315747
4,stroke,757.6875,45.845917,17.5,17.5,9.524927
9,stroke,757.6875,4.873674,,26.0,1.5551076
12,stroke,757.6875,6.312686,18.5,19.5,1.2516079
14,stroke,757.6875,1.1037197,41.0,41.0,0.22053449
2,stroke,758.5445,6.684651,15.0,15.0,2.0685244
4,stroke,758.5445,15.329111,6.0,34.5,4.5527606
9,stroke,758.5445,6.577896,44.5,45.0,1.4394087
12,stroke,758.5445,7.2113624,12.0,23.0,1.8661495
13,stroke,758.5445,1.259127,25.0,43.0,0.2070395
14,stroke,758.5445,0.88561994,,19.0,0.26293343
2,stroke,762.2135,5.788676,5.0,27.0,1.7626752
4,stroke,762.2135,31.858704,14.5,18.0,3.448916
9,stroke,762.2135,6.951419,36.5,45.0,1.4036648
12,stroke,762.2135,7.687187,25.5,35.5,1.586239
13,stroke,762.2135,0.8252547,,20.5,0.23915341
14,stroke,762.2135,1.2647319,41.5,42.0,0.22660534
2,stroke,763.0195,7.054711,15.0,16.0,2.1837654
13,stroke,763.0195,1.3466971,27.0,27.0,0.29114753
14,stroke,763.0195,0.7984962,20.5,20.5,0.19950499
2,stroke,764.8545,9.517314,27.5,28.5,2.575764
4,stroke,764.8545,53.975666,5.0,15.5,3.608116
12,stroke,764.8545,15.215029,49.0,50.0,4.369305
13,stroke,764.8545,1.4283552,30.0,42.5,0.25183734
14,stroke,764.8545,0.89830315,10.5,27.5,0.26298493
2,stroke,765.655,7.553754,,43.0,2.1276853
13,stroke,765.655,1.2531672,,43.0,0.33750898
14,stroke,765.655,0.8854838,,50.0,0.25616
4,stroke,772.512,9.1786995,5.0,15.0,1.5861678
9,stroke,772.512,9.072773,19.0,19.0,1.7144536
13,stroke,772.512,0.92060107,,36.0,0.2719644
14,stroke,772.512,1.2435925,,25.5,0.40186036
4,stroke,773.9205,16.405504,10.0,18.5,1.6873456
12,stroke,773.9205,7.3640347,32.0,45.5,1.1403162
14,stroke,773.9205,0.9477258,9.0,42.5,0.1842344
4,stroke,778.1835,24.54409,19.5,50.0,3.4564354
9,stroke,778.1835,8.83127,,23.0,2.6011395
12,stroke,778.1835,7.974229,14.0,15.0,1.9360037
13,stroke,778.1835,1.1671648,,21.0,0.28942925
14,stroke,778.1835,1.0696579,22.5,23.0,0.2038147
2,stroke,780.6555,8.340914,21.5,46.5,1.5646796
4,stroke,780.6555,9.302316,5.0,38.5,2.6007335
9,stroke,780.6555,4.795007,18.0,25.5,1.2195054
12,stroke,780.6555,11.456584,41.5,42.5,2.431062
13,stroke,780.6555,1.225109,23.5,23.5,0.2455434
14,stroke,780.6555,1.0920514,46.0,46.5,0.18734783
2,stroke,785.9425,5.93755,16.5,18.0,1.1050508
4,stroke,785.9425,123.39238,8.0,40.0,3.6917322
9,stroke,785.9425,6.170842,6.0,26.5,1.3384457
12,stroke,785.9425,8.814171,26.0,36.5,1.2988961
13,stroke,785.9425,1.0915549,37.5,38.5,0.2270958
14,stroke,785.9425,1.2637385,23.5,24.0,0.20767692
2,stroke,787.755,6.0271873,5.5,35.0,1.5552435
9,stroke,787.755,10.272278,6.5,46.5,1.170817
13,stroke,787.755,1.1655966,11.0,26.0,0.2266557
14,stroke,787.755,1.2804563,24.0,24.5,0.23211902
2,stroke,795.7355,7.305931,13.0,45.0,2.1782067
4,stroke,795.7355,13.923649,31.0,31.5,3.2087128
9,stroke,795.7355,10.777349,20.0,21.0,2.6469326
12,stroke,795.7355,12.6825905,5.0,18.0,1.2517197
13,stroke,795.7355,0.9406388,,43.0,0.24915414
14,stroke,795.7355,1.2249632,,22.0,0.33451036
2,stroke,796.5365,12.04356,5.0,44.5,2.744929
4,stroke,796.5365,64.92467,31.5,32.0,12.079545
9,stroke,796.5365,5.3698215,5.0,17.0,1.0435973
12,stroke,796.5365,11.501174,5.0,17.5,1.7755632
13,stroke,796.5365,1.2183329,17.5,18.0,0.1884599
14,stroke,796.5365,0.91772604,5.0,42.5,0.20027772
2,stroke,797.3575,6.834174,7.5,50.0,0.86403114
4,stroke,797.3575,25.177803,6.5,50.0,7.0397677
13,stroke,797.3575,1.0394682,,15.0,0.273742
14,stroke,797.3575,0.8879677,,44.5,0.27707383
2,stroke,798.2665,8.603024,42.5,43.5,2.6489663
4,stroke,798.2665,39.617348,7.0,31.5,2.8040373
9,stroke,798.2665,6.2922564,,44.0,1.8830153
12,stroke,798.2665,8.939619,32.5,49.5,1.6521542
13,stroke,798.2665,1.5886439,38.0,38.5,0.29983464
14,stroke,798.2665,1.0316892,,38.5,0.27054557
4,stroke,799.1265,20.032024,5.0,20.5,4.710178
9,stroke,799.1265,10.681534,20.0,21.0,2.6935608
13,stroke,799.1265,1.1636671,44.5,45.0,0.21391891
14,stroke,799.1265,1.4692712,23.0,23.5,0.19906382
2,stroke,800.55,7.396668,16.5,19.5,1.7280397
4,stroke,800.55,28.98537,6.0,49.0,2.0985148
9,stroke,800.55,6.4991965,44.5,45.0,1.5479287
12,stroke,800.55,7.3366523,14.5,21.0,1.6813773
13,stroke,800.55,1.5787252,19.0,19.0,0.28951564
9,stroke,801.3505,9.035635,26.0,36.0,1.7760354
13,stroke,801.3505,1.0943451,10.0,48.0,0.2651361
14,stroke,801.3505,0.8436988,11.0,16.5,0.2585221
2,stroke,803.1685,12.186347,47.5,49.5,2.8584046
4,stroke,803.1685,29.726044,5.5,28.0,1.7172134
12,stroke,803.1685,11.520283,14.5,36.5,1.49895
13,stroke,803.1685,1.6928959,38.0,38.5,0.25773576
14,stroke,803.1685,0.94419116,,20.5,0.24178194
2,stroke,810.933,8.478954,15.5,20.5,1.6509216
4,stroke,810.933,12.65337,5.0,42.5,1.2507457
12,stroke,810.933,5.8355865,18.0,19.0,1.84432
13,stroke,810.933,1.3901141,21.0,22.0,0.21038948
4,stroke,811.998,21.267572,26.5,27.5,3.1691377
9,stroke,811.998,8.587311,21.0,50.0,1.5739902
12,stroke,811.998,6.515987,19.5,26.5,2.1311433
13,stroke,811.998,1.160286,26.0,26.5,0.21371026
14,stroke,811.998,0.7843863,,24.0,0.20203641
2,stroke,812.7985,9.215286,33.0,34.0,2.4947762
4,stroke,812.7985,51.55674,,47.5,16.441637
9,stroke,812.7985,8.866585,44.5,45.5,2.0027204
12,stroke,812.7985,6.710442,5.0,35.0,1.5597968
13,stroke,812.7985,1.2223475,,18.0,0.26345557
14,stroke,812.7985,0.8703855,,15.0,0.2837504
2,stroke,813.6335,6.910695,6.5,45.5,1.8380926
4,stroke,813.6335,43.519936,8.0,37.0,1.9322568
9,stroke,813.6335,5.5159307,8.5,34.5,1.5670855
12,stroke,813.6335,6.8150744,33.0,33.5,1.3795112
13,stroke,813.6335,1.3778459,12.5,26.5,0.193282
14,stroke,813.6335,1.04757,26.0,26.5,0.20594269
2,stroke,814.4625,11.68258,5.0,37.5,2.0619135
4,stroke,814.4625,11.961235,5.0,27.0,1.3760868
9,stroke,814.4625,8.244977,,46.0,1.7833314
12,stroke,814.4625,8.394475,32.5,42.0,1.2883656
13,stroke,814.4625,1.2206707,,38.0,0.29190484
14,stroke,814.4625,0.7747468,12.0,19.0,0.19520445
2,stroke,815.3885,8.912442,,15.0,2.9093063
4,stroke,815.3885,32.132595,13.5,26.5,1.8799357
9,stroke,815.3885,9.80319,16.5,18.0,1.8052789
13,stroke,815.3885,0.64980876,7.5,44.0,0.20774868
14,stroke,815.3885,1.2684133,15.5,16.0,0.19660296
2,stroke,816.189,16.264053,,47.5,5.4207096
12,stroke,816.189,8.85812,22.0,22.0,1.7459457
13,stroke,816.189,1.3270521,45.5,45.5,0.2741285
14,stroke,816.189,0.9262192,12.5,24.0,0.2488059
2,stroke,816.9895,8.874388,21.5,32.5,2.4407613
4,stroke,816.9895,43.73871,7.5,21.0,10.893574
12,stroke,816.9895,17.886795,38.0,39.5,3.3186684
13,stroke,816.9895,1.2406621,,34.0,0.29250273
14,stroke,816.9895,0.9090416,,42.5,0.29343042
4,stroke,817.7905,197.193,15.5,19.0,13.27242
9,stroke,817.7905,93.02094,38.5,38.5,19.435379
13,stroke,817.7905,1.2029713,10.5,40.0,0.22267707
14,stroke,817.7905,1.2101247,,31.0,0.273356
2,stroke,818.6225,13.817122,5.0,27.5,2.7717655
4,stroke,818.6225,32.11412,5.0,25.5,1.8236022
9,stroke,818.6225,106.46594,34.5,37.5,14.046471
14,stroke,818.6225,0.81512177,,32.5,0.23688594
2,stroke,819.456,9.242498,11.5,15.0,3.0625422
4,stroke,819.456,21.870491,,34.5,6.5885043
13,stroke,819.456,0.985687,,24.5,0.29282972
14,stroke,819.456,0.9561857,5.5,16.0,0.23694494
2,stroke,820.353,15.996511,7.0,24.5,3.1794398
4,stroke,820.353,27.15962,,27.0,5.843786
9,stroke,820.353,22.998749,6.5,23.5,3.4925032
12,stroke,820.353,7.7114124,5.0,25.5,1.5471054
14,stroke,820.353,0.8445693,,37.5,0.27741855
2,stroke,822.2565,14.80121,,39.5,4.1738706
4,stroke,822.2565,43.53222,5.5,34.0,2.5047421
9,stroke,822.2565,87.83224,19.0,22.5,6.766882
12,stroke,822.2565,11.385601,8.5,50.0,1.7345227
13,stroke,822.2565,1.2431709,35.5,35.5,0.24831195
14,stroke,822.2565,1.1866508,,23.5,0.38991055
2,stroke,823.0725,22.107994,48.0,48.5,5.2803044
4,stroke,823.0725,46.063663,40.5,41.5,5.743058
9,stroke,823.0725,91.520004,49.0,49.5,13.344849
12,stroke,823.0725,10.059133,26.5,45.0,1.619316
13,stroke,823.0725,1.159442,,26.5,0.29178765
14,stroke,823.0725,0.8114017,,49.5,0.22845013
2,stroke,823.901,14.37431,6.5,39.5,2.5946653
4,stroke,823.901,27.522272,6.0,49.0,2.6087928
9,stroke,823.901,20.811779,5.0,29.0,4.689879
12,stroke,823.901,6.027805,12.0,17.5,1.5150928
13,stroke,823.901,0.81448746,,44.5,0.24510577
14,stroke,823.901,0.9048308,40.0,40.0,0.21917588
2,stroke,825.294,20.704365,20.0,21.5,3.38029
4,stroke,825.294,27.507019,10.5,32.0,1.8062012
9,stroke,825.294,31.921112,11.0,29.0,4.5322976
12,stroke,825.294,4.4748,8.5,49.0,1.2611082
13,stroke,825.294,1.4493303,47.0,47.0,0.31289977
14,stroke,825.294,1.0105261,11.5,16.0,0.2118689
2,stroke,826.3595,13.552132,,36.0,3.7380226
4,stroke,826.3595,53.98678,7.5,29.5,2.2046266
9,stroke,826.3595,88.91502,14.5,15.5,5.0531974
12,stroke,826.3595,5.4526353,15.5,44.0,1.7025454
13,stroke,826.3595,1.3107307,27.5,27.5,0.25887442
14,stroke,826.3595,0.996714,,47.5,0.2778574
2,stroke,827.162,22.607664,34.5,36.0,5.881171
4,stroke,827.162,113.45909,33.5,36.0,20.764471
12,stroke,827.162,6.271368,17.0,24.0,1.2696546
13,stroke,827.162,0.9214009,28.0,28.0,0.19070916
14,stroke,827.162,1.1300862,,45.5,0.28272834
4,stroke,827.992,40.848854,39.0,42.0,5.461528
9,stroke,827.992,88.73534,14.5,18.5,4.194668
12,stroke,827.992,4.7858515,6.0,45.5,1.2405878
13,stroke,827.992,1.1817129,,43.5,0.30858612
14,stroke,827.992,1.3451596,23.5,42.5,0.1864436
4,stroke,828.8015,56.59199,26.0,26.5,11.14705
9,stroke,828.8015,90.05144,16.5,18.0,5.938339
12,stroke,828.8015,7.5957375,5.0,50.0,1.4153754
13,stroke,828.8015,1.1374953,19.0,19.0,0.22625294
4,stroke,829.621,63.646286,7.0,37.5,7.135845
9,stroke,829.621,92.48808,39.5,43.0,6.221538
12,stroke,829.621,10.132464,5.0,46.0,2.683407
14,stroke,829.621,0.9907182,,35.5,0.25031403
2,stroke,830.4215,17.1707,40.0,40.5,3.736973
4,stroke,830.4215,63.219456,14.5,48.0,5.8181643
9,stroke,830.4215,21.896912,10.5,31.0,3.4612634
12,stroke,830.4215,7.296236,48.0,48.5,1.3592702
13,stroke,830.4215,0.9499786,,45.5,0.22914031
14,stroke,830.4215,1.4786061,31.5,31.5,0.30034646
2,stroke,831.229,20.192488,,50.0,6.08075
4,stroke,831.229,73.80638,33.0,33.0,17.399996
12,stroke,831.229,6.8511796,34.0,35.0,1.5732702
13,stroke,831.229,1.2559285,49.5,50.0,0.24818018
14,stroke,831.229,1.4361196,24.5,29.5,0.22176161
2,stroke,832.03,16.552967,,43.0,4.6144376
4,stroke,832.03,135.073,26.5,27.0,15.095498
9,stroke,832.03,96.604065,39.5,43.5,6.3798656
12,stroke,832.03,7.9897327,29.5,39.0,1.3679961
13,stroke,832.03,0.85417795,,36.0,0.25408253
14,stroke,832.03,1.25298,31.5,32.0,0.26804557
2,stroke,832.839,11.957632,8.0,32.0,3.0041285
9,stroke,832.839,89.74013,32.0,36.0,6.105864
13,stroke,832.839,0.90093195,,23.5,0.2451531
14,stroke,832.839,1.1583195,36.0,36.5,0.23428088
2,stroke,833.6445,18.493713,11.5,27.0,3.3472428
4,stroke,833.6445,23.311724,20.5,37.5,4.276447
9,stroke,833.6445,26.370565,7.5,24.5,4.3094444
12,stroke,833.6445,6.3732944,9.5,50.0,1.1415275
13,stroke,833.6445,1.2248895,37.0,37.5,0.24204962
14,stroke,833.6445,0.95781195,,38.5,0.2814975
13,stroke,834.4455,1.0382872,,29.0,0.26360968
14,stroke,834.4455,1.0810108,15.0,15.0,0.23748879
2,stroke,835.2465,13.299458,31.0,32.0,2.810937
4,stroke,835.2465,17.313417,22.5,27.5,3.1237593
12,stroke,835.2465,8.050751,21.0,42.0,1.0933778
13,stroke,835.2465,1.048887,37.5,37.5,0.25361073
14,stroke,835.2465,1.0331085,26.5,26.5,0.2389835
2,stroke,836.051,29.402174,38.0,47.0,3.824766
4,stroke,836.051,41.203987,23.5,24.0,7.1950746
13,stroke,836.051,0.8893538,,26.5,0.2777351
14,stroke,836.051,0.97448814,,23.0,0.2182911
2,stroke,836.863,38.97918,11.5,29.5,2.9264297
9,stroke,836.863,33.255863,5.0,15.0,2.2904801
12,stroke,836.863,6.0958757,,20.5,1.814826
13,stroke,836.863,1.1803539,,22.5,0.35069177
14,stroke,836.863,1.0471777,,30.5,0.3074229
2,stroke,837.665,37.01267,5.0,19.5,5.2770243
4,stroke,837.665,207.64609,6.0,18.5,14.760389
9,stroke,837.665,93.61166,14.0,18.0,3.3908381
12,stroke,837.665,6.6720037,36.5,37.0,1.5942961
13,stroke,837.665,1.4512765,28.0,28.0,0.33152148
14,stroke,837.665,1.4275255,49.5,49.5,0.27870822
2,stroke,838.468,24.47953,,44.0,7.0026884
4,stroke,838.468,56.647194,12.5,30.0,13.45304
12,stroke,838.468,8.089626,43.0,48.5,1.983849
13,stroke,838.468,0.9842457,13.0,23.0,0.19987106
14,stroke,838.468,1.1096117,14.0,15.0,0.19706884
2,stroke,839.2725,14.340406,,18.0,2.9031477
12,stroke,839.2725,4.4431047,10.5,30.5,1.270337
13,stroke,839.2725,1.2545722,5.5,32.0,0.22904608
14,stroke,839.2725,0.927695,,19.0,0.2508297
2,stroke,840.1005,16.628952,40.0,42.5,3.261103
4,stroke,840.1005,25.382595,5.0,41.0,1.7929494
12,stroke,840.1005,6.304346,,48.0,1.5975395
13,stroke,840.1005,0.85393625,,36.0,0.26756045
14,stroke,840.1005,1.0529597,,40.0,0.33229193
2,stroke,840.911,39.68249,28.0,50.0,6.9589868
4,stroke,840.911,46.762203,43.5,44.5,5.799734
9,stroke,840.911,98.39963,30.0,34.0,4.262548
12,stroke,840.911,8.778781,46.0,47.5,1.4635139
13,stroke,840.911,1.268501,45.5,46.0,0.22190554
14,stroke,840.911,1.3845497,21.0,22.0,0.17403762
2,stroke,841.712,44.530834,23.5,27.0,5.5080757
4,stroke,841.712,76.727936,5.0,15.0,4.094367
9,stroke,841.712,34.406075,5.5,23.0,3.654993
13,stroke,841.712,1.1402886,,35.5,0.28436217
14,stroke,841.712,0.9825165,,49.5,0.28913802
2,stroke,842.5335,24.39611,,16.5,7.9962306
4,stroke,842.5335,20.660843,,32.5,6.0529118
9,stroke,842.5335,23.206654,9.0,26.5,2.4190605
12,stroke,842.5335,6.850208,40.5,43.0,1.1206745
13,stroke,842.5335,1.1002245,21.5,29.5,0.23157546
14,stroke,842.5335,0.9505682,28.0,28.5,0.20158605
2,stroke,843.894,21.35705,49.5,49.5,6.286855
4,stroke,843.894,25.839561,9.0,44.0,2.770115
9,stroke,843.894,94.0444,35.0,39.0,4.179692
12,stroke,843.894,6.8625774,7.0,38.0,1.2595057
13,stroke,843.894,0.89602757,49.0,49.5,0.19644174
14,stroke,843.894,0.99520683,,42.0,0.27091637
2,stroke,845.464,24.237728,33.0,35.5,2.6461163
4,stroke,845.464,26.63821,6.5,15.0,2.0521677
12,stroke,845.464,5.4289083,39.0,39.0,1.1819571
13,stroke,845.464,1.0540078,,17.0,0.27882272
14,stroke,845.464,0.9897988,25.5,26.0,0.21184255
2,stroke,846.8365,22.678768,43.5,44.0,3.6742797
4,stroke,846.8365,11.354387,5.0,18.5,2.305498
13,stroke,846.8365,1.1894274,,30.5,0.27682248
14,stroke,846.8365,0.7741532,,42.5,0.23847167
2,stroke,847.6455,15.686451,7.5,42.5,3.388507
4,stroke,847.6455,46.481262,36.0,36.5,7.236075
13,stroke,847.6455,1.1771225,13.0,16.5,0.28107572
14,stroke,847.6455,1.4156905,21.5,22.0,0.2748199
2,stroke,848.954,31.215601,9.5,33.5,3.339545
4,stroke,848.954,54.39029,6.5,47.0,3.5409017
12,stroke,848.954,5.1421404,20.5,21.0,1.1544187
13,stroke,848.954,0.8480598,,30.5,0.23838077
14,stroke,848.954,0.8900076,,32.0,0.22148392
2,stroke,849.756,53.773087,22.0,24.5,6.6160026
12,stroke,849.756,12.633587,14.5,47.0,1.2625803
14,stroke,849.756,1.0458174,14.0,15.0,0.26731873
2,stroke,850.5575,12.75196,19.5,21.0,3.2495193
4,stroke,850.5575,102.55165,21.0,24.5,10.845312
9,stroke,850.5575,95.44499,44.5,48.5,2.6172988
12,stroke,850.5575,7.991334,,32.5,2.3193254
13,stroke,850.5575,1.1406853,,34.5,0.27815738
14,stroke,850.5575,1.1847215,,20.5,0.34018242
2,stroke,851.41,17.107641,6.5,38.5,3.8372889
4,stroke,851.41,8.5852995,7.0,22.5,2.419106
13,stroke,851.41,1.1868525,31.0,31.5,0.21501061
14,stroke,851.41,1.1180446,15.0,15.5,0.24947418
2,stroke,852.219,25.130573,5.5,42.5,6.9635987
4,stroke,852.219,134.88832,14.5,22.0,16.065317
9,stroke,852.219,99.28154,7.0,44.0,1.8438475
12,stroke,852.219,6.722046,33.0,44.0,1.2911888
13,stroke,852.219,0.9628944,,18.5,0.31484717
2,stroke,853.0865,26.503231,11.5,15.0,3.6445656
4,stroke,853.0865,16.963593,17.0,17.5,3.099549
12,stroke,853.0865,7.1917286,25.5,27.0,1.1281708
13,stroke,853.0865,1.1382282,,48.0,0.26878825
14,stroke,853.0865,0.9688714,,36.0,0.21305408
2,stroke,853.8885,30.825203,35.0,35.5,5.0284314
4,stroke,853.8885,220.35872,31.0,31.5,23.901299
12,stroke,853.8885,4.9953246,,24.5,1.6547517
13,stroke,853.8885,1.0979125,,23.5,0.3216901
14,stroke,853.8885,1.0063527,,40.5,0.3170411
4,stroke,854.6895,39.70302,17.0,35.0,5.1469374
12,stroke,854.6895,9.475302,5.0,15.0,1.156245
13,stroke,854.6895,1.2704525,13.5,25.0,0.117942505
14,stroke,854.6895,0.9910742,,48.5,0.31540316
2,stroke,855.496,56.13418,32.5,41.0,4.232072
4,stroke,855.496,146.03854,23.5,27.0,12.756078
12,stroke,855.496,6.581973,5.0,19.0,1.2157161
13,stroke,855.496,1.2248863,,25.0,0.30034783
14,stroke,855.496,1.22874,15.0,15.5,0.20303026
2,stroke,856.303,22.82527,,43.0,6.3139515
4,stroke,856.303,20.319824,,34.5,5.286993
12,stroke,856.303,11.1018715,5.0,16.0,1.1336886
13,stroke,856.303,0.7837243,7.0,16.0,0.23496613
14,stroke,856.303,1.1488073,32.5,33.0,0.22061633
2,stroke,857.1415,21.41544,16.0,16.5,5.7519608
4,stroke,857.1415,19.619528,,40.5,6.4856644
12,stroke,857.1415,9.569142,12.0,17.0,1.2120639
13,stroke,857.1415,1.1362312,6.0,29.0,0.1830983
14,stroke,857.1415,0.92390686,,31.0,0.25046936
2,stroke,857.951,23.54027,5.5,31.0,4.1828012
4,stroke,857.951,63.966263,43.5,43.5,12.275255
12,stroke,857.951,6.982266,40.5,47.0,1.5385666
14,stroke,857.951,1.1467831,,35.0,0.27957797
2,stroke,858.7615,25.927988,41.0,41.0,7.3972135
4,stroke,858.7615,76.92225,13.0,15.5,20.51479
9,stroke,858.7615,103.51479,23.0,40.5,2.5565803
12,stroke,858.7615,8.706179,30.0,36.5,1.562627
13,stroke,858.7615,1.2903595,6.0,35.5,0.22494733
14,stroke,858.7615,0.8290195,,37.5,0.26094893
2,stroke,859.838,19.895084,25.5,26.0,4.6970215
4,stroke,859.838,18.026157,49.0,49.5,3.7729113
9,stroke,859.838,8.118998,9.0,49.5,1.7997193
12,stroke,859.838,7.2228894,5.0,42.5,0.9158831
13,stroke,859.838,1.5455451,29.0,38.5,0.30215025
14,stroke,859.838,0.84882164,,15.5,0.20430186
2,stroke,860.647,70.49312,27.0,30.5,9.565833
4,stroke,860.647,105.30104,5.0,25.5,22.055702
12,stroke,860.647,4.9572916,11.0,19.0,0.9975465
13,stroke,860.647,1.2715517,20.5,21.0,0.23587306
14,stroke,860.647,0.9653498,,41.5,0.23117772
2,stroke,861.6545,24.219692,41.0,41.5,4.5675354
4,stroke,861.6545,14.192881,18.0,19.5,2.5903602
9,stroke,861.6545,9.457448,38.5,39.5,1.2164893
12,stroke,861.6545,7.350057,11.0,28.5,1.73189
13,stroke,861.6545,0.9314568,,29.5,0.23205775
14,stroke,861.6545,0.7323284,,15.0,0.20699218
4,stroke,862.4845,24.031458,49.0,49.5,4.722339
9,stroke,862.4845,9.752638,38.5,39.0,2.4434118
12,stroke,862.4845,6.7560754,5.0,22.5,1.6874104
13,stroke,862.4845,1.1252618,27.0,27.5,0.19581674
14,stroke,862.4845,1.046195,38.0,38.5,0.26727113
2,stroke,863.4695,20.625349,26.5,27.0,3.2760663
4,stroke,863.4695,20.86724,14.0,19.5,3.9324644
9,stroke,863.4695,10.073906,,49.0,2.194442
12,stroke,863.4695,8.0878315,7.5,48.0,1.6815456
13,stroke,863.4695,0.80069876,,32.0,0.22880739
14,stroke,863.4695,1.3486406,15.5,16.5,0.23114164
2,stroke,864.431,17.09088,7.0,24.0,5.0852885
4,stroke,864.431,6.7871523,5.0,23.0,1.653324
9,stroke,864.431,16.721514,7.5,40.0,1.5607684
12,stroke,864.431,5.080329,8.0,48.0,1.3210273
13,stroke,864.431,0.84792507,,49.5,0.28084955
14,stroke,864.431,1.417583,43.5,44.5,0.24697079
2,stroke,865.311,20.056498,31.0,31.5,4.5175195
4,stroke,865.311,22.341185,28.0,29.0,3.0532765
9,stroke,865.311,6.7931685,31.5,49.0,1.5595485
12,stroke,865.311,8.112469,17.5,41.0,1.071542
13,stroke,865.311,0.92042375,,31.5,0.27028346
14,stroke,865.311,1.2040094,37.0,37.5,0.24782012
2,stroke,866.247,39.839737,38.0,38.5,8.108691
4,stroke,866.247,12.949262,49.0,49.5,2.411519
9,stroke,866.247,8.353794,47.5,47.5,2.2193558
12,stroke,866.247,7.7450733,43.5,48.0,1.2569433
13,stroke,866.247,1.0402498,,37.0,0.28987306
14,stroke,866.247,0.8779569,,38.0,0.2814447
2,stroke,868.337,28.627794,22.0,23.0,5.6540933
4,stroke,868.337,8.723806,43.0,44.0,1.9051036
9,stroke,868.337,9.758228,19.0,19.0,2.2153466
12,stroke,868.337,8.216405,21.0,22.0,1.2898873
13,stroke,868.337,1.2290232,30.5,30.5,0.24040008
14,stroke,868.337,0.9998003,,22.5,0.25356156
2,stroke,870.4575,36.296467,10.0,17.5,6.1096244
9,stroke,870.4575,7.9876447,6.0,27.5,1.5251486
12,stroke,870.4575,6.5827794,,37.0,2.1392546
13,stroke,870.4575,1.1608356,,38.5,0.27089134
14,stroke,870.4575,1.0326259,,16.0,0.2750824
4,stroke,871.2845,10.999435,,34.5,2.7707183
9,stroke,871.2845,10.239582,14.5,15.5,2.4264045
12,stroke,871.2845,4.238638,39.0,39.0,1.0416632
13,stroke,871.2845,1.0318689,11.0,44.0,0.29738623
14,stroke,871.2845,1.0475318,14.5,15.0,0.24447168
2,stroke,872.48,31.567215,7.0,48.0,4.0465255
4,stroke,872.48,88.235565,10.5,15.0,2.006898
9,stroke,872.48,19.900925,5.0,20.0,1.9828833
12,stroke,872.48,11.718229,5.0,25.0,1.2599927
13,stroke,872.48,1.3727956,27.0,29.0,0.21563973
14,stroke,872.48,1.0240782,,25.5,0.23549339
2,stroke,873.299,30.82169,31.0,31.5,5.8781395
4,stroke,873.299,16.8988,,37.0,4.8013277
9,stroke,873.299,8.849543,,31.5,2.782465
13,stroke,873.299,1.2262225,33.0,44.5,0.21742372
14,stroke,873.299,1.1943967,,43.5,0.27405623
2,stroke,874.3,15.478379,6.0,50.0,2.9951112
4,stroke,874.3,52.941128,14.5,16.0,1.7441137
12,stroke,874.3,7.9524727,,25.0,2.271843
13,stroke,874.3,1.461087,17.5,18.0,0.24547367
14,stroke,874.3,0.9673996,,29.5,0.2830775
2,stroke,876.6455,27.592445,6.5,17.5,2.4636426
4,stroke,876.6455,131.22258,9.0,15.0,2.7516773
12,stroke,876.6455,26.932734,5.0,19.5,1.1659805
13,stroke,876.6455,0.8584746,,43.5,0.22828732
14,stroke,876.6455,1.4590179,8.5,16.0,0.19498396
9,stroke,877.4495,11.759571,46.0,47.0,2.0943594
13,stroke,877.4495,1.0763404,,26.5,0.2895834
4,stroke,878.7395,30.55521,7.5,39.5,4.8334126
9,stroke,878.7395,8.371984,7.5,34.5,1.2349163
14,stroke,878.7395,1.0606967,,45.0,0.231016
4,stroke,880.315,73.5535,21.0,33.0,4.4529247
9,stroke,880.315,6.1658163,9.0,27.5,1.5886282
12,stroke,880.315,4.6628914,,30.0,1.5297163
14,stroke,880.315,0.8863789,,20.5,0.22513087
2,stroke,881.1175,12.69036,7.0,28.5,1.9675864
14,stroke,881.1175,1.0324281,5.5,23.0,0.18388939
2,stroke,882.445,9.22175,26.5,27.0,1.8697934
4,stroke,882.445,34.995117,10.5,46.5,3.6451936
9,stroke,882.445,16.856789,8.5,20.5,1.2324573
12,stroke,882.445,8.51557,11.0,15.0,2.6724188
13,stroke,882.445,0.9934054,,42.5,0.28958353
14,stroke,882.445,1.2398863,27.5,28.0,0.23704748
2,stroke,883.437,14.769642,,16.5,4.908098
4,stroke,883.437,35.902813,20.0,26.0,1.6079352
12,stroke,883.437,6.5925775,46.5,46.5,2.1726646
14,stroke,883.437,0.86678123,9.0,15.5,0.28005207
2,stroke,885.123,12.284327,31.5,32.0,2.1608965
4,stroke,885.123,14.492147,8.0,18.5,2.0152884
12,stroke,885.123,8.426934,5.0,22.0,1.2339123
13,stroke,885.123,1.3692853,38.0,38.5,0.25847435
14,stroke,885.123,0.98445547,,28.0,0.25134924
2,stroke,885.9235,18.795958,5.0,43.0,1.4060636
4,stroke,885.9235,171.10117,25.0,25.0,31.182217
9,stroke,885.9235,11.748442,45.5,45.5,2.3703566
12,stroke,885.9235,6.4461503,13.0,17.5,1.5474988
13,stroke,885.9235,0.9436197,,37.0,0.2456912
14,stroke,885.9235,0.9285444,,44.0,0.2387938
2,stroke,886.791,12.4002285,,34.0,3.9750023
4,stroke,886.791,26.828804,34.0,43.0,3.0520415
12,stroke,886.791,6.295347,19.0,32.5,1.4095713
13,stroke,886.791,1.2231386,,37.0,0.2867766
14,stroke,886.791,1.0044382,,22.5,0.28647128
2,stroke,887.5915,24.35075,47.0,47.5,5.7614956
9,stroke,887.5915,8.592276,13.0,21.0,1.2896125
13,stroke,887.5915,0.9533628,,16.5,0.22003835
14,stroke,887.5915,1.0196136,,15.5,0.28192592
2,stroke,888.729,21.467594,39.0,39.5,4.148274
4,stroke,888.729,16.081957,6.5,40.5,4.5669
9,stroke,888.729,15.624858,8.0,39.0,1.1956803
12,stroke,888.729,8.211077,28.5,29.0,0.94970536
13,stroke,888.729,1.0178972,,30.0,0.25620002
14,stroke,888.729,1.1411216,,39.5,0.31437132
2,stroke,889.531,23.050293,5.5,24.0,5.7639494
9,stroke,889.531,7.396513,7.0,37.0,1.6770439
13,stroke,889.531,1.3004141,44.5,45.0,0.20536001
14,stroke,889.531,1.2150455,6.5,44.5,0.2538309
2,stroke,890.3685,10.956107,43.0,50.0,2.7112644
4,stroke,890.3685,41.480812,39.0,40.0,5.431673
9,stroke,890.3685,11.157832,35.5,36.5,1.9496347
12,stroke,890.3685,6.648875,10.0,35.0,1.3660616
13,stroke,890.3685,1.008358,12.0,35.5,0.22147769
14,stroke,890.3685,1.5413823,23.0,39.0,0.23925917
2,stroke,891.181,14.012753,,17.5,3.4773936
4,stroke,891.181,28.924555,13.5,31.0,3.8415625
9,stroke,891.181,7.1730204,7.0,48.0,1.6409873
13,stroke,891.181,1.4364166,13.0,48.5,0.2614185
14,stroke,891.181,0.80224013,,33.5,0.25334877
2,stroke,891.9885,27.799385,45.5,45.5,5.371055
4,stroke,891.9885,86.86658,5.0,44.0,20.569334
9,stroke,891.9885,10.677534,,45.5,2.7760656
12,stroke,891.9885,8.270894,,49.0,2.5950713
13,stroke,891.9885,1.3564603,23.0,23.5,0.2660381
14,stroke,891.9885,1.0475802,,49.5,0.25942397
2,stroke,893.113,28.205288,36.5,37.5,4.310045
4,stroke,893.113,20.207508,19.0,39.5,3.5829632
9,stroke,893.113,6.148658,5.0,50.0,1.4437433
13,stroke,893.113,1.2987025,22.0,22.0,0.21884486
14,stroke,893.113,0.9324712,47.5,48.0,0.20934841
2,stroke,893.917,21.189379,17.0,17.5,4.1662483
9,stroke,893.917,7.27207,31.0,31.5,1.8132063
12,stroke,893.917,5.8110495,46.0,48.5,1.2277998
13,stroke,893.917,1.0940287,,49.0,0.25179175
14,stroke,893.917,0.86164606,,45.5,0.24032418
2,stroke,895.339,13.819576,7.0,41.5,3.4419892
4,stroke,895.339,22.24085,17.0,31.0,2.3561888
9,stroke,895.339,6.241567,,40.0,1.6667972
12,stroke,895.339,13.408339,16.0,25.5,1.5528592
13,stroke,895.339,1.3679106,29.0,29.5,0.22705495
14,stroke,895.339,0.92778224,21.0,21.5,0.18838051
4,stroke,896.1875,15.087151,13.0,15.0,3.1146066
9,stroke,896.1875,7.978099,25.5,27.5,1.4452124
12,stroke,896.1875,7.1481695,33.0,40.5,1.424119
13,stroke,896.1875,1.2656008,,40.0,0.29294953
2,stroke,897.6845,21.609188,14.5,18.5,3.4067528
4,stroke,897.6845,15.803913,10.5,25.0,3.8278081
9,stroke,897.6845,7.9952765,,30.0,2.273543
12,stroke,897.6845,11.513476,45.5,50.0,1.5372416
13,stroke,897.6845,1.0145518,18.0,18.5,0.25516865
14,stroke,897.6845,1.0073769,8.0,45.5,0.256398
2,stroke,898.5845,29.741625,31.5,31.5,5.5067024
4,stroke,898.5845,9.385898,10.0,19.5,2.3555973
12,stroke,898.5845,4.572015,5.0,24.5,1.2390428
13,stroke,898.5845,1.0796618,,49.0,0.27819735
14,stroke,898.5845,1.3888494,20.5,21.5,0.24046291
2,stroke,899.885,15.874827,32.0,32.5,3.295287
4,stroke,899.885,12.34634,49.0,49.5,3.7975526
9,stroke,899.885,6.620356,9.0,29.0,1.6110772
12,stroke,899.885,13.0909395,5.0,15.0,1.8832607
13,stroke,899.885,1.1280174,,17.5,0.29722524
14,stroke,899.885,0.8878809,,33.5,0.2785635
2,stroke,902.0805,24.123732,22.0,50.0,3.7925134
4,stroke,902.0805,10.682813,13.5,15.0,2.695802
9,stroke,902.0805,7.741832,5.5,44.0,1.3402424
12,stroke,902.0805,6.2103477,,16.0,1.8631215
13,stroke,902.0805,1.0081117,,40.5,0.2904944
14,stroke,902.0805,1.1155378,16.5,16.5,0.22662747
4,stroke,903.371,20.550335,16.5,35.5,2.152661
9,stroke,903.371,8.14986,,40.0,2.1497555
13,stroke,903.371,1.2847902,15.5,15.5,0.24146947
14,stroke,903.371,1.1736648,13.5,26.0,0.24547847
2,stroke,905.4735,19.19426,,19.5,4.7075715
4,stroke,905.4735,13.719902,5.0,41.0,2.1619635
13,stroke,905.4735,0.7977606,,42.5,0.19602303
14,stroke,905.4735,0.9852194,29.0,29.0,0.22483
2,stroke,906.791,13.603241,,41.5,4.0873103
4,stroke,906.791,14.993294,5.0,16.0,1.807274
9,stroke,906.791,8.656016,36.0,37.0,1.4659649
13,stroke,906.791,1.11973,15.5,16.0,0.23195226
14,stroke,906.791,1.1067894,23.0,23.5,0.21786873
2,stroke,907.8555,22.878061,16.5,17.5,3.6045218
4,stroke,907.8555,21.278374,7.0,17.5,2.0865512
9,stroke,907.8555,14.008929,14.0,15.0,3.4464056
12,stroke,907.8555,8.183729,9.0,26.0,1.3394517
13,stroke,907.8555,1.3436842,15.5,45.5,0.18869542
14,stroke,907.8555,1.1187799,,40.0,0.30433926
2,stroke,908.6785,32.34527,19.5,21.0,3.6789823
4,stroke,908.6785,32.139923,,29.5,9.516388
9,stroke,908.6785,12.321738,29.0,47.5,1.3084017
12,stroke,908.6785,9.565256,27.0,48.0,2.476531
14,stroke,908.6785,0.95380783,,28.5,0.23244062
2,stroke,910.5035,12.077937,,30.5,2.887733
4,stroke,910.5035,25.63964,33.0,50.0,2.993518
9,stroke,910.5035,7.414792,22.0,22.5,1.7457527
12,stroke,910.5035,10.094191,22.5,50.0,0.8627268
13,stroke,910.5035,1.2035289,32.0,32.5,0.21094298
14,stroke,910.5035,0.9896248,,48.0,0.23387358
2,stroke,911.3305,14.203391,,28.5,4.1342864
4,stroke,911.3305,54.01457,11.0,48.0,9.492142
12,stroke,911.3305,6.9216013,,15.0,1.6135587
13,stroke,911.3305,0.9999621,,48.0,0.28081223
14,stroke,911.3305,1.1206763,46.0,47.0,0.198062
2,stroke,912.6825,15.55624,,31.0,4.026211
4,stroke,912.6825,19.084318,5.0,15.0,2.8015716
9,stroke,912.6825,6.9764967,30.0,30.5,1.8547657
13,stroke,912.6825,1.3342081,22.0,22.5,0.25102738
14,stroke,912.6825,1.0246398,44.0,44.0,0.20491408
2,stroke,913.483,25.064444,,31.0,5.8442917
4,stroke,913.483,137.2595,18.0,21.5,13.663271
13,stroke,913.483,1.0469384,13.5,30.5,0.24412821
14,stroke,913.483,1.1297565,,27.5,0.24393564
2,stroke,914.3715,25.117012,27.5,45.5,2.935151
4,stroke,914.3715,12.549306,5.0,18.5,1.8081238
9,stroke,914.3715,8.307862,16.5,27.5,1.1182446
13,stroke,914.3715,1.1274611,,45.5,0.25661424
14,stroke,914.3715,0.76279795,,48.5,0.19628751
2,stroke,915.567,18.4343,34.0,34.5,3.6499243
4,stroke,915.567,18.419846,23.0,23.0,4.111101
9,stroke,915.567,7.04751,,25.0,2.2153919
12,stroke,915.567,7.550058,42.5,45.5,1.1820413
13,stroke,915.567,1.1766028,36.5,37.0,0.21639837
14,stroke,915.567,1.2631185,11.0,37.0,0.2522819
2,stroke,916.3705,20.776329,9.5,27.5,3.7232566
9,stroke,916.3705,9.198448,21.5,23.0,1.9941895
13,stroke,916.3705,1.0832897,47.5,47.5,0.2243592
14,stroke,916.3705,1.2007008,,29.0,0.2527832
2,stroke,917.207,14.585342,10.5,30.5,4.4233932
4,stroke,917.207,24.227585,,29.5,6.070911
12,stroke,917.207,7.444132,29.0,29.5,2.4516246
13,stroke,917.207,0.9642631,,27.5,0.27486575
2,stroke,918.114,29.255472,15.0,23.5,2.8683066
4,stroke,918.114,17.836956,11.5,42.5,2.7606232
9,stroke,918.114,9.307407,5.0,16.0,1.2331429
13,stroke,918.114,1.4691095,18.5,19.0,0.2808847
14,stroke,918.114,1.0782175,,26.5,0.27296063
2,stroke,919.6575,19.998962,7.0,17.0,3.4905095
4,stroke,919.6575,116.165375,10.0,16.0,2.0967753
9,stroke,919.6575,14.079802,14.0,18.5,2.0182984
12,stroke,919.6575,62.989494,5.0,15.0,1.0285107
13,stroke,919.6575,1.40253,,24.5,0.29095292
14,stroke,919.6575,1.2262089,41.0,41.5,0.25850502
4,stroke,920.4585,99.44905,18.0,45.0,5.879188
9,stroke,920.4585,15.967487,33.5,45.5,1.6665312
12,stroke,920.4585,6.518775,33.0,41.5,0.9136788
13,stroke,920.4585,0.8688863,12.0,19.5,0.24373195
14,stroke,920.4585,1.2828686,,30.0,0.2682426
2,stroke,922.218,23.635553,11.5,37.5,3.6967494
4,stroke,922.218,13.04867,,36.5,3.5966823
9,stroke,922.218,9.195533,39.5,41.0,1.8871047
12,stroke,922.218,5.3382397,18.5,19.5,1.4259232
13,stroke,922.218,1.098322,9.0,32.5,0.31494954
14,stroke,922.218,1.3606929,17.5,18.0,0.2754172
2,stroke,924.2015,23.884113,31.0,46.5,2.907515
4,stroke,924.2015,78.450226,11.5,16.0,2.789537
9,stroke,924.2015,12.640279,5.0,46.0,1.2752593
12,stroke,924.2015,90.774284,16.0,20.0,1.7478752
13,stroke,924.2015,1.1790054,33.5,33.5,0.27679336
14,stroke,924.2015,1.0584373,,23.0,0.26401603
2,stroke,925.011,28.311157,9.0,40.0,3.3791752
4,stroke,925.011,29.936558,21.0,22.0,3.4520571
9,stroke,925.011,7.9343357,7.5,30.0,1.9336824
12,stroke,925.011,4.7678523,6.5,25.5,0.9333454
13,stroke,925.011,1.1586891,,40.5,0.29846615
14,stroke,925.011,1.0216188,48.0,48.0,0.24293755
2,stroke,926.8595,22.616798,38.0,39.0,3.4868646
4,stroke,926.8595,9.853228,12.0,35.5,2.6501446
9,stroke,926.8595,5.834205,,48.0,1.6089205
13,stroke,926.8595,1.0056763,6.5,32.0,0.24256808
14,stroke,926.8595,1.1943773,45.5,45.5,0.21704653
2,stroke,928.2515,12.956093,,29.0,3.6180437
4,stroke,928.2515,9.033621,5.0,15.0,1.7047995
9,stroke,928.2515,5.06038,,50.0,1.5879961
12,stroke,928.2515,4.624385,9.0,29.0,1.5335244
13,stroke,928.2515,1.0061135,6.0,37.0,0.20061444
2,stroke,929.9135,15.792656,,17.0,4.379439
4,stroke,929.9135,22.798534,22.0,23.0,3.3634665
12,stroke,929.9135,3.4548552,5.0,17.0,1.0929383
13,stroke,929.9135,1.0717361,42.5,42.5,0.26901197
14,stroke,929.9135,1.1027641,,24.0,0.23559797
2,stroke,930.9145,24.315357,15.5,16.5,4.535965
4,stroke,930.9145,21.769505,25.0,44.5,3.0775273
9,stroke,930.9145,7.824254,,25.0,2.0068836
12,stroke,930.9145,11.382877,14.5,32.5,1.622326
13,stroke,930.9145,1.1921268,17.0,47.5,0.24052566
14,stroke,930.9145,1.0206763,,18.5,0.28689864
2,stroke,932.9535,28.29319,42.0,46.0,3.2400959
4,stroke,932.9535,16.822636,38.0,38.0,3.0504816
13,stroke,932.9535,0.8536068,,26.0,0.21957925
14,stroke,932.9535,1.1142261,6.0,39.5,0.25308943
2,stroke,935.237,12.532633,11.5,15.0,3.8576376
4,stroke,935.237,14.888622,5.0,15.5,2.5613694
9,stroke,935.237,6.51449,,29.5,1.9615854
12,stroke,935.237,6.1700068,17.5,18.0,1.6459949
13,stroke,935.237,1.0877769,,39.0,0.32262757
14,stroke,935.237,1.1668782,,35.0,0.30841675
2,stroke,936.067,21.111107,30.0,30.5,4.3423767
4,stroke,936.067,18.523321,5.0,17.5,5.1019
12,stroke,936.067,6.2931957,25.0,35.5,1.5402756
13,stroke,936.067,1.0690839,,48.5,0.29505548
2,stroke,937.438,13.625977,,44.5,3.969411
4,stroke,937.438,12.060923,28.0,28.5,2.386094
9,stroke,937.438,7.0391884,6.0,35.5,1.3877562
13,stroke,937.438,1.1907756,34.0,34.0,0.21612583
14,stroke,937.438,1.2391243,,15.0,0.26310605
2,stroke,938.545,18.551876,,26.0,5.514683
4,stroke,938.545,9.075014,5.0,41.5,2.4376357
9,stroke,938.545,7.9231334,,17.5,1.9906644
13,stroke,938.545,0.8518293,,24.5,0.23129311
14,stroke,938.545,0.8214201,,23.5,0.22022255
2,stroke,939.887,18.703959,27.0,28.0,3.2879858
9,stroke,939.887,8.778451,47.5,48.0,1.745707
12,stroke,939.887,6.568591,17.5,18.0,1.3496487
14,stroke,939.887,1.3001585,17.5,17.5,0.27485907
4,stroke,942.032,8.501681,5.0,37.5,1.9869242
9,stroke,942.032,8.019657,12.5,30.5,1.2666434
12,stroke,942.032,11.121425,11.0,22.5,1.1087797
13,stroke,942.032,0.92640316,,46.0,0.29839572
14,stroke,942.032,0.9021302,,46.0,0.27672344
2,stroke,945.283,34.40973,32.5,37.0,5.365804
4,stroke,945.283,12.85997,5.0,27.5,2.5847995
9,stroke,945.283,7.193755,,46.5,2.391095
12,stroke,945.283,5.355973,18.0,40.0,1.2880639
13,stroke,945.283,1.0207497,,20.0,0.22426474
14,stroke,945.283,0.9958848,,22.5,0.24353802
2,stroke,947.3385,15.29622,,21.5,4.2545347
4,stroke,947.3385,13.166825,5.0,15.0,3.0072184
9,stroke,947.3385,8.051264,,34.5,1.6828755
12,stroke,947.3385,10.902774,15.5,42.0,1.6934593
13,stroke,947.3385,0.92050016,,23.5,0.20716225
14,stroke,947.3385,0.87447894,,29.5,0.26677895
4,stroke,949.24,36.043354,20.0,29.5,2.3369863
9,stroke,949.24,6.9969487,12.5,26.0,1.5533593
12,stroke,949.24,6.0356674,,37.5,1.6702336
13,stroke,949.24,1.2617817,47.0,47.0,0.2810737
14,stroke,949.24,1.1584537,,45.5,0.2799144
2,stroke,950.188,26.537443,,35.0,6.4560423
4,stroke,950.188,27.033215,5.0,21.0,4.4182763
9,stroke,950.188,16.869648,19.5,37.0,1.5816091
12,stroke,950.188,12.917475,14.0,20.0,1.2892814
13,stroke,950.188,1.0854943,,21.5,0.28121665
14,stroke,950.188,1.01244,50.0,50.0,0.23811041
2,stroke,951.2345,16.427835,,24.5,3.8019004
4,stroke,951.2345,23.276075,44.0,45.5,3.5227928
13,stroke,951.2345,1.2963208,25.5,26.0,0.22058965
14,stroke,951.2345,1.0108669,13.0,33.0,0.16005537
2,stroke,952.4115,39.468697,26.0,47.5,3.7062256
4,stroke,952.4115,33.271214,22.5,25.5,4.006115
12,stroke,952.4115,7.60645,5.5,36.0,1.9048253
13,stroke,952.4115,1.0965371,,50.0,0.22586039
14,stroke,952.4115,0.6490637,,45.5,0.2029048
2,stroke,954.6505,13.582491,23.5,24.5,3.1047661
4,stroke,954.6505,29.862543,7.5,18.0,1.5142084
9,stroke,954.6505,6.7642117,11.0,45.5,1.7743046
12,stroke,954.6505,6.316431,31.5,32.5,1.8578771
13,stroke,954.6505,1.1237288,31.0,31.0,0.24319285
14,stroke,954.6505,0.89421403,,26.0,0.28767216
2,stroke,956.2825,25.875895,24.0,24.5,5.862029
4,stroke,956.2825,16.366909,5.0,16.5,1.8547752
9,stroke,956.2825,7.7499523,,16.0,1.9217948
12,stroke,956.2825,7.506034,31.0,32.5,1.7459689
14,stroke,956.2825,1.2260041,33.0,33.5,0.2621049
2,stroke,957.1055,16.459698,8.0,15.5,4.011736
4,stroke,957.1055,30.786287,5.0,21.5,8.42744
12,stroke,957.1055,11.469406,5.0,47.0,2.4792244
13,stroke,957.1055,1.0271168,,40.0,0.24943428
14,stroke,957.1055,1.0984408,,45.5,0.27167746
2,stroke,959.9545,14.484066,11.0,29.0,2.7673533
4,stroke,959.9545,15.028322,34.0,34.5,3.2241006
12,stroke,959.9545,9.000107,11.0,43.5,1.4547645
13,stroke,959.9545,0.752229,,49.0,0.24482602
14,stroke,959.9545,1.2980725,37.0,37.5,0.23567797
2,stroke,960.7565,25.886547,37.0,48.5,2.9872873
4,stroke,960.7565,51.626453,,26.0,15.566435
13,stroke,960.7565,1.0786774,14.5,23.5,0.21453346
14,stroke,960.7565,1.0543879,23.5,24.0,0.24369271
2,stroke,962.8995,18.449085,,36.5,5.0724444
4,stroke,962.8995,16.29295,,19.5,4.081368
9,stroke,962.8995,5.6052885,,48.0,1.4850804
12,stroke,962.8995,4.0960402,,49.5,1.1905955
13,stroke,962.8995,1.0712948,5.0,40.5,0.24952944
14,stroke,962.8995,1.1657809,17.5,17.5,0.25460702
2,stroke,965.616,21.890528,25.5,26.0,4.0693326
4,stroke,965.616,16.256996,8.0,15.0,2.5170608
9,stroke,965.616,5.283699,,34.0,1.5037358
12,stroke,965.616,4.4153934,20.0,21.0,1.2687838
13,stroke,965.616,1.3224375,15.0,15.5,0.25220728
14,stroke,965.616,0.81929314,,37.0,0.2504225
4,stroke,967.0835,27.517239,21.0,21.5,3.2299302
9,stroke,967.0835,9.027615,5.0,18.5,1.7559142
12,stroke,967.0835,8.171186,29.0,34.0,1.4289613
13,stroke,967.0835,1.1712217,21.0,21.5,0.22453271
14,stroke,967.0835,1.2019093,20.0,20.0,0.2691392
2,stroke,968.1935,22.852842,17.5,18.5,3.254738
4,stroke,968.1935,15.652157,47.0,47.5,2.8599849
9,stroke,968.1935,7.9118633,,46.0,2.3223827
13,stroke,968.1935,1.2208929,,20.5,0.26234195
14,stroke,968.1935,0.9344183,10.0,32.5,0.23488306
2,stroke,969.7045,21.81662,7.5,43.0,2.423518
4,stroke,969.7045,18.81665,13.0,38.0,2.897527
9,stroke,969.7045,6.6107483,16.0,16.5,1.787689
12,stroke,969.7045,8.20277,5.0,49.5,1.3663386
13,stroke,969.7045,1.3395338,20.0,45.0,0.25635737
14,stroke,969.7045,0.8804017,,43.0,0.2774793
2,stroke,970.615,14.4554405,26.0,26.5,2.871807
4,stroke,970.615,12.018625,6.0,25.5,1.6579379
9,stroke,970.615,11.455706,16.5,17.0,1.9691772
12,stroke,970.615,6.102277,23.0,24.0,1.0160358
13,stroke,970.615,1.5969033,45.0,45.5,0.27509746
14,stroke,970.615,0.8232088,6.0,18.0,0.16531846
2,stroke,972.8155,23.009739,39.0,39.5,4.3259425
4,stroke,972.8155,15.756346,5.0,39.5,3.9256082
9,stroke,972.8155,7.6927457,15.5,16.0,1.8425573
12,stroke,972.8155,8.040533,19.0,20.0,1.7772427
13,stroke,972.8155,1.2685329,18.0,18.5,0.25138927
14,stroke,972.8155,0.9297582,32.0,32.5,0.21434438
2,stroke,976.043,14.513592,50.0,50.0,3.1841013
4,stroke,976.043,18.955635,13.5,36.0,3.6070724
12,stroke,976.043,6.75317,7.0,32.0,1.5000025
13,stroke,976.043,0.91080844,42.5,37.5,0.18339367
14,stroke,976.043,0.8663243,,46.0,0.23169188
2,stroke,977.536,13.372915,10.0,25.5,2.2682228
4,stroke,977.536,20.065346,5.0,28.0,2.9573646
9,stroke,977.536,6.5267634,7.0,36.0,1.6127489
12,stroke,977.536,6.1012244,,18.5,1.4744223
13,stroke,977.536,0.8714934,,46.0,0.25537166
14,stroke,977.536,0.96491385,50.0,50.0,0.21224427
4,stroke,978.3365,14.71821,,36.0,3.088058
9,stroke,978.3365,6.687651,42.5,43.0,1.4363152
12,stroke,978.3365,6.6576385,,32.5,2.1219137
13,stroke,978.3365,1.0064254,,23.5,0.29180035
14,stroke,978.3365,1.237941,45.0,45.0,0.25674358
2,stroke,980.209,31.558546,35.5,37.0,3.3786838
4,stroke,980.209,12.581903,,31.0,3.5170946
13,stroke,980.209,1.011689,13.5,20.5,0.26103383
14,stroke,980.209,1.0599027,49.0,49.0,0.24718955
2,stroke,981.894,15.913462,5.0,17.0,1.1979946
4,stroke,981.894,41.762184,11.0,18.0,2.8950932
9,stroke,981.894,11.578672,14.0,15.0,1.8892492
14,stroke,981.894,1.0050876,16.0,16.0,0.21513224
2,stroke,987.8375,15.411356,5.0,17.0,0.921391
4,stroke,987.8375,163.4732,10.0,15.5,2.1922216
9,stroke,987.8375,11.421902,11.0,15.0,1.5541378
12,stroke,987.8375,23.921019,16.0,19.5,0.87415826
13,stroke,987.8375,0.81721354,,26.0,0.24705587
14,stroke,987.8375,1.4623649,37.0,37.5,0.22472814
12,stroke,988.6445,5.93875,5.0,15.0,1.5912626
14,stroke,988.6445,0.9790807,,43.0,0.26824895
4,stroke,990.1105,27.725237,35.0,36.0,3.2239068
9,stroke,990.1105,7.7134094,,37.5,2.017897
12,stroke,990.1105,6.9199257,45.5,45.5,1.4613953
13,stroke,990.1105,0.99128497,,45.5,0.23649777
14,stroke,990.1105,0.8759862,44.5,44.5,0.17712392
2,stroke,992.4495,3.766264,19.5,31.0,1.0298426
4,stroke,992.4495,40.860218,10.5,28.5,1.3974241
9,stroke,992.4495,7.058157,,16.5,2.1862998
12,stroke,992.4495,6.824579,41.0,29.0,2.0711842
13,stroke,992.4495,1.3730612,30.5,31.0,0.17572807
14,stroke,992.4495,0.9170718,,19.0,0.23504078
2,stroke,993.3385,4.556275,,28.5,1.4588113
4,stroke,993.3385,29.10264,5.0,30.0,3.5364623
9,stroke,993.3385,8.057429,23.5,24.5,1.5873371
13,stroke,993.3385,1.3392627,17.0,17.5,0.28601205
14,stroke,993.3385,0.991411,,29.0,0.2246123
9,stroke,994.139,6.413042,32.5,33.0,1.3267583
12,stroke,994.139,5.62451,5.0,50.0,1.0675207
13,stroke,994.139,1.3305402,20.0,20.5,0.2368899
14,stroke,994.139,1.0651181,11.0,22.5,0.26143223
2,stroke,995.3835,4.098965,31.5,39.0,1.1531699
4,stroke,995.3835,22.079533,5.0,41.5,3.129873
9,stroke,995.3835,10.574795,11.5,27.0,1.6423767
13,stroke,995.3835,1.0907159,,40.0,0.29277238
14,stroke,995.3835,0.793309,,38.5,0.20684849
2,stroke,996.186,11.896427,17.5,18.5,1.6614817
4,stroke,996.186,95.525635,36.0,36.0,22.47403
9,stroke,996.186,10.194561,,45.0,2.2146084
12,stroke,996.186,3.9600992,23.5,24.0,1.3035116
14,stroke,996.186,1.1688259,37.0,37.5,0.23541722
2,stroke,998.029,8.898221,7.0,18.0,2.0322208
4,stroke,998.029,25.20805,14.0,17.5,3.3944938
9,stroke,998.029,5.8010345,6.0,50.0,1.7090206
13,stroke,998.029,1.4658458,23.5,26.0,0.27325362
2,stroke,998.8315,9.956941,,20.5,2.524556
12,stroke,998.8315,5.914181,28.5,28.5,1.535365
13,stroke,998.8315,1.1001904,46.0,46.5,0.2279238
14,stroke,998.8315,1.0931042,20.5,21.0,0.22835405
2,stroke,999.981,8.448378,,36.5,2.1813858
4,stroke,999.981,29.968071,18.5,34.0,2.0904298
12,stroke,999.981,6.6760693,5.0,16.0,2.0444357
13,stroke,999.981,0.9527771,,18.0,0.26004827
14,stroke,999.981,1.4027553,21.0,21.5,0.24314003
2,stroke,1000.794,9.668954,5.5,37.0,2.4601438
4,stroke,1000.794,30.984701,5.0,21.5,5.042079
9,stroke,1000.794,8.216848,41.0,41.5,1.7751606
13,stroke,1000.794,0.9311869,,23.5,0.26734552
14,stroke,1000.794,0.8250918,,34.0,0.22009622
2,stroke,1002.6245,14.106609,16.5,17.0,2.4320042
4,stroke,1002.6245,32.618687,20.0,30.5,2.2644525
9,stroke,1002.6245,7.6467905,,34.0,2.2574766
13,stroke,1002.6245,1.0946131,,49.5,0.23631786
14,stroke,1002.6245,0.875337,,39.0,0.24358855
4,stroke,1003.4375,46.724876,,49.0,13.384054
9,stroke,1003.4375,6.1374636,,41.0,1.8846549
13,stroke,1003.4375,1.0720068,35.0,35.5,0.2247073
14,stroke,1003.4375,1.4066741,21.0,21.5,0.20622179
2,stroke,1004.2435,6.6814475,7.5,15.0,1.677151
4,stroke,1004.2435,44.08372,,48.5,10.572032
13,stroke,1004.2435,1.1680446,24.5,24.5,0.24418847
14,stroke,1004.2435,0.8705652,,49.5,0.21950407
2,stroke,1005.861,6.857925,5.5,48.5,1.6712883
4,stroke,1005.861,24.018034,5.0,44.5,2.7810297
9,stroke,1005.861,8.201757,20.0,20.5,1.9720992
13,stroke,1005.861,1.2371178,,49.5,0.32044756
14,stroke,1005.861,0.7337847,,43.0,0.18926202
2,stroke,1009.7015,11.609344,38.5,40.0,2.9559262
4,stroke,1009.7015,17.906422,5.5,48.5,3.7804236
9,stroke,1009.7015,12.661796,6.0,49.5,1.0621481
13,stroke,1009.7015,1.0262005,,23.0,0.27534497
14,stroke,1009.7015,0.99380636,,50.0,0.2643216
2,stroke,1011.479,11.08207,,18.5,2.9073865
4,stroke,1011.479,15.753789,11.0,33.0,4.521965
9,stroke,1011.479,5.7871895,,38.0,1.5168817
12,stroke,1011.479,7.0954037,13.5,16.5,1.192005
13,stroke,1011.479,1.1530465,,20.5,0.30802625
14,stroke,1011.479,1.1977861,9.0,25.5,0.1640473
2,stroke,1014.9155,12.082766,47.5,48.5,2.0282848
4,stroke,1014.9155,10.905196,8.5,15.0,2.455939
9,stroke,1014.9155,7.324189,,25.0,2.0778625
12,stroke,1014.9155,8.8142395,5.0,16.5,2.2074127
13,stroke,1014.9155,0.87703645,,28.5,0.25422573
14,stroke,1014.9155,1.2073128,,41.5,0.30818486
2,stroke,1020.511,10.305353,,31.5,2.8530576
4,stroke,1020.511,24.802874,5.0,16.0,2.4660504
9,stroke,1020.511,9.956663,29.0,33.5,1.482134
12,stroke,1020.511,7.141155,36.5,44.5,1.2699646
13,stroke,1020.511,1.5019267,18.0,40.5,0.24518278
14,stroke,1020.511,1.1062751,,47.0,0.28206182
4,stroke,1021.312,32.450314,48.0,49.0,5.088383
9,stroke,1021.312,11.637896,5.0,44.5,1.1787807
13,stroke,1021.312,1.2491114,24.5,37.0,0.21518387
14,stroke,1021.312,1.1377364,,28.5,0.30381384
2,stroke,1022.841,13.06879,9.5,31.0,2.7419972
4,stroke,1022.841,40.67381,20.0,21.0,3.4506543
9,stroke,1022.841,5.896285,13.0,48.5,1.1945769
12,stroke,1022.841,12.341303,29.5,43.5,1.6944387
14,stroke,1022.841,1.143334,17.5,18.0,0.22745535
2,stroke,1025.0865,9.103539,24.5,24.5,2.7763321
4,stroke,1025.0865,8.669466,5.0,30.0,1.7610567
9,stroke,1025.0865,4.5301666,6.0,21.5,1.2983832
12,stroke,1025.0865,6.025138,10.0,49.5,0.79313195
13,stroke,1025.0865,1.15808,32.5,33.0,0.23338026
14,stroke,1025.0865,1.2601695,,22.0,0.30035365
4,stroke,1026.169,30.913055,17.5,34.5,3.6694257
9,stroke,1026.169,4.3595448,49.0,50.0,1.4495338
12,stroke,1026.169,9.053676,,34.0,2.473162
13,stroke,1026.169,0.9876562,,24.0,0.23835205
14,stroke,1026.169,0.7563628,,47.5,0.24230361
2,stroke,1030.5845,13.316359,5.0,44.5,2.4937258
4,stroke,1030.5845,13.266296,5.0,30.5,2.2386339
9,stroke,1030.5845,13.772066,5.0,32.5,1.3623263
12,stroke,1030.5845,9.400187,5.0,26.0,1.0362028
13,stroke,1030.5845,1.0812917,15.5,16.0,0.17331651
14,stroke,1030.5845,1.2447608,,49.0,0.30373213
2,stroke,1032.599,11.208724,28.0,28.5,2.129314
4,stroke,1032.599,21.724611,13.5,21.0,3.2568033
12,stroke,1032.599,13.348938,5.0,17.0,1.0164325
14,stroke,1032.599,1.0757201,7.0,39.5,0.2650073
2,stroke,1033.401,17.906239,47.5,48.0,3.580438
9,stroke,1033.401,6.467911,21.0,29.5,1.8527591
12,stroke,1033.401,9.957575,14.5,21.0,2.2673101
13,stroke,1033.401,1.0802735,,22.0,0.31080696
14,stroke,1033.401,0.8671489,,19.5,0.24607879
2,stroke,1034.202,11.92798,10.0,15.5,2.500739
9,stroke,1034.202,7.37035,43.5,45.5,1.7765033
12,stroke,1034.202,8.0304,6.5,35.0,2.4271905
13,stroke,1034.202,1.1499225,,44.0,0.31109866
14,stroke,1034.202,1.080041,14.5,15.0,0.2166196
2,stroke,1039.835,12.776084,,33.0,4.178375
4,stroke,1039.835,38.14319,5.0,38.0,2.211379
9,stroke,1039.835,13.359299,15.5,16.5,1.6229411
12,stroke,1039.835,4.478823,,50.0,1.2229968
13,stroke,1039.835,1.5020547,30.0,30.0,0.30483672
14,stroke,1039.835,1.379886,18.0,39.5,0.16670963
2,stroke,1040.6365,25.471607,19.0,20.0,3.9967089
4,stroke,1040.6365,130.6896,13.0,16.0,28.495115
9,stroke,1040.6365,7.060264,9.5,19.5,1.644069
12,stroke,1040.6365,6.274653,14.5,34.5,1.5741578
13,stroke,1040.6365,0.88108027,7.5,31.5,0.18607636
14,stroke,1040.6365,1.2309096,11.0,39.5,0.2080478
4,stroke,1041.4375,201.82599,15.5,16.5,28.315798
9,stroke,1041.4375,5.7160306,15.5,25.5,1.2294215
13,stroke,1041.4375,1.0694778,,30.5,0.29335016
14,stroke,1041.4375,1.0222772,40.5,41.0,0.17196772
2,stroke,1043.5255,18.30527,16.0,22.0,2.8277729
4,stroke,1043.5255,46.034195,22.0,37.5,4.1521587
9,stroke,1043.5255,5.287919,24.0,25.0,1.3155717
12,stroke,1043.5255,7.8554583,6.0,46.0,0.56491196
13,stroke,1043.5255,0.99343944,,24.0,0.25360698
14,stroke,1043.5255,0.8889153,,24.5,0.26343605
4,stroke,1044.328,143.20648,36.0,36.5,25.587986
13,stroke,1044.328,1.0516863,,22.5,0.3023188
14,stroke,1044.328,1.1272664,30.0,30.5,0.17610587
2,stroke,1046.4705,16.851894,19.5,26.5,3.781133
4,stroke,1046.4705,15.566115,39.0,39.0,3.9455247
12,stroke,1046.4705,5.0733542,5.0,47.5,0.9393497
13,stroke,1046.4705,1.5636966,31.5,32.0,0.2554728
14,stroke,1046.4705,0.84390694,,20.0,0.24680805
2,stroke,1054.8385,7.763171,30.0,30.5,1.5780407
4,stroke,1054.8385,13.700542,5.0,35.5,2.0022082
12,stroke,1054.8385,4.2961807,6.0,45.0,1.0860387
13,stroke,1054.8385,0.9481634,,49.0,0.2998615
14,stroke,1054.8385,1.024275,,17.5,0.23797609
2,stroke,1059.8955,30.88226,5.0,20.0,1.5589538
4,stroke,1059.8955,11.259035,5.0,36.0,0.9478909
9,stroke,1059.8955,12.669102,32.5,32.5,2.6700523
12,stroke,1059.8955,19.042025,6.0,17.0,2.8388274
13,stroke,1059.8955,1.2597805,23.0,23.5,0.27734914
14,stroke,1059.8955,0.8429853,41.0,41.0,0.22609815
2,stroke,1061.575,12.191885,35.0,35.0,2.714303
4,stroke,1061.575,25.506319,14.0,36.0,3.439463
9,stroke,1061.575,14.745586,15.0,27.0,2.145219
12,stroke,1061.575,7.9594946,25.5,27.5,1.2535465
13,stroke,1061.575,0.8700161,,23.0,0.2818927
14,stroke,1061.575,1.2187521,28.5,28.5,0.2550325
2,stroke,1063.3375,11.499423,40.5,40.5,2.5743623
4,stroke,1063.3375,15.509844,,34.5,4.5767612
9,stroke,1063.3375,8.244213,,17.5,2.367347
13,stroke,1063.3375,1.2705584,,45.0,0.29711562
14,stroke,1063.3375,1.1228324,20.0,20.0,0.24672711
2,stroke,1064.141,12.201126,5.0,24.5,2.961337
4,stroke,1064.141,104.73222,21.0,22.5,8.326772
9,stroke,1064.141,16.434872,21.5,49.0,2.6578112
12,stroke,1064.141,8.119283,5.0,19.5,1.5884845
13,stroke,1064.141,0.7586489,5.0,39.5,0.22633281
14,stroke,1064.141,1.4699378,33.0,33.5,0.25038832
2,stroke,1066.719,37.751354,5.0,18.0,2.1710854
4,stroke,1066.719,16.535028,5.0,50.0,1.3352742
9,stroke,1066.719,15.237293,17.0,26.5,2.2118762
12,stroke,1066.719,24.491907,5.0,15.0,1.5844728
13,stroke,1066.719,1.0007163,49.5,49.5,0.25300875
14,stroke,1066.719,1.1776869,41.0,50.0,0.17311378
2,stroke,1067.5465,15.267845,,23.5,3.4360242
4,stroke,1067.5465,45.04368,20.5,21.5,6.579672
12,stroke,1067.5465,3.9930983,6.0,35.5,0.78951645
13,stroke,1067.5465,0.9957973,,20.5,0.32360774
14,stroke,1067.5465,0.9067652,,19.0,0.27333504
2,stroke,1068.952,42.212036,5.0,17.5,1.4279758
4,stroke,1068.952,12.264485,12.5,27.5,1.9994358
9,stroke,1068.952,14.914064,33.5,34.0,3.116766
12,stroke,1068.952,23.844849,7.5,15.0,2.5752268
13,stroke,1068.952,0.9993713,,44.5,0.25474986
2,stroke,1070.0325,13.527,15.0,16.0,2.814136
4,stroke,1070.0325,13.854059,21.0,40.5,1.8657855
9,stroke,1070.0325,10.897354,13.5,34.5,2.191172
12,stroke,1070.0325,6.891018,24.0,25.5,1.8902124
13,stroke,1070.0325,1.2009382,,44.0,0.27363268
14,stroke,1070.0325,0.85721505,,30.5,0.27924362
2,stroke,1072.1265,30.40725,5.0,17.5,3.1610525
4,stroke,1072.1265,8.45752,17.5,18.0,1.713743
9,stroke,1072.1265,9.418346,6.5,34.0,2.1339126
12,stroke,1072.1265,21.191727,6.5,18.0,2.2369053
13,stroke,1072.1265,1.1576777,,27.5,0.28155744
14,stroke,1072.1265,1.0908049,,45.5,0.24277939
2,stroke,1078.373,32.964706,5.0,17.5,1.5558972
4,stroke,1078.373,8.960468,10.5,17.5,1.0761399
9,stroke,1078.373,14.082392,8.0,32.0,1.3212792
12,stroke,1078.373,18.024532,8.0,15.0,2.3916273
13,stroke,1078.373,1.0400674,,44.0,0.21917793
14,stroke,1078.373,0.97703594,,43.0,0.2690724
2,stroke,1082.986,32.258186,5.0,20.5,1.0428855
4,stroke,1082.986,15.384779,7.0,20.0,1.5347427
9,stroke,1082.986,10.797089,7.0,24.5,2.274486
12,stroke,1082.986,21.705702,6.5,17.5,1.7611423
13,stroke,1082.986,1.0984706,18.5,49.0,0.20049702
14,stroke,1082.986,0.89118266,,26.5,0.26522288
2,stroke,1085.276,23.56887,6.5,21.0,1.7661483
4,stroke,1085.276,9.777175,6.5,29.5,1.0910362
9,stroke,1085.276,11.482624,42.0,42.5,2.1279771
12,stroke,1085.276,17.154598,7.0,17.5,1.6720173
13,stroke,1085.276,1.126133,13.0,34.0,0.29356402
14,stroke,1085.276,0.969367,49.0,49.5,0.22407107
2,stroke,1096.92,36.372826,5.0,17.5,3.135992
4,stroke,1096.92,7.72445,5.0,34.0,1.3135146
9,stroke,1096.92,11.389534,8.5,26.5,1.6681511
12,stroke,1096.92,28.120422,5.0,15.0,1.2279776
13,stroke,1096.92,0.838879,,26.5,0.2645574
14,stroke,1096.92,1.149843,,28.5,0.25942278
2,stroke,1098.9365,38.98637,5.0,18.0,3.2733567
4,stroke,1098.9365,9.058184,8.5,39.5,1.61756
12,stroke,1098.9365,22.204414,5.0,15.0,1.1680726
13,stroke,1098.9365,1.1241723,32.5,32.5,0.25936702
14,stroke,1098.9365,0.9473691,,44.0,0.21439186
2,stroke,1103.0275,12.599928,18.0,18.5,2.7770736
4,stroke,1103.0275,8.706624,7.0,34.0,2.2275605
9,stroke,1103.0275,6.9873314,11.5,15.0,1.8241684
12,stroke,1103.0275,4.3490763,10.0,36.5,0.81224126
13,stroke,1103.0275,1.0778117,14.5,15.0,0.27631897
14,stroke,1103.0275,1.2609193,14.0,32.0,0.22086225
2,stroke,1103.831,31.047415,18.0,38.5,4.6001263
9,stroke,1103.831,10.428245,17.5,18.5,1.2660977
12,stroke,1103.831,6.8223214,11.0,19.5,1.1945097
13,stroke,1103.831,1.1213264,,28.5,0.26282808
14,stroke,1103.831,1.0768832,,45.5,0.28130472
2,stroke,1105.1925,17.132973,,16.0,5.381781
4,stroke,1105.1925,20.385843,8.0,39.0,1.3417063
12,stroke,1105.1925,5.9764524,5.0,37.0,1.3326482
13,stroke,1105.1925,1.3163502,28.5,29.0,0.20783785
14,stroke,1105.1925,1.2349513,15.0,46.0,0.21160717
2,stroke,1106.0065,19.801117,14.0,35.0,4.5681477
4,stroke,1106.0065,75.48937,,31.0,15.982388
9,stroke,1106.0065,7.262081,27.5,28.0,1.3488958
12,stroke,1106.0065,5.1146307,5.0,49.0,1.3820541
13,stroke,1106.0065,0.9743392,,26.0,0.23625512
14,stroke,1106.0065,1.0447687,34.5,34.5,0.25613832
4,stroke,1107.8295,33.200798,9.5,48.0,2.9557827
9,stroke,1107.8295,7.95677,5.0,21.0,1.2127436
13,stroke,1107.8295,0.925309,,30.0,0.27399018
14,stroke,1107.8295,1.1070149,,42.5,0.2912951
2,stroke,1108.639,22.506495,,35.0,5.9464517
9,stroke,1108.639,6.125247,,31.5,1.8554138
14,stroke,1108.639,0.8719002,,33.0,0.21660604
2,stroke,1110.258,15.590659,18.5,18.5,3.9751751
4,stroke,1110.258,33.629105,19.5,39.5,2.4198222
13,stroke,1110.258,1.0892816,,15.5,0.29522648
14,stroke,1110.258,1.4211388,8.0,47.0,0.292993
2,stroke,1113.989,17.077196,,35.5,4.0447903
4,stroke,1113.989,21.40136,43.0,44.0,3.3847046
9,stroke,1113.989,9.812263,9.5,23.0,2.901851
13,stroke,1113.989,1.2554893,19.5,20.0,0.22222038
14,stroke,1113.989,1.2758484,36.5,36.5,0.24827312
2,stroke,1125.9085,199.1791,5.0,19.5,3.3901334
4,stroke,1125.9085,45.068096,5.0,19.0,0.84990436
9,stroke,1125.9085,14.89625,6.5,16.0,2.0082405
12,stroke,1125.9085,33.514854,6.5,20.5,2.85094
13,stroke,1125.9085,1.1161444,,26.0,0.2922483
14,stroke,1125.9085,0.87781847,5.0,50.0,0.23300736
2,stroke,1131.242,168.47093,5.0,19.5,4.103328
4,stroke,1131.242,42.895306,5.0,19.5,0.99078166
9,stroke,1131.242,14.605455,14.5,15.0,2.1321547
12,stroke,1131.242,25.884449,5.0,20.5,2.810545
13,stroke,1131.242,1.0938933,,30.5,0.2722148
14,stroke,1131.242,0.7947845,,38.5,0.21959732
2,stroke,1133.8335,21.457718,,47.5,4.75523
12,stroke,1133.8335,4.279243,10.0,29.5,1.0754024
13,stroke,1133.8335,1.3351481,,21.5,0.28857
14,stroke,1133.8335,0.77756155,,48.0,0.2526854
2,stroke,1135.5925,17.14062,37.0,38.5,3.922394
4,stroke,1135.5925,13.60021,16.5,17.5,1.6453052
9,stroke,1135.5925,12.474915,11.0,23.0,1.059205
12,stroke,1135.5925,4.707802,11.5,18.0,0.7385288
13,stroke,1135.5925,1.2410877,,22.0,0.3016895
14,stroke,1135.5925,0.92464507,,31.0,0.26252604
2,stroke,1136.393,24.659344,,38.0,6.8797526
4,stroke,1136.393,117.52161,35.5,36.0,16.012838
9,stroke,1136.393,7.837788,,33.0,2.001368
13,stroke,1136.393,1.1349034,,22.0,0.2900591
14,stroke,1136.393,1.3177824,43.0,43.0,0.27336928
2,stroke,1137.1935,17.140049,23.0,23.5,3.2123137
9,stroke,1137.1935,12.597245,48.0,49.0,1.6574794
13,stroke,1137.1935,0.81891143,8.5,32.0,0.21207416
14,stroke,1137.1935,1.0026548,8.5,37.0,0.28914595
2,stroke,1137.994,22.422564,,43.0,7.09055
4,stroke,1137.994,59.037323,12.0,16.0,7.802307
9,stroke,1137.994,10.521084,13.5,49.0,1.7362278
12,stroke,1137.994,5.2661424,26.5,27.0,1.2255579
13,stroke,1137.994,1.1420338,45.5,30.5,0.19984114
14,stroke,1137.994,1.2447195,47.5,47.5,0.28276142
2,stroke,1138.8045,42.02262,18.5,19.0,6.9171424
4,stroke,1138.8045,96.08878,6.0,49.0,19.194063
9,stroke,1138.8045,7.301069,,32.0,2.0725522
12,stroke,1138.8045,3.155793,5.0,26.0,1.0018278
14,stroke,1138.8045,1.3648722,30.0,50.0,0.25411892
2,stroke,1139.9025,15.044989,,41.0,4.7216725
4,stroke,1139.9025,17.483871,6.0,23.5,1.8076688
9,stroke,1139.9025,10.480472,,35.0,2.288268
13,stroke,1139.9025,1.0133612,5.0,19.0,0.2646943
2,stroke,1140.7075,27.359161,45.5,46.0,5.381247
4,stroke,1140.7075,72.9707,,39.5,17.653873
9,stroke,1140.7075,12.397833,27.0,28.0,1.5320671
13,stroke,1140.7075,1.1701776,27.5,28.5,0.20417458
14,stroke,1140.7075,1.1597368,43.5,44.0,0.22739734
2,stroke,1141.539,178.6411,5.0,19.0,3.8691401
4,stroke,1141.539,43.155296,5.0,19.0,0.8148268
9,stroke,1141.539,13.879167,7.0,50.0,2.4753206
12,stroke,1141.539,25.299892,5.0,16.0,0.95929784
13,stroke,1141.539,0.9487069,9.0,34.0,0.24834338
14,stroke,1141.539,1.0111976,27.5,27.5,0.22861205
2,stroke,1142.3395,30.368729,,47.5,7.956486
4,stroke,1142.3395,168.33699,18.0,24.5,21.028742
9,stroke,1142.3395,10.494909,,25.5,2.8395793
12,stroke,1142.3395,6.274874,30.0,36.0,1.6710504
13,stroke,1142.3395,1.1817269,46.0,46.5,0.22890624
14,stroke,1142.3395,0.8871234,,20.5,0.2756837
4,stroke,1143.1535,49.505108,,40.0,16.240015
9,stroke,1143.1535,6.819908,9.0,44.5,1.5714948
13,stroke,1143.1535,1.3627803,38.0,38.5,0.27364287
14,stroke,1143.1535,1.0937796,39.5,39.5,0.22496206
2,stroke,1144.083,21.290031,13.0,30.0,4.0843
4,stroke,1144.083,12.075712,8.5,25.5,2.5609286
9,stroke,1144.083,6.5320354,,18.0,2.0415418
12,stroke,1144.083,7.3573627,5.0,32.5,0.9812162
13,stroke,1144.083,0.90053844,6.0,29.5,0.22736368
14,stroke,1144.083,1.1191963,17.0,17.5,0.19314021
2,stroke,1144.8885,48.70157,29.0,29.5,8.997184
4,stroke,1144.8885,53.185547,20.5,21.5,9.036421
9,stroke,1144.8885,8.168047,24.0,25.0,1.5096474
12,stroke,1144.8885,9.886104,39.5,48.5,1.907144
13,stroke,1144.8885,1.0538496,,46.0,0.28064525
14,stroke,1144.8885,1.0210575,42.5,43.5,0.1822035
2,stroke,1146.1125,19.899284,,23.5,4.1592975
4,stroke,1146.1125,30.306417,10.5,20.5,3.0040162
13,stroke,1146.1125,1.1610911,21.0,22.0,0.2542234
14,stroke,1146.1125,0.9600978,12.0,35.0,0.20908515
2,stroke,1146.913,37.31166,29.0,29.5,6.438726
9,stroke,1146.913,10.23378,36.5,37.5,1.5849617
12,stroke,1146.913,4.2288165,6.0,15.5,0.87779623
14,stroke,1146.913,1.4103327,16.5,16.5,0.33629233
4,stroke,1147.94,30.203854,13.5,23.0,3.094036
9,stroke,1147.94,13.473219,45.5,46.0,2.432799
12,stroke,1147.94,7.4280853,28.5,38.5,1.2763839
13,stroke,1147.94,1.3105419,20.0,20.5,0.24405406
14,stroke,1147.94,1.1653728,,17.0,0.3185722
2,stroke,1148.7405,14.854429,40.0,41.0,2.5903332
9,stroke,1148.7405,8.131173,,20.5,1.7593379
12,stroke,1148.7405,6.5362635,25.5,30.5,1.7028044
13,stroke,1148.7405,0.77115536,,43.0,0.25441512
14,stroke,1148.7405,0.98788977,5.0,27.5,0.23997481
4,stroke,1149.5725,27.85773,,21.0,7.598558
9,stroke,1149.5725,9.459427,40.5,40.5,2.1295128
13,stroke,1149.5725,1.3456886,29.5,29.5,0.24660133
14,stroke,1149.5725,1.1459469,42.0,42.0,0.22466725
2,stroke,1150.375,16.378193,,24.0,4.95323
4,stroke,1150.375,34.516487,8.0,40.0,9.564933
13,stroke,1150.375,0.84965444,,45.5,0.22154595
14,stroke,1150.375,1.1058948,,25.0,0.23866412
2,stroke,1151.1945,9.69905,5.0,38.5,2.5063307
4,stroke,1151.1945,15.627993,6.5,17.0,2.2526324
9,stroke,1151.1945,10.6591835,13.0,33.0,1.6887347
12,stroke,1151.1945,14.568938,8.5,20.5,1.0922487
13,stroke,1151.1945,0.94290435,,19.5,0.24303767
14,stroke,1151.1945,0.9081222,,25.5,0.19862303
2,stroke,1152.0145,14.741224,24.0,25.0,2.3947847
4,stroke,1152.0145,22.344269,43.5,44.0,3.6358278
9,stroke,1152.0145,13.289186,18.5,21.0,1.3237065
12,stroke,1152.0145,11.0824795,14.5,48.5,0.85072947
13,stroke,1152.0145,1.582375,43.5,44.5,0.19834964
14,stroke,1152.0145,1.015978,10.0,47.0,0.24958357
9,stroke,1152.839,9.112814,18.5,18.5,2.2284899
14,stroke,1152.839,1.6466231,14.5,40.5,0.23631988
2,stroke,1153.647,22.222254,,30.0,4.8039713
4,stroke,1153.647,61.59916,9.0,32.5,12.752302
9,stroke,1153.647,7.480933,49.5,50.0,1.9782646
12,stroke,1153.647,4.933689,29.0,30.5,1.329748
13,stroke,1153.647,0.96369827,7.0,47.5,0.21983474
14,stroke,1153.647,1.1030636,6.5,22.5,0.22399907
2,stroke,1154.7215,18.470427,33.0,33.5,2.9648528
4,stroke,1154.7215,33.45511,16.5,38.0,2.8489373
9,stroke,1154.7215,8.79825,19.0,20.5,1.8659259
12,stroke,1154.7215,5.1589117,5.0,21.5,1.3430594
13,stroke,1154.7215,1.1385818,24.5,24.5,0.2601761
14,stroke,1154.7215,1.3114152,22.5,22.5,0.25673914
2,stroke,1155.5285,32.2055,32.0,32.0,6.623257
4,stroke,1155.5285,79.70804,5.0,49.5,22.031712
12,stroke,1155.5285,4.38284,5.0,19.0,0.9958692
13,stroke,1155.5285,0.9988768,,34.0,0.25619915
14,stroke,1155.5285,1.0111716,,37.5,0.30953553
4,stroke,1156.372,33.719124,14.0,33.5,2.7357275
9,stroke,1156.372,11.447861,9.0,32.5,1.380055
12,stroke,1156.372,5.662549,12.0,37.5,1.2446117
13,stroke,1156.372,1.166492,,44.0,0.26392156
14,stroke,1156.372,0.85622144,,24.5,0.19986458
2,stroke,1157.2995,20.340626,48.0,48.0,4.093154
4,stroke,1157.2995,42.05526,24.0,48.5,3.0393462
9,stroke,1157.2995,9.947235,18.5,49.0,1.3742948
13,stroke,1157.2995,0.90273625,,38.5,0.26227486
14,stroke,1157.2995,1.2138375,20.0,25.0,0.21826938
2,stroke,1158.1005,27.818531,,39.0,7.253999
4,stroke,1158.1005,229.8646,36.0,36.5,44.054253
9,stroke,1158.1005,5.9079647,6.5,27.0,1.762532
12,stroke,1158.1005,7.706257,7.0,17.0,1.105964
13,stroke,1158.1005,1.1116371,5.0,40.5,0.24734457
14,stroke,1158.1005,0.86999214,,48.0,0.21834773
4,stroke,1158.9025,31.74998,15.0,15.5,4.824414
12,stroke,1158.9025,8.957635,25.0,27.5,2.5099583
13,stroke,1158.9025,1.0880256,10.0,24.5,0.22788335
2,stroke,1159.704,23.78452,14.5,15.0,6.5771337
4,stroke,1159.704,74.41728,,37.0,18.18021
9,stroke,1159.704,7.8266096,45.5,46.0,1.4641081
13,stroke,1159.704,1.1140065,,40.0,0.25203887
14,stroke,1159.704,1.0498447,,36.0,0.27920207
2,stroke,1160.5165,18.617546,12.0,48.5,5.166345
4,stroke,1160.5165,12.73844,16.0,16.5,2.6425788
9,stroke,1160.5165,7.2921305,22.5,23.5,1.7188656
13,stroke,1160.5165,0.93793786,,15.0,0.26925036
14,stroke,1160.5165,1.3983881,16.0,16.5,0.22412111
2,stroke,1161.3175,40.107796,12.0,15.5,5.340907
4,stroke,1161.3175,122.293106,,30.0,28.22157
9,stroke,1161.3175,8.593745,44.5,46.0,1.4487624
13,stroke,1161.3175,0.70225483,,39.0,0.2086669
14,stroke,1161.3175,1.0517265,,38.0,0.27771804
2,stroke,1162.1275,19.884188,,21.0,5.001092
4,stroke,1162.1275,25.316452,28.5,28.5,5.4536386
9,stroke,1162.1275,9.223553,24.5,25.5,1.9330379
12,stroke,1162.1275,3.2073522,5.0,42.5,0.7575082
13,stroke,1162.1275,1.1418113,28.0,28.5,0.1688183
14,stroke,1162.1275,0.8611748,,27.0,0.2732969
2,stroke,1162.9325,29.55738,36.0,37.0,4.046725
4,stroke,1162.9325,42.698006,,33.5,11.090671
9,stroke,1162.9325,6.583278,10.0,15.5,2.0614002
13,stroke,1162.9325,0.8951656,,28.5,0.2694079
14,stroke,1162.9325,0.81644106,,50.0,0.23034675
4,stroke,1163.7335,50.71009,16.0,17.0,8.195177
9,stroke,1163.7335,7.1176553,6.0,16.0,1.4362562
12,stroke,1163.7335,5.656151,16.0,45.5,1.3161583
13,stroke,1163.7335,1.1145257,,38.0,0.3462918
14,stroke,1163.7335,1.0075909,,26.5,0.24257877
4,stroke,1164.5485,43.630955,9.5,20.5,10.345321
12,stroke,1164.5485,5.239649,14.5,17.0,1.2117429
13,stroke,1164.5485,1.2883189,24.5,24.5,0.3023476
14,stroke,1164.5485,1.1549206,,29.0,0.2535918
4,stroke,1165.349,51.152824,,27.0,12.109604
9,stroke,1165.349,6.4440823,25.5,26.5,1.6157606
12,stroke,1165.349,6.4793777,5.0,43.0,1.3079135
13,stroke,1165.349,0.7809732,,39.5,0.25244832
14,stroke,1165.349,1.1190246,,47.5,0.30893704
2,stroke,1166.884,160.55757,5.0,19.5,3.108166
4,stroke,1166.884,38.21296,5.0,18.5,1.5242441
9,stroke,1166.884,17.497467,6.5,17.0,2.523734
12,stroke,1166.884,23.281761,6.0,20.5,3.2787032
13,stroke,1166.884,1.0447537,8.5,33.0,0.21959183
14,stroke,1166.884,1.0041313,,30.0,0.3340781
2,stroke,1168.5925,19.311184,,35.0,5.519356
4,stroke,1168.5925,16.389683,8.5,24.0,2.7999523
9,stroke,1168.5925,6.0168643,8.0,15.0,1.603501
12,stroke,1168.5925,3.9320245,14.0,15.0,1.2123632
13,stroke,1168.5925,1.1239014,16.5,27.5,0.20955577
2,stroke,1170.2435,16.46497,12.0,39.0,3.7082853
4,stroke,1170.2435,33.728035,11.5,38.5,2.6297488
9,stroke,1170.2435,8.239589,12.0,26.0,2.0969818
13,stroke,1170.2435,1.2225225,,39.0,0.340855
14,stroke,1170.2435,0.93383735,,19.5,0.22935624
4,stroke,1171.105,20.096992,25.5,26.0,2.9919562
9,stroke,1171.105,4.532931,25.5,45.5,1.084748
14,stroke,1171.105,1.2792258,32.0,32.5,0.23972179
2,stroke,1172.0695,18.575882,7.5,46.5,4.9629145
4,stroke,1172.0695,30.999695,17.0,22.0,3.0117533
9,stroke,1172.0695,6.978526,12.5,25.5,1.0222026
13,stroke,1172.0695,1.2387755,,15.5,0.2922278
14,stroke,1172.0695,1.2180514,11.5,48.5,0.29233524
2,stroke,1172.9635,188.52733,5.0,19.0,2.6264985
4,stroke,1172.9635,47.796753,5.0,19.0,1.315461
9,stroke,1172.9635,15.514941,6.5,50.0,1.3930808
12,stroke,1172.9635,26.179838,5.0,33.0,1.1408058
13,stroke,1172.9635,1.0642376,13.5,45.0,0.23461244
14,stroke,1172.9635,0.9313399,13.0,28.0,0.18530583
2,stroke,1173.7655,31.639698,17.0,18.5,4.6145034
12,stroke,1173.7655,8.984758,11.0,22.5,1.8325789
13,stroke,1173.7655,0.8221185,,47.5,0.2320052
14,stroke,1173.7655,1.0640848,,27.0,0.28595176
2,stroke,1174.568,18.783527,38.0,38.5,2.7695267
9,stroke,1174.568,8.242379,8.0,19.0,1.6068535
13,stroke,1174.568,1.0310924,,23.5,0.25976148
14,stroke,1174.568,1.2185662,,28.0,0.2929301
4,stroke,1175.5515,49.168133,8.0,34.0,3.3397074
9,stroke,1175.5515,12.287666,24.5,25.5,2.4770842
12,stroke,1175.5515,5.363041,15.5,49.5,0.80346036
13,stroke,1175.5515,1.0441583,11.5,33.5,0.15167992
14,stroke,1175.5515,1.0205398,,30.5,0.24593438
2,stroke,1176.3895,23.78239,13.5,50.0,4.9123173
4,stroke,1176.3895,37.30613,9.5,49.5,2.6927288
9,stroke,1176.3895,6.4295936,5.0,26.0,1.5375584
12,stroke,1176.3895,6.250519,9.0,28.5,1.1997254
13,stroke,1176.3895,1.6670256,19.0,19.5,0.26872805
14,stroke,1176.3895,1.2104561,27.5,46.0,0.23257308
2,stroke,1177.19,23.420498,,48.0,5.424214
4,stroke,1177.19,44.52719,8.5,48.0,12.649486
9,stroke,1177.19,8.802891,5.0,24.5,1.3057709
13,stroke,1177.19,1.0943035,18.0,18.0,0.21816424
14,stroke,1177.19,1.0617359,,38.0,0.25763905
2,stroke,1178.1415,21.435272,,48.5,5.677221
4,stroke,1178.1415,44.020554,18.0,49.0,2.362047
9,stroke,1178.1415,6.3323855,20.0,20.0,1.9734389
12,stroke,1178.1415,11.786509,45.5,47.0,1.9786854
13,stroke,1178.1415,1.0339918,,27.0,0.24596027
14,stroke,1178.1415,0.80747044,,33.5,0.25756148
2,stroke,1179.657,16.364483,42.5,43.5,4.103692
4,stroke,1179.657,74.6751,9.0,33.5,2.8359318
13,stroke,1179.657,1.1350969,,39.5,0.27289522
14,stroke,1179.657,1.0116903,,35.5,0.23723166
2,stroke,1180.47,27.583881,43.5,44.0,5.285674
9,stroke,1180.47,4.900404,,23.5,1.4385209
13,stroke,1180.47,1.4050109,33.0,33.5,0.2609857
14,stroke,1180.47,1.3744441,7.5,46.5,0.22488159
2,stroke,1181.7285,25.066479,43.5,44.5,2.999132
4,stroke,1181.7285,73.224655,7.0,22.0,4.2870674
9,stroke,1181.7285,6.7417097,41.5,44.0,1.2108546
12,stroke,1181.7285,5.0671177,12.5,50.0,1.3957156
13,stroke,1181.7285,1.0323389,,18.0,0.29937756
14,stroke,1181.7285,0.85199517,,27.0,0.18946843
2,stroke,1182.5295,27.962814,,20.5,8.59547
4,stroke,1182.5295,166.27292,6.0,29.5,23.624311
13,stroke,1182.5295,1.1152937,5.5,49.0,0.21216531
14,stroke,1182.5295,0.905499,,48.0,0.25080013
2,stroke,1183.331,14.126159,,32.5,3.894539
4,stroke,1183.331,60.938812,22.5,39.0,9.734454
9,stroke,1183.331,9.060698,,16.0,2.7236822
12,stroke,1183.331,6.962908,,40.5,1.8866787
13,stroke,1183.331,0.92099595,5.5,45.0,0.26549202
14,stroke,1183.331,1.6173012,28.0,28.5,0.26772404
2,stroke,1184.138,25.61231,27.0,27.0,5.9134245
9,stroke,1184.138,5.1820908,32.0,33.0,0.9541264
12,stroke,1184.138,9.010183,5.0,50.0,2.4870033
13,stroke,1184.138,1.1742887,,36.5,0.29993495
14,stroke,1184.138,1.2889249,24.5,24.5,0.27583602
2,stroke,1184.9395,29.138027,,28.5,6.691221
4,stroke,1184.9395,24.074764,7.0,34.5,5.1998057
9,stroke,1184.9395,6.143456,,31.0,1.5195379
12,stroke,1184.9395,8.28834,5.0,49.5,1.5263655
13,stroke,1184.9395,1.0205271,,21.0,0.25770387
2,stroke,1186.219,25.073952,,38.5,5.635809
4,stroke,1186.219,60.045,14.5,45.0,4.1371126
9,stroke,1186.219,4.955554,12.0,50.0,1.3419979
12,stroke,1186.219,9.64012,5.0,29.0,1.3293301
13,stroke,1186.219,1.3085986,7.5,16.5,0.2480628
14,stroke,1186.219,1.3468068,,33.0,0.32634974
2,stroke,1187.0195,24.595272,5.0,44.0,4.730593
4,stroke,1187.0195,152.6701,14.5,15.0,21.09059
9,stroke,1187.0195,7.917181,46.5,46.5,1.6695758
12,stroke,1187.0195,7.516774,25.5,45.0,1.3423886
13,stroke,1187.0195,1.0115674,,24.5,0.23970897
14,stroke,1187.0195,1.6052135,41.5,42.0,0.23012328
4,stroke,1187.82,71.8911,29.5,30.0,16.014227
12,stroke,1187.82,6.550435,46.0,47.5,1.058735
13,stroke,1187.82,0.92043203,,38.5,0.24041964
2,stroke,1188.638,18.410355,32.0,32.5,4.0979686
4,stroke,1188.638,36.62988,45.5,46.0,6.33027
9,stroke,1188.638,8.442716,44.5,45.5,1.613955
14,stroke,1188.638,0.9698816,,24.0,0.21992096
2,stroke,1189.669,23.130003,47.5,47.5,6.020872
4,stroke,1189.669,27.550827,10.0,50.0,4.1196585
9,stroke,1189.669,4.431828,9.0,16.5,0.9056422
12,stroke,1189.669,9.115067,5.0,41.0,1.141731
13,stroke,1189.669,0.9822345,,19.5,0.29923725
14,stroke,1189.669,1.1698684,,33.0,0.25692922
2,stroke,1190.4695,49.1014,28.0,29.0,7.9012117
4,stroke,1190.4695,125.76042,21.5,24.5,16.31107
12,stroke,1190.4695,5.4382343,5.0,27.5,1.5645462
13,stroke,1190.4695,0.9969354,,36.5,0.31641844
14,stroke,1190.4695,1.2113452,,49.5,0.28563407
2,stroke,1191.905,15.121992,,31.5,4.7827168
4,stroke,1191.905,27.296764,45.0,45.5,4.7112684
13,stroke,1191.905,1.0516846,,38.5,0.25708085
14,stroke,1191.905,0.94446266,,34.0,0.24109383
2,stroke,1192.706,58.985435,19.5,31.5,8.240708
4,stroke,1192.706,100.27075,45.5,46.5,13.255639
9,stroke,1192.706,5.700661,17.0,17.0,1.2127099
12,stroke,1192.706,9.479979,5.0,38.0,1.281793
13,stroke,1192.706,1.2156672,,50.0,0.25978744
14,stroke,1192.706,1.0756992,,33.5,0.2905231
4,stroke,1194.33,45.436806,18.5,33.5,5.3466763
9,stroke,1194.33,7.483598,,19.5,2.035914
13,stroke,1194.33,1.0359321,22.5,22.5,0.21412642
14,stroke,1194.33,1.1130524,,38.0,0.2665598
2,stroke,1195.132,21.977076,,40.0,5.9011164
4,stroke,1195.132,37.128056,38.5,39.0,6.965377
9,stroke,1195.132,12.571542,5.0,16.0,1.6440055
13,stroke,1195.132,0.94736576,11.5,17.5,0.1946116
14,stroke,1195.132,0.96760535,,42.0,0.222637
2,stroke,1195.9955,20.325645,8.0,46.5,4.3846254
4,stroke,1195.9955,11.718721,34.0,40.0,2.7818928
13,stroke,1195.9955,1.2028987,40.5,41.0,0.20158602
14,stroke,1195.9955,1.2199993,30.0,30.5,0.25673568
4,stroke,1196.796,82.72476,16.0,16.5,12.193545
9,stroke,1196.796,10.359143,19.0,50.0,1.3480293
12,stroke,1196.796,8.171512,5.0,15.0,1.7307129
13,stroke,1196.796,0.8383125,,34.5,0.26336253
14,stroke,1196.796,1.090639,7.0,46.0,0.24284156
2,stroke,1197.6585,20.342888,23.5,23.5,5.323596
4,stroke,1197.6585,18.603844,17.0,17.5,2.9897785
13,stroke,1197.6585,0.8493668,5.0,45.5,0.2338092
14,stroke,1197.6585,1.1688619,24.5,24.5,0.237247
2,stroke,1198.46,26.577972,20.5,20.5,6.318786
4,stroke,1198.46,64.83617,28.0,29.0,6.4464865
9,stroke,1198.46,9.671322,12.5,17.5,1.0180597
14,stroke,1198.46,1.061295,,28.0,0.3031259
2,stroke,1199.2695,36.63333,24.0,24.0,6.4686866
4,stroke,1199.2695,130.97899,7.0,39.0,12.560463
9,stroke,1199.2695,8.339867,22.5,33.0,1.3584254
12,stroke,1199.2695,11.961957,20.5,30.5,2.077967
13,stroke,1199.2695,0.7999891,,22.0,0.22750726
14,stroke,1199.2695,0.9694759,,39.5,0.2425675
2,stroke,1200.614,19.964685,8.0,50.0,2.4427335
4,stroke,1200.614,43.4215,6.0,47.5,1.8042076
9,stroke,1200.614,5.2166014,,45.0,1.6808043
12,stroke,1200.614,5.3169675,32.0,35.5,1.4120072
13,stroke,1200.614,1.5449462,43.0,43.0,0.3267842
14,stroke,1200.614,1.0940015,8.5,16.0,0.25324
2,stroke,1201.4145,53.83761,25.5,26.0,9.0472555
4,stroke,1201.4145,137.44612,,20.0,30.101248
9,stroke,1201.4145,9.229653,42.0,43.0,2.3239834
13,stroke,1201.4145,0.850965,,25.5,0.22616646
2,stroke,1202.5945,15.457774,32.5,33.0,4.155632
4,stroke,1202.5945,39.252045,9.0,30.5,1.8754967
9,stroke,1202.5945,7.2358,29.5,31.0,1.5008625
12,stroke,1202.5945,6.0395317,5.0,31.0,0.99487215
13,stroke,1202.5945,1.3078709,49.5,50.0,0.22014922
14,stroke,1202.5945,0.819106,,25.5,0.1949113
2,stroke,1203.635,27.913815,13.5,15.0,6.4458027
4,stroke,1203.635,33.354713,6.5,20.5,3.3816473
9,stroke,1203.635,6.8775883,40.0,40.5,1.4549664
12,stroke,1203.635,7.2735744,23.5,37.5,2.110096
13,stroke,1203.635,1.0362425,,42.0,0.27704966
14,stroke,1203.635,0.9661809,,16.5,0.25667563
4,stroke,1204.4505,72.29994,,39.5,19.627296
9,stroke,1204.4505,6.351848,11.0,27.0,1.7096683
13,stroke,1204.4505,0.96947765,34.5,34.5,0.23673435
14,stroke,1204.4505,1.2944281,24.5,32.5,0.24272127
2,stroke,1205.5005,29.83685,18.5,18.5,7.2898827
4,stroke,1205.5005,52.222935,36.5,43.0,3.0479171
9,stroke,1205.5005,7.0683117,,37.0,1.6731985
12,stroke,1205.5005,4.4891205,5.0,18.5,1.2764634
13,stroke,1205.5005,0.9548601,,42.5,0.2558284
14,stroke,1205.5005,1.0552105,,23.0,0.24538723
2,stroke,1206.3145,56.759262,42.5,43.5,6.702409
4,stroke,1206.3145,48.49328,6.5,50.0,10.107876
13,stroke,1206.3145,1.0113126,,49.5,0.27661654
14,stroke,1206.3145,1.3036984,32.5,32.5,0.30014697
2,stroke,1207.5215,648.8538,46.0,50.0,6.012045
4,stroke,1207.5215,167.31917,7.5,50.0,3.2321997
9,stroke,1207.5215,44.903687,48.0,50.0,1.8155518
12,stroke,1207.5215,104.15971,10.5,50.0,1.0861527
13,stroke,1207.5215,0.9590368,,20.5,0.300331
14,stroke,1207.5215,1.2515498,34.0,34.5,0.20999932
4,stroke,1208.3245,64.32008,43.0,47.5,13.17128
9,stroke,1208.3245,8.482466,,38.5,2.1014647
13,stroke,1208.3245,1.4939828,,28.5,0.308739
14,stroke,1208.3245,1.2504885,35.5,35.5,0.26481327
4,stroke,1209.721,18.614162,24.0,24.5,3.6219394
9,stroke,1209.721,7.9553633,17.0,22.5,1.0818537
12,stroke,1209.721,4.279438,5.5,48.5,1.000386
13,stroke,1209.721,1.5140486,23.0,23.5,0.2762498
14,stroke,1209.721,0.9975476,48.0,48.5,0.19912875
2,stroke,1211.678,18.705914,5.0,15.0,4.3588734
4,stroke,1211.678,30.789982,8.5,44.5,3.1636736
9,stroke,1211.678,6.6583066,16.5,45.0,1.4513309
13,stroke,1211.678,0.93957055,,28.0,0.22915573
14,stroke,1211.678,1.1133938,30.5,46.0,0.16078776
4,stroke,1212.483,70.46123,16.5,16.5,15.05141
9,stroke,1212.483,6.849672,5.0,17.5,1.3308951
12,stroke,1212.483,5.0390377,6.5,27.5,1.3112907
13,stroke,1212.483,1.6020433,16.5,29.5,0.22697209
14,stroke,1212.483,1.1141406,43.5,44.0,0.22917934
2,stroke,1213.563,46.84993,5.0,44.5,3.8327744
4,stroke,1213.563,55.73745,8.0,23.5,4.122424
12,stroke,1213.563,5.4919944,9.5,19.0,0.9209549
13,stroke,1213.563,0.9868855,,18.5,0.26387584
14,stroke,1213.563,1.0600421,31.0,44.5,0.2196313
2,stroke,1214.387,25.769804,15.5,16.0,5.730897
4,stroke,1214.387,61.778275,,33.5,15.093519
9,stroke,1214.387,12.449473,5.0,19.5,1.308949
13,stroke,1214.387,0.9445782,,42.5,0.27292502
14,stroke,1214.387,1.0541239,,33.5,0.25325465
9,stroke,1215.1895,5.1359234,40.0,50.0,1.2576835
12,stroke,1215.1895,7.601382,41.5,42.0,1.5806865
13,stroke,1215.1895,1.3616583,38.0,38.5,0.22339351
14,stroke,1215.1895,1.0822142,39.5,39.5,0.2302771
4,stroke,1216.0045,58.159775,20.0,20.5,9.326055
9,stroke,1216.0045,7.9812164,28.5,42.0,1.5673895
12,stroke,1216.0045,4.084656,18.0,50.0,1.3039963
13,stroke,1216.0045,1.0498483,9.5,27.5,0.15483084
14,stroke,1216.0045,0.9372032,,17.0,0.24956065
4,stroke,1216.88,40.482216,5.0,17.5,1.4819105
9,stroke,1216.88,7.3697505,,26.5,2.2910647
12,stroke,1216.88,8.339643,5.0,30.0,1.092035
13,stroke,1216.88,1.3991091,45.0,45.5,0.21687339
14,stroke,1216.88,1.1176589,45.0,45.0,0.23355307
2,stroke,1218.2605,328.15207,5.0,19.5,1.2764162
4,stroke,1218.2605,66.860535,5.0,19.5,1.0604922
9,stroke,1218.2605,19.412176,5.0,19.5,1.7139096
12,stroke,1218.2605,53.34592,5.0,20.0,1.7406495
13,stroke,1218.2605,1.1320243,,25.0,0.26858553
14,stroke,1218.2605,1.3267547,,38.0,0.29874444
2,stroke,1219.066,17.070827,13.5,24.0,2.6845658
4,stroke,1219.066,57.248886,,24.5,17.404055
9,stroke,1219.066,6.0785995,50.0,50.0,1.6607205
12,stroke,1219.066,5.108996,5.0,49.0,1.5070019
13,stroke,1219.066,0.939125,,21.0,0.23505002
14,stroke,1219.066,0.8254937,,30.0,0.23948805
2,stroke,1219.869,26.88229,26.5,31.0,3.1293116
4,stroke,1219.869,74.35812,,18.0,24.331879
9,stroke,1219.869,6.9611764,10.5,27.0,1.1477997
13,stroke,1219.869,0.8353207,,16.5,0.24902561
14,stroke,1219.869,1.0163655,,15.5,0.27245605
13,stroke,1220.675,1.163038,45.0,45.0,0.24905886
14,stroke,1220.675,1.1869166,38.0,38.5,0.19114156
2,stroke,1221.4765,22.050343,13.5,17.0,6.015755
4,stroke,1221.4765,99.89264,,18.5,31.202682
9,stroke,1221.4765,6.372823,,38.5,1.7021607
12,stroke,1221.4765,8.577864,35.5,42.5,1.5743299
13,stroke,1221.4765,1.2390263,,25.5,0.32160634
14,stroke,1221.4765,0.9130676,,48.5,0.28699467
4,stroke,1223.823,36.161606,38.5,41.5,3.035933
9,stroke,1223.823,6.563609,5.5,45.5,2.0866115
13,stroke,1223.823,0.99260616,,27.0,0.28854126
2,stroke,1224.6235,21.659088,10.5,33.5,5.462731
4,stroke,1224.6235,228.4095,21.5,22.0,26.991375
9,stroke,1224.6235,13.51215,10.0,16.5,1.3250417
12,stroke,1224.6235,7.52434,5.0,15.0,1.1074071
13,stroke,1224.6235,1.1892698,,47.5,0.2865028
14,stroke,1224.6235,1.0625898,,30.5,0.28007406
2,stroke,1226.387,15.96811,,34.5,4.2183223
4,stroke,1226.387,29.07091,5.0,48.5,3.849867
9,stroke,1226.387,7.432036,22.0,23.5,1.8222505
13,stroke,1226.387,1.0666955,,15.5,0.29039612
14,stroke,1226.387,1.1712291,,45.0,0.25195175
2,stroke,1227.188,27.336033,14.0,15.0,6.861437
13,stroke,1227.188,0.93664455,35.5,36.0,0.21650496
14,stroke,1227.188,1.2287291,,19.5,0.2827571
4,stroke,1228.5275,32.340847,20.0,21.5,2.723085
13,stroke,1228.5275,1.1617627,18.0,21.0,0.19638388
14,stroke,1228.5275,0.8221492,,45.0,0.24421805
4,stroke,1229.3295,58.22572,,37.0,17.400963
9,stroke,1229.3295,7.8266997,45.5,46.0,1.7033225
12,stroke,1229.3295,5.005805,5.5,15.0,0.88955754
14,stroke,1229.3295,1.0292366,27.5,27.5,0.20834623
2,stroke,1230.663,18.326662,,35.0,5.28615
4,stroke,1230.663,23.216457,6.0,44.0,2.2544484
9,stroke,1230.663,7.614628,24.5,32.5,2.3902993
12,stroke,1230.663,6.3268833,13.0,18.5,1.0412066
13,stroke,1230.663,1.0371472,,40.0,0.26653793
14,stroke,1230.663,0.9462007,12.0,28.5,0.23286226
2,stroke,1231.465,30.774513,,17.5,7.3247623
9,stroke,1231.465,6.247741,5.0,43.0,1.6317531
13,stroke,1231.465,1.204237,34.5,35.0,0.19079639
2,stroke,1232.9665,31.198898,36.5,50.0,3.315712
4,stroke,1232.9665,39.663845,27.5,49.0,2.1120145
9,stroke,1232.9665,6.0692077,29.5,29.5,1.6732936
12,stroke,1232.9665,4.197638,5.0,38.0,0.8018406
13,stroke,1232.9665,1.0679252,,49.0,0.24169862
14,stroke,1232.9665,1.2058719,9.0,34.5,0.18084905
2,stroke,1233.7775,29.25444,,48.0,6.977388
9,stroke,1233.7775,7.970742,14.0,21.0,2.2028732
13,stroke,1233.7775,1.1066883,,27.0,0.30695337
14,stroke,1233.7775,1.1144232,36.0,37.0,0.20330426
2,stroke,1234.9585,12.392466,6.0,41.0,3.3482885
4,stroke,1234.9585,86.569176,27.5,32.0,3.5522838
9,stroke,1234.9585,8.83259,20.0,50.0,1.2455223
13,stroke,1234.9585,1.2977939,32.0,32.5,0.23494513
14,stroke,1234.9585,1.1138246,15.0,15.5,0.181722
2,stroke,1235.7665,17.507591,,38.5,5.15126
4,stroke,1235.7665,123.938034,26.0,27.0,11.123076
9,stroke,1235.7665,7.7177925,29.0,30.0,1.3738858
12,stroke,1235.7665,5.3568187,5.0,46.5,0.78244174
13,stroke,1235.7665,0.8442276,,18.5,0.22804467
14,stroke,1235.7665,1.1847737,8.5,36.5,0.25585586
2,stroke,1236.5825,25.485554,,32.0,6.76949
4,stroke,1236.5825,50.193275,43.0,43.5,8.178651
9,stroke,1236.5825,6.613866,,25.0,1.8909061
13,stroke,1236.5825,1.7785401,35.5,36.0,0.29031172
14,stroke,1236.5825,0.9115381,37.0,37.0,0.18354441
2,stroke,1237.9315,28.159773,38.5,47.0,4.833987
4,stroke,1237.9315,24.67435,33.5,36.5,2.9055982
9,stroke,1237.9315,9.916477,12.5,48.0,1.3320045
12,stroke,1237.9315,4.61292,19.0,41.5,0.8366126
13,stroke,1237.9315,1.2993715,25.0,25.5,0.28156763
14,stroke,1237.9315,1.0791717,25.5,26.0,0.22771247
2,stroke,1238.755,30.327232,16.5,17.0,5.4201922
4,stroke,1238.755,42.569107,11.5,24.0,4.573496
9,stroke,1238.755,13.028808,8.5,47.0,1.2892889
12,stroke,1238.755,6.3182945,5.0,18.5,1.4855908
13,stroke,1238.755,1.1863432,29.5,29.5,0.26442778
14,stroke,1238.755,1.267569,20.0,46.0,0.20837763
2,stroke,1240.8485,332.63428,5.0,19.5,3.526843
4,stroke,1240.8485,71.22099,5.0,19.5,1.1525427
9,stroke,1240.8485,31.2575,5.0,19.5,1.5173621
12,stroke,1240.8485,56.317356,5.0,20.0,1.3191665
13,stroke,1240.8485,1.1660688,24.5,25.0,0.22865252
14,stroke,1240.8485,1.0650817,,33.0,0.24290419
2,stroke,1241.651,26.038603,10.5,19.0,6.9690285
4,stroke,1241.651,305.18225,39.0,40.0,38.6037
9,stroke,1241.651,7.1214848,33.5,34.5,1.3403149
12,stroke,1241.651,5.64375,26.5,27.0,1.4552491
13,stroke,1241.651,1.0413141,49.0,49.0,0.2593891
14,stroke,1241.651,0.9671062,,20.0,0.27111438
2,stroke,1242.467,22.462112,5.5,23.0,3.3241198
4,stroke,1242.467,145.0816,20.5,24.0,7.712893
9,stroke,1242.467,7.102262,5.0,15.0,1.470351
12,stroke,1242.467,7.515648,29.5,30.5,2.0937474
13,stroke,1242.467,1.1309236,21.5,21.5,0.23319156
14,stroke,1242.467,1.1044983,,29.5,0.2396395
2,stroke,1243.2675,18.33135,33.5,34.5,2.7903924
9,stroke,1243.2675,6.0333667,43.5,44.5,1.5193068
12,stroke,1243.2675,4.4330006,7.5,21.0,1.3466994
13,stroke,1243.2675,0.9391311,,23.0,0.23820941
14,stroke,1243.2675,1.0109614,29.0,29.5,0.24279527
2,stroke,1244.0735,23.623259,26.5,43.0,3.1706414
4,stroke,1244.0735,34.89789,5.0,33.0,4.9915032
9,stroke,1244.0735,11.218298,28.0,28.0,2.4310377
13,stroke,1244.0735,0.8005718,,17.5,0.2578588
14,stroke,1244.0735,1.6112984,22.0,22.5,0.2922842
2,stroke,1246.195,303.7,5.0,19.5,3.7376292
4,stroke,1246.195,66.58261,5.0,19.5,1.3303491
9,stroke,1246.195,27.735558,5.0,19.5,1.2216192
12,stroke,1246.195,42.686317,5.0,20.0,0.78829354
13,stroke,1246.195,1.0174706,,26.0,0.28792733
14,stroke,1246.195,1.3404117,35.5,36.5,0.21463211
2,stroke,1246.9965,24.594408,38.0,38.0,4.790636
4,stroke,1246.9965,170.3324,20.5,23.0,31.616314
9,stroke,1246.9965,4.8439846,11.0,48.5,1.2881695
12,stroke,1246.9965,4.3642526,5.0,30.5,1.2746841
13,stroke,1246.9965,0.9504279,6.0,44.5,0.23019925
14,stroke,1246.9965,1.1533287,,34.0,0.3111314
2,stroke,1248.8855,326.7322,5.0,20.0,3.734264
4,stroke,1248.8855,69.73182,5.0,19.5,2.1276555
9,stroke,1248.8855,33.10632,5.0,20.5,1.0821184
12,stroke,1248.8855,48.59851,5.0,20.5,0.9209061
13,stroke,1248.8855,0.80380005,,25.0,0.23891279
14,stroke,1248.8855,1.180743,,28.5,0.3178818
2,stroke,1249.686,28.744862,14.0,28.0,4.559945
4,stroke,1249.686,318.15613,27.0,30.5,37.521923
9,stroke,1249.686,7.2444577,37.0,37.5,2.0940142
12,stroke,1249.686,5.133848,5.0,23.0,1.1036711
13,stroke,1249.686,1.3596972,33.0,34.0,0.19481789
14,stroke,1249.686,1.2831645,21.0,22.0,0.16340628
2,stroke,1251.335,11.560658,12.0,16.0,3.4503555
4,stroke,1251.335,33.007847,7.5,34.0,2.889646
13,stroke,1251.335,0.9699924,,45.0,0.220706
14,stroke,1251.335,0.8644037,,44.0,0.20117027
2,stroke,1252.1375,31.422838,,50.0,7.2729692
4,stroke,1252.1375,273.6645,44.0,44.5,51.733562
12,stroke,1252.1375,5.165036,23.0,40.0,1.1614199
13,stroke,1252.1375,1.066433,,31.0,0.2471865
14,stroke,1252.1375,1.1504385,,31.0,0.24997967
2,stroke,1253.6785,17.053528,10.0,48.5,3.7487109
4,stroke,1253.6785,30.592262,5.0,38.0,1.7611613
9,stroke,1253.6785,5.977401,,40.0,1.4808911
13,stroke,1253.6785,0.95947844,,15.5,0.30475157
14,stroke,1253.6785,1.0396011,,50.0,0.28528804
2,stroke,1254.48,28.893295,7.0,23.5,5.349662
4,stroke,1254.48,146.84534,25.0,25.5,31.491411
9,stroke,1254.48,7.3971996,,38.5,2.1199927
12,stroke,1254.48,7.563623,5.0,23.5,1.6084325
13,stroke,1254.48,1.1830437,,44.5,0.28447244
2,stroke,1255.8445,19.722841,7.0,22.0,3.66378
4,stroke,1255.8445,39.972816,23.0,41.5,4.0581326
9,stroke,1255.8445,9.290901,5.0,18.5,1.1895707
12,stroke,1255.8445,4.4612956,7.5,33.5,1.1492001
13,stroke,1255.8445,1.0280234,,46.5,0.226324
14,stroke,1255.8445,0.83004576,,47.5,0.23869005
2,stroke,1256.645,34.42128,,46.5,8.619805
4,stroke,1256.645,115.4518,,22.0,36.45189
13,stroke,1256.645,1.3437816,27.0,27.5,0.2526008
2,stroke,1257.831,18.343393,30.5,48.5,3.7196143
4,stroke,1257.831,63.09152,17.5,49.5,3.635022
9,stroke,1257.831,6.758752,22.5,23.5,1.8910649
12,stroke,1257.831,8.05975,8.0,15.0,1.4801753
14,stroke,1257.831,1.260859,43.0,43.5,0.24011612
2,stroke,1258.6345,40.704887,16.5,17.5,6.759247
4,stroke,1258.6345,56.917236,7.5,36.5,17.44304
9,stroke,1258.6345,6.3223763,32.5,33.0,1.4491369
13,stroke,1258.6345,0.99406755,,15.0,0.22942701
14,stroke,1258.6345,1.4544644,22.0,22.5,0.24821995
2,stroke,1260.2985,25.570654,34.0,34.0,5.011453
4,stroke,1260.2985,62.58139,18.5,33.5,2.4809587
9,stroke,1260.2985,8.212407,47.0,49.0,1.7910233
12,stroke,1260.2985,6.38319,5.0,15.0,1.8990269
13,stroke,1260.2985,1.0203409,,49.0,0.25301862
14,stroke,1260.2985,0.76451427,,44.0,0.2278082
2,stroke,1261.566,21.680437,11.5,39.5,4.4055047
4,stroke,1261.566,43.735237,8.5,27.0,3.517061
9,stroke,1261.566,6.141116,,27.5,1.9050735
12,stroke,1261.566,4.209202,5.0,15.0,1.355236
13,stroke,1261.566,1.0248905,,18.0,0.2836492
2,stroke,1262.8795,26.9571,45.5,46.0,5.2293673
4,stroke,1262.8795,24.499239,11.5,47.5,3.2657943
9,stroke,1262.8795,5.410367,44.5,44.5,1.4622282
12,stroke,1262.8795,6.9935465,,48.0,1.8287257
13,stroke,1262.8795,1.060052,,24.0,0.351811
14,stroke,1262.8795,1.0073342,,29.0,0.31025726
2,stroke,1263.6805,50.3303,16.0,17.0,5.9528384
4,stroke,1263.6805,21.934868,,24.5,6.4948072
12,stroke,1263.6805,5.412885,12.5,23.0,1.217693
13,stroke,1263.6805,1.1237833,,40.0,0.24283253
14,stroke,1263.6805,0.8617475,,22.5,0.20880885
2,stroke,1264.898,19.094444,,40.0,5.70371
4,stroke,1264.898,20.973825,5.5,48.5,4.0924973
9,stroke,1264.898,6.845657,38.0,39.0,1.1489068
12,stroke,1264.898,9.943234,10.0,32.0,0.96377677
14,stroke,1264.898,1.0194823,38.0,38.5,0.24949238
2,stroke,1265.6985,30.51464,,29.5,7.110686
4,stroke,1265.6985,46.35675,5.0,24.0,7.797015
9,stroke,1265.6985,5.2452717,39.0,39.0,1.5606997
12,stroke,1265.6985,4.126638,5.5,44.5,1.2302234
13,stroke,1265.6985,0.94884175,,34.0,0.28639266
14,stroke,1265.6985,0.9608382,,15.0,0.25797036
2,stroke,1266.5185,22.942408,20.5,21.0,4.860584
4,stroke,1266.5185,46.384377,25.5,29.0,8.32007
9,stroke,1266.5185,5.280822,,33.0,1.5885172
12,stroke,1266.5185,6.2152815,10.5,36.5,1.1385665
13,stroke,1266.5185,0.99856657,46.5,47.0,0.16893366
14,stroke,1266.5185,0.7927933,,34.0,0.21586308
2,stroke,1267.3295,19.651398,9.0,27.0,4.808948
4,stroke,1267.3295,46.86571,41.5,42.5,5.7587466
9,stroke,1267.3295,9.528643,6.5,16.5,1.5494915
13,stroke,1267.3295,1.4089103,,31.5,0.30469137
14,stroke,1267.3295,1.4524927,30.5,31.0,0.23854175
2,stroke,1268.8245,15.794032,9.5,35.5,4.3186417
4,stroke,1268.8245,22.267864,13.5,43.5,1.8590842
9,stroke,1268.8245,7.0404167,6.5,15.5,1.2891666
12,stroke,1268.8245,9.620333,5.0,47.0,1.2856461
13,stroke,1268.8245,1.0338778,50.0,50.0,0.19874568
14,stroke,1268.8245,0.92016214,,25.5,0.24174117
4,stroke,1269.626,79.88391,,37.5,17.341158
9,stroke,1269.626,4.439515,6.5,18.5,0.808359
12,stroke,1269.626,8.104622,36.0,44.0,1.9842052
14,stroke,1269.626,0.9570155,,37.5,0.21944767
2,stroke,1270.8235,22.117508,,24.0,5.4319534
4,stroke,1270.8235,16.760994,15.5,16.5,1.6949784
9,stroke,1270.8235,5.1961594,27.0,28.0,1.2053808
12,stroke,1270.8235,9.178499,14.0,46.0,1.4414519
13,stroke,1270.8235,1.1871588,,34.0,0.3001044
14,stroke,1270.8235,1.1620979,47.5,48.0,0.21796803
2,stroke,1271.624,38.335327,40.0,40.5,7.5277696
9,stroke,1271.624,5.2488804,43.5,44.0,1.2099704
12,stroke,1271.624,6.646261,9.5,18.5,1.4016593
13,stroke,1271.624,0.8258722,,47.0,0.22780423
14,stroke,1271.624,1.2947668,22.0,22.0,0.27052683
2,stroke,1273.5325,23.49911,,26.5,6.420422
4,stroke,1273.5325,13.728155,7.0,30.5,3.4009824
9,stroke,1273.5325,6.5138674,5.5,21.5,1.3608011
12,stroke,1273.5325,14.41771,15.0,21.0,2.2097418
13,stroke,1273.5325,0.8922999,,25.0,0.22183524
14,stroke,1273.5325,1.1669661,18.5,27.0,0.17603414
2,stroke,1274.336,21.36378,,39.5,7.1026235
4,stroke,1274.336,76.86501,,45.0,20.670895
13,stroke,1274.336,1.403662,35.5,36.0,0.26549724
14,stroke,1274.336,1.1152525,6.0,44.0,0.21748601
2,stroke,1275.537,18.37611,,25.0,5.87736
4,stroke,1275.537,34.366512,34.0,35.0,3.1790113
12,stroke,1275.537,6.440314,21.0,26.0,2.140837
13,stroke,1275.537,1.0649663,6.0,15.0,0.14898542
14,stroke,1275.537,0.968005,,40.0,0.2908538
2,stroke,1276.3645,25.304337,,19.5,6.6589537
9,stroke,1276.3645,4.0957646,6.5,41.0,1.0613879
14,stroke,1276.3645,0.6638882,,20.0,0.20866427
2,stroke,1280.6505,32.320766,44.5,45.5,5.87934
4,stroke,1280.6505,37.069016,7.0,42.5,3.0341823
9,stroke,1280.6505,11.284663,18.5,19.5,2.9550202
12,stroke,1280.6505,4.6583023,5.0,26.5,1.140114
13,stroke,1280.6505,1.10693,,38.5,0.2764695
14,stroke,1280.6505,1.1374056,,43.5,0.25120303
2,stroke,1283.313,20.882923,10.0,38.5,3.3638315
4,stroke,1283.313,41.09554,15.5,36.5,3.1065965
9,stroke,1283.313,6.1774626,23.5,24.5,1.3544215
13,stroke,1283.313,0.84898317,,28.0,0.21568517
14,stroke,1283.313,1.2302549,20.0,20.5,0.26114532
2,stroke,1284.1135,49.48055,34.0,34.5,9.439214
9,stroke,1284.1135,6.5241203,11.5,18.5,1.5233355
13,stroke,1284.1135,0.92377186,,15.0,0.24583685
14,stroke,1284.1135,1.0826235,46.5,46.5,0.22772704
2,stroke,1284.9215,9.480587,5.0,38.5,1.8090246
9,stroke,1284.9215,5.4695244,36.5,36.5,1.4645842
13,stroke,1284.9215,0.85261303,9.0,48.5,0.19394946
14,stroke,1284.9215,1.2308109,38.5,39.5,0.20192452
2,stroke,1286.622,12.246878,45.5,47.0,2.0880225
4,stroke,1286.622,27.035095,8.5,40.5,2.1364682
9,stroke,1286.622,5.2333765,10.0,36.0,0.8153437
12,stroke,1286.622,4.8718266,7.5,30.0,1.2181909
13,stroke,1286.622,0.8866621,,41.5,0.27239043
14,stroke,1286.622,1.0765694,,41.0,0.2778976
2,stroke,1287.4245,55.594517,10.0,17.5,5.5162516
9,stroke,1287.4245,6.993896,22.0,29.5,2.1990964
12,stroke,1287.4245,19.353912,9.0,26.5,3.4593732
13,stroke,1287.4245,1.0470498,,42.0,0.21211171
14,stroke,1287.4245,1.1407331,40.0,40.5,0.23612258
2,stroke,1288.7085,5.4299207,7.5,17.0,1.5391885
4,stroke,1288.7085,37.179405,28.0,31.0,4.11295
9,stroke,1288.7085,5.058379,47.0,47.5,1.4378306
12,stroke,1288.7085,3.5256114,26.0,39.0,0.98956275
13,stroke,1288.7085,0.9848764,14.5,43.5,0.24463974
14,stroke,1288.7085,1.2605482,9.0,44.5,0.22464135
2,stroke,1289.509,14.5578,29.0,29.5,2.2751982
4,stroke,1289.509,35.633846,,43.5,11.000208
12,stroke,1289.509,6.47655,,49.0,1.5350575
13,stroke,1289.509,0.94253385,10.0,46.0,0.18932487
14,stroke,1289.509,0.8626728,,15.0,0.22107086
4,stroke,1290.6815,23.844501,5.5,28.0,2.591768
9,stroke,1290.6815,6.945797,,46.5,1.8908297
12,stroke,1290.6815,3.886875,41.5,47.5,1.1231188
13,stroke,1290.6815,1.1909394,7.0,20.0,0.25390017
14,stroke,1290.6815,1.0739288,,24.0,0.24720249
2,stroke,1292.8145,156.78531,6.5,15.0,2.9402745
4,stroke,1292.8145,31.855825,9.0,15.0,3.360423
9,stroke,1292.8145,11.441603,7.0,15.5,1.3308889
12,stroke,1292.8145,25.91221,7.5,15.5,1.0348637
13,stroke,1292.8145,1.0204759,17.5,18.0,0.20994325
14,stroke,1292.8145,1.3852696,12.0,32.0,0.19528383
2,stroke,1294.1475,11.030464,22.5,22.5,2.8998353
4,stroke,1294.1475,20.408497,50.0,50.0,4.3407893
9,stroke,1294.1475,5.629028,35.0,44.0,1.1076262
13,stroke,1294.1475,0.7407429,,17.5,0.22240572
14,stroke,1294.1475,0.7752776,,48.5,0.18913783
2,stroke,1294.968,16.794785,46.0,47.0,3.0319402
12,stroke,1294.968,11.859175,18.5,41.0,1.6330811
13,stroke,1294.968,0.98170674,,26.5,0.26785526
14,stroke,1294.968,1.3890344,45.0,45.5,0.25919086
2,stroke,1295.8615,9.751724,,16.5,2.9888253
4,stroke,1295.8615,24.88853,7.0,23.5,1.1333258
9,stroke,1295.8615,7.726104,41.5,47.5,1.1859072
12,stroke,1295.8615,10.692751,11.5,46.5,1.2381815
13,stroke,1295.8615,1.0742424,46.0,47.0,0.18704297
14,stroke,1295.8615,0.87278366,36.0,36.0,0.18331084
2,stroke,1297.2545,11.292108,17.0,17.5,2.9988785
4,stroke,1297.2545,38.751045,15.5,24.5,2.844149
9,stroke,1297.2545,6.665633,30.0,48.5,1.0232683
13,stroke,1297.2545,1.0778983,15.0,15.5,0.18144545
14,stroke,1297.2545,1.0798721,,33.5,0.26392096
2,stroke,1298.0605,10.793987,,39.5,3.0574808
4,stroke,1298.0605,39.10679,5.5,26.0,9.172292
13,stroke,1298.0605,1.0202234,30.0,30.0,0.2150399
14,stroke,1298.0605,1.4358042,23.5,23.5,0.23843013
2,stroke,1299.2705,13.493675,19.0,19.0,3.6655822
4,stroke,1299.2705,32.411747,5.0,40.5,3.6246822
9,stroke,1299.2705,6.864978,23.0,24.0,1.1167696
12,stroke,1299.2705,6.151827,48.0,48.5,1.2119551
13,stroke,1299.2705,0.93735933,20.5,21.0,0.22320333
2,stroke,1300.093,17.385344,21.0,21.0,3.7900043
4,stroke,1300.093,59.605762,5.5,28.5,13.645277
9,stroke,1300.093,5.977333,35.5,37.5,1.341371
12,stroke,1300.093,8.87732,,23.5,2.890485
13,stroke,1300.093,0.93904716,,49.0,0.24089067
2,stroke,1301.0765,14.05027,,45.0,3.1416247
4,stroke,1301.0765,28.836025,7.0,38.5,4.0116844
9,stroke,1301.0765,5.8650484,15.5,15.5,1.2304549
12,stroke,1301.0765,8.196224,45.5,50.0,1.9608028
13,stroke,1301.0765,1.0749354,8.5,43.5,0.232959
14,stroke,1301.0765,1.2379854,26.0,26.0,0.23425162
2,stroke,1301.8785,14.869395,31.0,38.5,2.86282
9,stroke,1301.8785,4.7027392,,47.5,1.124459
13,stroke,1301.8785,0.88168657,,37.5,0.23952137
14,stroke,1301.8785,0.9559461,25.0,25.5,0.20063466
2,stroke,1302.679,16.863804,,21.5,4.135817
4,stroke,1302.679,48.077633,7.5,23.0,8.334025
9,stroke,1302.679,6.8821077,5.0,15.0,1.4621631
13,stroke,1302.679,1.0253875,,38.5,0.23716436
14,stroke,1302.679,0.94664836,,26.5,0.29488918
2,stroke,1303.4875,17.283535,,33.0,4.32664
4,stroke,1303.4875,125.44858,32.0,33.0,13.302742
9,stroke,1303.4875,6.2478914,16.0,17.0,1.8051877
12,stroke,1303.4875,10.335592,14.0,35.5,1.5417373
13,stroke,1303.4875,1.232354,25.0,25.0,0.25011396
14,stroke,1303.4875,1.1183211,,31.5,0.30402914
4,stroke,1304.727,15.616848,7.5,48.5,2.8143167
9,stroke,1304.727,5.3134184,33.5,33.5,1.2056612
14,stroke,1304.727,1.1275918,,20.0,0.31201324
2,stroke,1305.8905,15.9678135,,17.0,4.783812
4,stroke,1305.8905,19.971336,24.0,27.5,2.9104545
9,stroke,1305.8905,5.7709966,22.0,28.5,1.2591325
12,stroke,1305.8905,5.618872,,19.5,1.6337452
13,stroke,1305.8905,1.0209861,,45.0,0.30290252
14,stroke,1305.8905,1.0618777,35.5,35.5,0.20844975
2,stroke,1306.691,23.090643,16.5,17.0,5.6263347
9,stroke,1306.691,5.5010705,41.0,42.0,1.6919223
13,stroke,1306.691,0.96497273,,42.0,0.2680512
14,stroke,1306.691,1.1900629,,27.0,0.26017395
2,stroke,1307.688,14.409477,,36.0,4.303427
4,stroke,1307.688,13.018426,7.5,27.0,3.1412451
9,stroke,1307.688,5.583602,19.5,19.5,1.2118108
12,stroke,1307.688,10.033534,16.0,26.5,1.210317
13,stroke,1307.688,0.9890703,13.0,31.5,0.15413435
14,stroke,1307.688,0.874762,,26.0,0.2768436
2,stroke,1308.4975,22.9022,25.0,25.0,4.470843
4,stroke,1308.4975,48.823944,34.0,35.0,5.885538
13,stroke,1308.4975,0.9120332,,47.5,0.21514733
14,stroke,1308.4975,1.115118,,38.5,0.28952315
2,stroke,1309.299,24.092342,30.0,36.5,4.3337173
4,stroke,1309.299,139.13676,29.5,30.5,11.334471
9,stroke,1309.299,5.7916217,6.5,18.0,1.6424224
12,stroke,1309.299,6.524194,16.5,49.0,0.8960498
13,stroke,1309.299,0.70812976,10.0,45.0,0.2019945
2,stroke,1310.1005,19.714422,,43.5,6.495861
4,stroke,1310.1005,259.4413,12.0,15.0,42.774166
9,stroke,1310.1005,3.720477,,40.5,1.196405
13,stroke,1310.1005,1.1443572,,22.0,0.32312822
14,stroke,1310.1005,0.98077,,41.5,0.23997779
2,stroke,1311.373,16.791374,,28.0,5.342681
4,stroke,1311.373,13.155605,5.0,35.0,2.9902997
9,stroke,1311.373,5.1597404,6.0,29.0,1.058046
12,stroke,1311.373,6.827346,5.0,15.0,0.94429976
13,stroke,1311.373,1.2232609,47.5,48.0,0.28972983
14,stroke,1311.373,1.0241686,,44.5,0.2918488
2,stroke,1312.1735,32.995445,15.0,15.5,6.546324
12,stroke,1312.1735,5.2366295,6.5,35.5,1.5843838
13,stroke,1312.1735,1.3207142,13.5,17.5,0.22496733
14,stroke,1312.1735,0.950318,25.0,25.5,0.167406
2,stroke,1312.9875,19.54226,21.0,21.5,4.4369707
4,stroke,1312.9875,33.209312,49.5,50.0,7.003976
9,stroke,1312.9875,6.38707,43.0,46.5,1.059191
13,stroke,1312.9875,1.184281,38.5,39.0,0.27424893
14,stroke,1312.9875,1.202672,30.5,36.0,0.20576186
2,stroke,1313.791,90.60564,5.0,15.0,3.1079168
4,stroke,1313.791,169.39754,9.5,29.0,34.071903
9,stroke,1313.791,11.505051,8.0,15.5,1.3845555
12,stroke,1313.791,21.47587,5.0,45.0,1.9056984
13,stroke,1313.791,0.876275,,17.5,0.21883139
14,stroke,1313.791,0.9510974,,22.0,0.24241929
9,stroke,1314.593,5.4981976,12.0,34.5,1.1653478
12,stroke,1314.593,6.793949,5.0,36.0,1.6949576
13,stroke,1314.593,1.2722747,23.0,23.5,0.24910784
14,stroke,1314.593,1.3555646,45.0,45.0,0.30133578
2,stroke,1315.394,19.296568,47.5,48.5,3.3005183
4,stroke,1315.394,62.56201,,29.0,18.57657
9,stroke,1315.394,4.0760136,5.0,39.0,1.3332378
13,stroke,1315.394,1.2192515,,23.5,0.28921592
14,stroke,1315.394,0.86383665,,16.0,0.24430755
2,stroke,1316.198,16.377789,,30.5,3.5329921
4,stroke,1316.198,61.688713,50.0,50.0,13.76633
12,stroke,1316.198,4.7751865,18.5,25.0,0.961103
13,stroke,1316.198,1.2160491,,35.5,0.3068807
14,stroke,1316.198,0.92072165,,39.0,0.24507266
4,stroke,1317.8395,113.06009,17.0,27.5,2.9068565
9,stroke,1317.8395,5.310915,,40.5,1.2000484
12,stroke,1317.8395,11.467716,6.0,21.0,1.0998887
13,stroke,1317.8395,1.5056257,28.5,29.0,0.26753506
14,stroke,1317.8395,0.8638662,8.5,25.0,0.21533512
2,stroke,1318.6475,3.8558853,,50.0,0.8839445
4,stroke,1318.6475,68.81099,11.0,41.5,19.13645
12,stroke,1318.6475,7.874231,47.5,47.5,1.9818432
13,stroke,1318.6475,1.1169611,32.5,33.0,0.20714673
14,stroke,1318.6475,1.2498472,40.0,40.0,0.24183849
2,stroke,1319.47,2.85533,15.0,47.0,0.6285539
4,stroke,1319.47,43.74643,38.0,41.5,6.70066
9,stroke,1319.47,4.550832,5.0,50.0,1.0085981
12,stroke,1319.47,9.94168,5.0,49.0,1.0596849
13,stroke,1319.47,1.1738304,20.5,48.5,0.22326314
14,stroke,1319.47,1.3611653,29.0,29.5,0.2581798
2,stroke,1320.385,2.470811,9.0,22.0,0.4386234
4,stroke,1320.385,36.75511,13.5,36.5,3.3204627
12,stroke,1320.385,9.534567,25.5,36.0,2.0787623
13,stroke,1320.385,1.0221963,,47.5,0.23766196
14,stroke,1320.385,1.0171168,,32.5,0.22943181
2,stroke,1322.0575,3.7307794,,50.0,1.0116003
4,stroke,1322.0575,34.023968,5.0,35.0,0.8326428
9,stroke,1322.0575,12.790883,5.0,15.0,0.9406436
12,stroke,1322.0575,7.63003,10.5,16.0,1.0901754
13,stroke,1322.0575,0.96172655,,16.5,0.25718915
14,stroke,1322.0575,1.3197441,25.0,25.5,0.25300318
12,stroke,1322.8595,4.3825536,5.0,15.0,0.94049495
13,stroke,1322.8595,1.2089205,,26.5,0.30489495
14,stroke,1322.8595,1.0023896,13.5,17.5,0.20643856
2,stroke,1324.44,6.639732,5.0,18.0,1.2609127
4,stroke,1324.44,46.990692,17.5,21.0,4.705877
9,stroke,1324.44,5.424145,5.0,43.0,1.2102559
14,stroke,1324.44,0.9549817,37.5,37.5,0.21454069
2,stroke,1325.257,3.8650565,,22.5,1.22838
4,stroke,1325.257,49.56993,41.5,42.0,7.9326077
9,stroke,1325.257,4.182763,,30.0,1.3595624
12,stroke,1325.257,7.0879884,14.0,16.0,1.3566364
13,stroke,1325.257,1.4873469,12.5,16.0,0.19233179
14,stroke,1325.257,0.99946177,,41.0,0.3089729
2,stroke,1326.215,6.130438,20.5,23.0,1.2395512
4,stroke,1326.215,50.007294,20.5,32.5,2.7272065
13,stroke,1326.215,1.146695,,33.5,0.29490057
14,stroke,1326.215,1.397643,25.0,48.5,0.23546746
4,stroke,1327.022,53.876167,16.0,18.0,9.963911
9,stroke,1327.022,4.839379,,16.0,1.2839105
13,stroke,1327.022,1.1839418,,22.0,0.25740203
2,stroke,1327.858,6.4339,14.0,28.0,1.4719791
4,stroke,1327.858,17.24128,34.5,34.5,3.4357805
12,stroke,1327.858,3.91803,16.0,16.5,0.8634493
13,stroke,1327.858,0.943443,,39.5,0.20823233
14,stroke,1327.858,1.1860688,44.5,45.0,0.22576334
2,stroke,1328.9945,4.3327475,,49.0,1.3909866
4,stroke,1328.9945,13.332117,10.0,32.0,1.9186682
9,stroke,1328.9945,4.9043427,5.0,37.5,1.4251904
12,stroke,1328.9945,5.145857,5.0,30.5,0.79296297
13,stroke,1328.9945,1.4433384,16.0,17.0,0.21338402
14,stroke,1328.9945,0.9772903,,46.5,0.2469971
2,stroke,1329.8,7.3525786,21.5,22.0,1.5390744
4,stroke,1329.8,28.54345,5.5,38.0,6.815478
9,stroke,1329.8,8.011269,6.0,21.0,1.1278291
12,stroke,1329.8,6.483412,6.0,20.0,1.4013588
13,stroke,1329.8,0.9416958,27.0,27.5,0.17735872
14,stroke,1329.8,0.8242538,,36.5,0.21660714
2,stroke,1335.825,3.9144564,27.0,28.5,1.2700573
4,stroke,1335.825,30.761497,10.0,34.0,3.616412
9,stroke,1335.825,10.392244,29.0,31.5,1.9350741
12,stroke,1335.825,9.983921,42.5,50.0,2.163113
13,stroke,1335.825,1.0015303,,18.0,0.25673482
14,stroke,1335.825,1.1013844,5.0,43.5,0.23600718
2,stroke,1336.6255,5.1475277,,47.5,1.3420229
4,stroke,1336.6255,90.06525,26.5,27.0,12.820286
13,stroke,1336.6255,0.8100145,10.5,40.5,0.20718904
2,stroke,1338.2315,7.489072,33.0,34.0,1.5975562
4,stroke,1338.2315,33.635612,22.0,39.0,3.771597
9,stroke,1338.2315,9.196243,21.5,47.5,1.3443869
12,stroke,1338.2315,6.3137393,26.5,41.5,1.2316536
2,stroke,1339.034,18.523151,29.0,40.0,1.8526207
4,stroke,1339.034,45.290085,,45.0,9.504177
9,stroke,1339.034,3.8781493,,36.0,1.191295
12,stroke,1339.034,8.241995,14.5,15.5,2.2312815
13,stroke,1339.034,1.246206,26.5,32.0,0.19345385
14,stroke,1339.034,1.2062358,,43.0,0.33047444
4,stroke,1340.833,32.77687,29.5,30.5,3.5513716
9,stroke,1340.833,5.5805135,12.0,16.0,1.3424599
13,stroke,1340.833,1.153975,,15.0,0.27688688
14,stroke,1340.833,1.1743188,19.0,19.5,0.25377494
4,stroke,1341.6345,54.80124,12.5,43.5,13.805533
9,stroke,1341.6345,5.0999775,33.0,40.5,1.0455822
13,stroke,1341.6345,1.1336648,,34.0,0.2812023
14,stroke,1341.6345,1.083097,,35.5,0.27048713
2,stroke,1343.3485,11.155794,32.0,32.0,2.9855208
4,stroke,1343.3485,24.34799,20.0,45.5,2.5572922
9,stroke,1343.3485,6.1947823,21.0,21.5,1.6355039
12,stroke,1343.3485,8.624289,6.0,36.0,1.5484804
13,stroke,1343.3485,0.9613307,,40.5,0.23686166
14,stroke,1343.3485,1.1294099,,19.5,0.2854705
2,stroke,1344.1495,16.445368,,26.5,4.244989
4,stroke,1344.1495,85.891266,,16.5,22.360884
9,stroke,1344.1495,7.898467,5.0,30.5,1.4568994
13,stroke,1344.1495,0.99777174,9.5,46.5,0.17731217
2,stroke,1345.504,8.712341,,34.0,2.62549
4,stroke,1345.504,12.936781,19.0,33.0,1.5086999
9,stroke,1345.504,4.8288975,43.0,43.5,1.5536284
12,stroke,1345.504,5.6400495,18.5,19.0,1.0299627
13,stroke,1345.504,0.7672831,15.0,15.0,0.17579721
14,stroke,1345.504,0.92772937,8.0,25.5,0.22175205
2,stroke,1346.3055,19.111017,9.0,15.0,2.7614458
4,stroke,1346.3055,140.48471,21.0,24.0,15.067844
9,stroke,1346.3055,5.8490086,16.0,36.0,1.0702082
12,stroke,1346.3055,7.602471,49.5,50.0,1.7185144
13,stroke,1346.3055,1.4820673,33.0,33.5,0.27016544
14,stroke,1346.3055,1.0688101,,38.0,0.27840507
2,stroke,1347.1175,10.96501,25.5,26.0,2.7228432
4,stroke,1347.1175,47.584095,,18.5,13.0906725
13,stroke,1347.1175,1.3164636,,42.5,0.33754766
14,stroke,1347.1175,0.7789964,12.0,37.5,0.2129331
2,stroke,1348.212,11.804108,16.0,33.5,2.1621077
4,stroke,1348.212,20.34462,45.5,46.0,2.9195504
9,stroke,1348.212,17.409954,6.5,15.0,2.318387
13,stroke,1348.212,0.93959564,,46.5,0.21476306
14,stroke,1348.212,0.9265373,12.0,43.0,0.24483745
2,stroke,1350.083,12.69504,15.5,16.0,2.1690156
4,stroke,1350.083,42.65075,6.0,15.5,3.1844945
13,stroke,1350.083,1.0311711,,24.0,0.2773071
14,stroke,1350.083,1.5986664,48.0,49.0,0.22058532
2,stroke,1355.883,205.9385,5.0,19.0,3.4549837
4,stroke,1355.883,47.212864,5.0,19.0,1.3896279
9,stroke,1355.883,14.532548,6.0,16.5,1.3879106
12,stroke,1355.883,36.047768,5.5,20.0,1.212136
13,stroke,1355.883,0.9118048,,39.5,0.26578555
14,stroke,1355.883,0.9664819,,19.0,0.29933205
2,stroke,1356.6835,13.690773,,45.0,3.5076823
4,stroke,1356.6835,372.61343,32.0,33.0,34.524174
9,stroke,1356.6835,7.1759496,22.5,23.0,1.3356142
12,stroke,1356.6835,26.478067,,50.0,6.9252677
13,stroke,1356.6835,0.9981425,13.5,34.0,0.17217337
14,stroke,1356.6835,1.3163353,19.5,19.5,0.26959205
2,stroke,1359.8715,206.54695,5.0,19.0,3.8899174
4,stroke,1359.8715,48.571686,5.0,19.0,3.2623591
9,stroke,1359.8715,13.032023,5.5,30.0,1.0845032
13,stroke,1359.8715,1.188735,17.5,17.5,0.27327842
14,stroke,1359.8715,0.96684045,13.0,20.0,0.2140695
2,stroke,1361.3045,16.638226,26.5,26.5,3.1262374
4,stroke,1361.3045,20.449448,16.5,44.5,2.4896257
9,stroke,1361.3045,7.5558662,7.5,50.0,1.1207532
12,stroke,1361.3045,8.097548,49.5,50.0,1.6888418
13,stroke,1361.3045,1.0696638,,31.5,0.2790381
14,stroke,1361.3045,1.2164162,33.0,33.5,0.2697805
2,stroke,1362.113,17.860703,5.0,28.5,3.8717349
9,stroke,1362.113,4.1595507,5.0,21.0,1.0579818
13,stroke,1362.113,0.91761863,33.0,33.5,0.16534768
14,stroke,1362.113,1.1800182,36.5,37.0,0.2169689
2,stroke,1363.066,14.287915,,37.5,3.0282795
4,stroke,1363.066,21.58395,11.5,33.0,2.215933
12,stroke,1363.066,10.429456,5.5,42.0,1.3238925
13,stroke,1363.066,1.032009,,49.0,0.31687438
14,stroke,1363.066,0.9982953,44.0,44.0,0.24749503
4,stroke,1363.869,108.95701,29.0,29.5,22.896856
12,stroke,1363.869,26.815418,5.0,42.0,1.6402768
13,stroke,1363.869,0.94257843,19.5,20.0,0.21788085
14,stroke,1363.869,1.1675408,,21.0,0.28348643
2,stroke,1364.6695,5.41226,,34.0,1.7265847
4,stroke,1364.6695,50.098206,12.0,34.0,10.251903
9,stroke,1364.6695,5.824128,14.5,15.0,1.3815608
12,stroke,1364.6695,4.577565,5.0,46.0,1.2285725
13,stroke,1364.6695,1.2237844,19.0,19.0,0.26406956
14,stroke,1364.6695,0.95439464,36.0,37.0,0.20910694
2,stroke,1366.9925,189.04712,5.0,19.5,1.1549935
4,stroke,1366.9925,49.70539,5.0,19.5,0.6803941
9,stroke,1366.9925,14.235654,6.5,25.5,1.1848546
12,stroke,1366.9925,29.393362,5.0,16.5,3.0877924
13,stroke,1366.9925,0.7701344,11.0,45.0,0.22886582
14,stroke,1366.9925,1.2840095,14.0,24.5,0.26381913
2,stroke,1367.908,6.1483707,39.5,40.5,1.1443447
4,stroke,1367.908,77.078445,8.0,42.0,2.782457
9,stroke,1367.908,4.786806,5.0,15.5,0.88256043
12,stroke,1367.908,6.760698,,18.5,1.4378314
13,stroke,1367.908,1.0848911,38.5,39.0,0.2207375
14,stroke,1367.908,0.89649993,,22.0,0.23188977
2,stroke,1368.7095,4.002261,32.5,32.5,0.9866146
4,stroke,1368.7095,121.89076,27.0,27.5,18.7987
9,stroke,1368.7095,3.9777284,5.0,24.0,1.0255736
12,stroke,1368.7095,7.0788097,6.5,31.0,1.3989652
13,stroke,1368.7095,1.2517431,14.5,30.0,0.23287168
14,stroke,1368.7095,0.9135599,45.5,46.0,0.22347906
4,stroke,1370.177,37.093693,5.0,31.5,2.7774522
9,stroke,1370.177,6.232931,7.0,49.0,1.1930754
13,stroke,1370.177,0.87185377,,34.0,0.25517455
14,stroke,1370.177,1.262616,27.5,27.5,0.2411571
4,stroke,1370.9775,111.80171,8.5,45.5,8.808162
9,stroke,1370.9775,4.8679466,9.0,17.5,0.97379935
13,stroke,1370.9775,0.93601716,,37.5,0.2590503
14,stroke,1370.9775,1.0952904,,22.5,0.27343717
2,stroke,1372.837,175.56287,5.0,19.0,1.6472306
4,stroke,1372.837,42.43035,5.0,19.5,0.73476326
9,stroke,1372.837,15.751101,24.0,49.5,1.8506663
12,stroke,1372.837,23.419601,5.0,16.5,1.8549376
13,stroke,1372.837,0.90186065,,31.5,0.25652722
2,stroke,1373.6375,10.158562,,46.0,2.299184
4,stroke,1373.6375,124.19507,37.5,38.0,18.294239
9,stroke,1373.6375,6.6165853,17.0,41.0,1.6618348
13,stroke,1373.6375,1.0115825,,25.5,0.24845044
14,stroke,1373.6375,0.9473498,,38.0,0.24403082
4,stroke,1374.4385,75.12508,25.5,26.0,14.89021
9,stroke,1374.4385,4.224039,36.0,36.0,1.167448
12,stroke,1374.4385,5.6106477,5.0,15.0,1.7971946
13,stroke,1374.4385,0.90703374,,15.0,0.21560341
14,stroke,1374.4385,0.8681419,,18.0,0.26655906
2,stroke,1375.83,9.28047,37.5,32.5,2.8023071
4,stroke,1375.83,23.592854,13.5,26.0,3.3200884
9,stroke,1375.83,6.1646914,20.5,21.0,1.0764372
12,stroke,1375.83,6.9690437,48.5,49.5,1.8444437
13,stroke,1375.83,1.1020908,,19.5,0.29253152
2,stroke,1376.6315,13.305794,38.0,38.0,3.1653335
4,stroke,1376.6315,142.53387,16.5,17.0,28.392328
9,stroke,1376.6315,8.394402,5.0,17.0,1.562701
12,stroke,1376.6315,8.7038555,31.5,39.5,1.0100697
13,stroke,1376.6315,1.2381548,23.5,24.0,0.22315378
14,stroke,1376.6315,1.2296336,48.5,49.0,0.23491734
2,stroke,1377.7845,6.2720737,,45.0,1.7506759
4,stroke,1377.7845,31.806438,39.5,48.5,4.0980453
9,stroke,1377.7845,7.658259,,50.0,1.7546144
12,stroke,1377.7845,3.7432191,6.0,42.0,1.1002505
13,stroke,1377.7845,0.90433586,,25.5,0.23189957
14,stroke,1377.7845,1.1232452,18.5,18.5,0.22726144
2,stroke,1378.6045,11.185329,39.5,40.0,2.495248
4,stroke,1378.6045,92.69029,,15.0,22.558344
9,stroke,1378.6045,5.4253554,,46.0,1.5254805
13,stroke,1378.6045,0.7372199,,47.5,0.21120264
14,stroke,1378.6045,1.2207913,36.0,36.0,0.23787116
2,stroke,1380.2495,7.344504,6.5,16.0,1.3920567
4,stroke,1380.2495,77.76517,17.0,32.5,5.2939553
9,stroke,1380.2495,6.507797,17.5,19.5,1.5579928
12,stroke,1380.2495,10.636349,10.5,41.5,0.8081944
13,stroke,1380.2495,0.76918125,12.0,26.5,0.23416603
14,stroke,1380.2495,1.0394874,27.0,27.0,0.22706057
2,stroke,1381.0505,15.832447,32.0,32.5,4.3037868
4,stroke,1381.0505,41.041313,,35.0,11.4471445
9,stroke,1381.0505,5.185171,5.5,30.0,1.4731718
13,stroke,1381.0505,0.9898415,14.0,22.5,0.23208146
2,stroke,1381.8875,22.744915,34.5,35.0,5.0206237
4,stroke,1381.8875,16.195171,37.0,37.0,4.3341846
13,stroke,1381.8875,1.2489314,17.0,40.0,0.24068351
14,stroke,1381.8875,1.2219368,6.0,48.5,0.2459384
2,stroke,1382.883,16.852995,10.5,15.0,3.6586537
4,stroke,1382.883,52.59462,35.0,38.5,3.7585683
9,stroke,1382.883,5.675802,,20.5,1.7806469
13,stroke,1382.883,0.99329257,35.0,35.5,0.2202756
14,stroke,1382.883,0.9331479,,36.5,0.28221157
4,stroke,1383.6835,58.402443,28.0,28.0,12.195081
9,stroke,1383.6835,5.856393,20.5,21.5,1.2725208
12,stroke,1383.6835,6.153947,8.5,15.0,1.3489091
13,stroke,1383.6835,0.9633559,10.5,21.0,0.21295343
14,stroke,1383.6835,1.102015,5.0,22.5,0.23702736
2,stroke,1384.485,14.226696,,21.0,3.069827
4,stroke,1384.485,54.17123,45.0,45.5,10.989894
12,stroke,1384.485,5.3108997,24.5,35.5,1.540828
13,stroke,1384.485,1.3556943,17.0,17.5,0.27111134
14,stroke,1384.485,1.0606276,13.5,30.5,0.24664725
2,stroke,1385.286,24.017757,28.5,33.5,4.00388
4,stroke,1385.286,57.76391,,43.5,14.534072
9,stroke,1385.286,6.6916075,12.5,15.0,2.0107677
12,stroke,1385.286,5.982695,17.0,28.0,0.9607783
13,stroke,1385.286,1.4727962,14.0,15.0,0.23522766
14,stroke,1385.286,1.4105892,8.0,44.5,0.17895442
2,stroke,1387.9395,19.943796,36.5,36.5,3.7792013
4,stroke,1387.9395,57.409508,6.5,29.5,2.6945426
13,stroke,1387.9395,1.1125259,15.5,16.0,0.25889885
14,stroke,1387.9395,1.1620616,,15.0,0.24498762
2,stroke,1388.7415,15.418366,,45.5,5.0461946
4,stroke,1388.7415,39.618675,,50.0,9.412722
12,stroke,1388.7415,9.131509,7.5,33.0,1.8981767
13,stroke,1388.7415,1.1068552,,45.0,0.29286593
14,stroke,1388.7415,1.1404105,8.0,37.5,0.25991338
2,stroke,1389.846,103.02647,5.0,19.5,3.246075
4,stroke,1389.846,21.349928,5.0,19.0,1.9487582
9,stroke,1389.846,16.138712,6.0,16.5,1.1146508
12,stroke,1389.846,19.623463,5.0,33.5,1.5581205
13,stroke,1389.846,0.8206778,,37.5,0.26912546
2,stroke,1392.0585,136.12013,5.0,19.0,3.8048453
4,stroke,1392.0585,26.3503,5.0,19.0,1.6808802
9,stroke,1392.0585,16.90722,12.5,20.5,2.4251251
12,stroke,1392.0585,31.885952,6.0,20.0,1.0770341
13,stroke,1392.0585,0.88931024,29.0,29.0,0.22369769
14,stroke,1392.0585,1.16102,,28.0,0.26877394
2,stroke,1397.6895,24.181461,12.0,41.5,4.158304
4,stroke,1397.6895,19.385519,7.0,16.5,2.1569035
9,stroke,1397.6895,6.5995665,7.5,15.0,1.3237721
12,stroke,1397.6895,11.12373,5.0,50.0,0.79248583
13,stroke,1397.6895,1.2690713,25.0,25.0,0.25983426
14,stroke,1397.6895,0.98908687,,25.0,0.20207801
2,stroke,1404.4635,10.41285,35.0,36.0,2.532168
4,stroke,1404.4635,93.10859,5.0,41.5,3.5274198
9,stroke,1404.4635,4.478549,,41.5,1.4017937
12,stroke,1404.4635,7.233059,42.5,43.5,1.8554364
14,stroke,1404.4635,1.0649681,,28.0,0.2568045
2,stroke,1406.0785,16.208641,20.0,37.5,2.6725883
4,stroke,1406.0785,36.367393,30.0,33.5,4.185574
9,stroke,1406.0785,4.755454,17.0,26.0,1.1720072
13,stroke,1406.0785,1.1114073,34.0,34.0,0.24269325
14,stroke,1406.0785,1.0252634,36.5,36.5,0.24969982
2,stroke,1406.889,17.452053,,27.5,4.346409
4,stroke,1406.889,130.16612,26.5,27.0,23.545712
9,stroke,1406.889,6.507392,9.5,48.0,0.8297802
13,stroke,1406.889,1.0488424,24.5,25.5,0.17984506
14,stroke,1406.889,1.1951686,17.5,18.0,0.23279901
2,stroke,1407.697,15.384327,,26.0,4.1599493
4,stroke,1407.697,44.78763,19.0,19.0,8.993955
12,stroke,1407.697,6.1044846,,45.0,1.524113
13,stroke,1407.697,1.0140804,,17.5,0.29606667
14,stroke,1407.697,1.0248333,21.0,40.5,0.190595
2,stroke,1408.9835,18.013554,37.5,38.0,2.8908598
4,stroke,1408.9835,15.006228,13.5,15.0,2.0582168
9,stroke,1408.9835,7.1438746,5.5,16.5,1.1763878
12,stroke,1408.9835,9.111057,31.5,48.0,1.2418405
13,stroke,1408.9835,1.2814838,29.5,22.5,0.21578336
14,stroke,1408.9835,1.278878,25.5,28.5,0.21806608
2,stroke,1409.786,30.075344,19.5,23.5,3.5977836
4,stroke,1409.786,143.61346,38.5,39.0,20.021385
9,stroke,1409.786,4.721088,21.0,22.0,0.9942419
13,stroke,1409.786,1.0279362,,41.0,0.2533884
14,stroke,1409.786,1.1172342,,27.5,0.25327945
2,stroke,1410.789,167.79369,5.0,19.5,3.0016892
4,stroke,1410.789,35.626705,5.0,19.5,1.526978
9,stroke,1410.789,15.635851,6.5,50.0,1.8063053
12,stroke,1410.789,28.605635,5.0,37.0,1.577389
13,stroke,1410.789,0.8701533,,15.0,0.22722109
14,stroke,1410.789,1.194958,37.0,37.5,0.20992567
4,stroke,1411.5985,33.59873,38.0,38.0,6.0170155
9,stroke,1411.5985,5.639051,13.0,40.0,1.4310507
12,stroke,1411.5985,7.5243006,5.0,49.5,1.4483279
14,stroke,1411.5985,1.2272868,36.5,36.5,0.2266516
2,stroke,1413.2985,16.293201,,46.5,4.517286
4,stroke,1413.2985,13.261227,,50.0,3.3589518
9,stroke,1413.2985,6.126624,11.5,24.0,1.5774263
12,stroke,1413.2985,10.447977,19.5,42.0,1.3350953
13,stroke,1413.2985,0.90122694,7.5,20.5,0.19512205
14,stroke,1413.2985,1.149401,,26.0,0.2775548
4,stroke,1414.1055,104.19432,,40.5,25.38444
12,stroke,1414.1055,12.074655,5.0,15.0,3.073009
13,stroke,1414.1055,0.871169,,44.0,0.2791743
14,stroke,1414.1055,0.8611604,,17.5,0.20732622
4,stroke,1415.842,47.21816,31.5,39.5,3.8502235
13,stroke,1415.842,0.9486104,,16.0,0.30746362
14,stroke,1415.842,1.108669,,40.5,0.30246744
4,stroke,1416.6425,65.87893,,34.5,17.394184
9,stroke,1416.6425,5.945172,,20.5,1.7203882
12,stroke,1416.6425,5.001091,,21.0,1.3989772
13,stroke,1416.6425,1.1463542,34.5,34.5,0.2477794
14,stroke,1416.6425,0.9470561,,25.5,0.22078496
2,stroke,1417.8025,4.1227756,5.5,18.0,0.84270227
4,stroke,1417.8025,26.051853,19.5,23.5,2.6177971
12,stroke,1417.8025,7.1719112,5.0,45.5,0.8170226
13,stroke,1417.8025,0.9860765,33.0,33.0,0.21650329
14,stroke,1417.8025,1.0584805,,17.5,0.26209432
2,stroke,1420.4155,115.70926,5.0,19.5,1.2129345
4,stroke,1420.4155,26.420141,5.0,19.0,2.004105
9,stroke,1420.4155,10.449766,20.0,25.5,2.1841383
12,stroke,1420.4155,25.515087,5.0,20.0,1.3242044
13,stroke,1420.4155,1.472765,22.5,23.0,0.23626128
14,stroke,1420.4155,1.0399151,6.0,24.5,0.20316571
2,stroke,1422.967,106.70437,5.0,19.5,1.5234871
4,stroke,1422.967,29.14891,5.0,19.5,2.1016908
9,stroke,1422.967,13.94547,5.0,17.0,1.0272189
12,stroke,1422.967,19.193,5.0,20.0,1.2711725
13,stroke,1422.967,0.9010545,,47.0,0.27825516
14,stroke,1422.967,1.0570008,,24.0,0.30035463
2,stroke,1423.8025,7.63665,17.5,18.0,1.5199631
4,stroke,1423.8025,36.908897,5.0,38.0,3.2296484
9,stroke,1423.8025,4.6747503,7.5,15.0,1.153936
13,stroke,1423.8025,1.3754773,,15.5,0.3005436
14,stroke,1423.8025,0.9613181,,33.5,0.32023385
2,stroke,1425.598,131.83676,5.0,19.5,1.2153243
4,stroke,1425.598,27.487476,5.0,19.5,1.6686989
9,stroke,1425.598,11.545813,6.5,50.0,0.8032243
12,stroke,1425.598,17.683287,5.0,16.5,1.4169778
13,stroke,1425.598,0.80905104,,22.5,0.22435333
14,stroke,1425.598,0.86406964,8.5,43.0,0.21024112
2,stroke,1427.6555,126.871735,5.0,19.5,0.81135786
4,stroke,1427.6555,26.859106,5.0,35.5,1.5791787
9,stroke,1427.6555,10.990122,7.0,20.0,1.3692415
12,stroke,1427.6555,17.665424,5.5,33.0,2.0276372
13,stroke,1427.6555,0.9381995,47.5,47.5,0.23572993
2,stroke,1429.2645,8.844162,50.0,50.0,1.8916401
4,stroke,1429.2645,15.474764,,21.0,3.6574404
9,stroke,1429.2645,7.658598,5.0,35.0,1.778377
12,stroke,1429.2645,4.7501006,34.0,34.5,1.0634596
13,stroke,1429.2645,0.88243073,,35.0,0.2857622
14,stroke,1429.2645,1.0131825,25.0,25.0,0.22017598
2,stroke,1430.932,121.33347,5.0,19.5,1.9839318
4,stroke,1430.932,32.17635,5.0,19.0,1.7883861
9,stroke,1430.932,12.620717,6.0,16.5,1.3589679
12,stroke,1430.932,19.786701,5.0,20.0,0.7134232
13,stroke,1430.932,1.0766413,,17.0,0.23733361
14,stroke,1430.932,0.82619655,,15.0,0.22889017
2,stroke,1433.262,127.00853,5.0,19.5,2.2239406
4,stroke,1433.262,22.050617,5.0,36.0,1.7872332
9,stroke,1433.262,11.037171,6.0,37.0,1.0529819
12,stroke,1433.262,21.804241,5.0,16.5,1.2624222
13,stroke,1433.262,1.0633109,44.0,44.0,0.27637047
2,stroke,1435.8215,158.65643,5.0,19.5,2.1272078
4,stroke,1435.8215,39.520023,5.0,19.5,2.035805
9,stroke,1435.8215,11.453764,7.5,25.5,2.288578
12,stroke,1435.8215,24.163525,5.0,20.0,1.9354376
13,stroke,1435.8215,1.275404,13.5,21.5,0.2734258
14,stroke,1435.8215,1.3118005,,34.5,0.33589706
2,stroke,1437.6455,14.119637,38.5,39.5,2.186582
4,stroke,1437.6455,16.463188,5.0,15.0,1.1941803
14,stroke,1437.6455,1.0100732,,49.5,0.22781502
4,stroke,1439.33,14.503389,37.5,38.0,3.4190483
9,stroke,1439.33,9.638031,21.0,45.0,1.3078219
13,stroke,1439.33,1.2586131,,24.0,0.29732254
14,stroke,1439.33,0.8152567,,23.0,0.22186974
2,stroke,1442.436,26.527794,22.5,23.5,3.4345894
4,stroke,1442.436,14.834133,6.0,41.0,3.919631
9,stroke,1442.436,5.564086,,23.0,1.721761
12,stroke,1442.436,5.416463,28.5,38.0,1.6121963
13,stroke,1442.436,0.95268947,,24.0,0.20392223
2,stroke,1443.238,22.888931,,18.5,4.9825554
4,stroke,1443.238,24.536192,5.5,37.0,5.919857
9,stroke,1443.238,6.5364456,,34.5,1.6812264
13,stroke,1443.238,1.02683,,41.0,0.31305176
14,stroke,1443.238,1.1048349,,39.5,0.2828547
4,stroke,1444.655,26.34948,5.0,45.0,2.5145817
9,stroke,1444.655,7.4066434,6.5,36.5,0.9777956
12,stroke,1444.655,8.841004,9.0,38.5,0.7410665
13,stroke,1444.655,1.1169963,,39.0,0.27218503
14,stroke,1444.655,1.1760784,31.0,31.5,0.2557191
2,stroke,1446.2745,24.515804,34.0,34.5,4.5418525
4,stroke,1446.2745,46.23899,10.0,29.0,3.9805996
9,stroke,1446.2745,8.285987,38.5,44.5,1.259007
12,stroke,1446.2745,12.173779,20.5,22.0,2.4189653
13,stroke,1446.2745,1.1581664,18.0,18.0,0.2640288
14,stroke,1446.2745,0.8347584,23.5,23.5,0.18725318
2,stroke,1447.076,18.747463,7.0,24.5,4.904009
9,stroke,1447.076,6.53426,27.0,27.5,1.4218771
13,stroke,1447.076,1.0857749,,21.0,0.32975346
14,stroke,1447.076,0.96787965,,20.5,0.3201748
2,stroke,1447.885,32.505863,34.0,34.5,7.3262653
4,stroke,1447.885,33.5694,5.0,49.0,8.44268
9,stroke,1447.885,9.839182,19.0,38.5,2.3635986
12,stroke,1447.885,8.449212,19.0,19.5,2.3488255
13,stroke,1447.885,1.227866,,40.5,0.30517802
14,stroke,1447.885,1.145077,38.0,38.0,0.27432805
4,stroke,1448.9745,19.024914,8.0,17.5,2.5028176
9,stroke,1448.9745,7.037402,34.5,40.5,1.7652925
13,stroke,1448.9745,1.438165,17.5,18.5,0.21662073
14,stroke,1448.9745,1.1659946,9.5,37.0,0.2428972
2,stroke,1449.778,14.289228,13.0,16.5,3.4848452
9,stroke,1449.778,4.6969895,,18.5,1.534169
12,stroke,1449.778,5.6267633,5.0,43.0,1.3502154
13,stroke,1449.778,1.2310481,22.5,23.0,0.23026337
14,stroke,1449.778,1.2640123,36.0,36.0,0.25255388
2,stroke,1450.5795,36.83662,,49.5,9.5996275
4,stroke,1450.5795,49.83851,,30.0,13.961433
9,stroke,1450.5795,12.117196,11.5,40.0,2.6666796
12,stroke,1450.5795,10.85016,42.0,47.0,1.6550606
13,stroke,1450.5795,1.359707,16.0,16.5,0.2713821
14,stroke,1450.5795,1.071784,13.5,44.5,0.29417905
2,stroke,1451.7505,24.924198,34.0,34.5,4.76391
4,stroke,1451.7505,36.781746,13.0,50.0,2.9720979
9,stroke,1451.7505,8.857965,9.5,36.0,2.1785965
12,stroke,1451.7505,8.003867,15.0,27.0,1.5410858
13,stroke,1451.7505,1.0827117,28.0,28.5,0.1924993
14,stroke,1451.7505,1.2139463,44.0,44.0,0.23326662
2,stroke,1452.577,57.71145,25.5,26.5,8.806546
4,stroke,1452.577,35.769928,,46.5,9.684172
9,stroke,1452.577,20.756004,,32.0,5.3129473
12,stroke,1452.577,6.3648415,,40.5,2.0093834
13,stroke,1452.577,0.8808489,,27.0,0.22321744
2,stroke,1453.379,35.16435,,21.5,8.15282
4,stroke,1453.379,78.16405,27.5,28.0,11.898041
9,stroke,1453.379,29.876585,33.0,40.0,4.628176
12,stroke,1453.379,7.241145,17.5,46.5,0.8835626
13,stroke,1453.379,0.9514532,,36.5,0.24510752
14,stroke,1453.379,0.92719764,,46.0,0.26107934
4,stroke,1454.18,90.9998,10.5,41.0,17.282553
9,stroke,1454.18,11.1363125,13.5,42.5,2.4553158
13,stroke,1454.18,1.2513208,,35.5,0.3096474
14,stroke,1454.18,1.0980394,,36.0,0.23233575
2,stroke,1454.9995,22.48056,46.5,47.0,3.7499871
4,stroke,1454.9995,13.555502,5.5,20.5,1.8305551
9,stroke,1454.9995,14.60643,28.0,29.0,3.385373
13,stroke,1454.9995,1.5175945,15.5,16.0,0.29434356
14,stroke,1454.9995,1.0534137,,33.5,0.27392167
2,stroke,1455.801,42.430042,,35.5,12.549824
4,stroke,1455.801,197.64975,5.0,49.5,13.021571
9,stroke,1455.801,10.720085,7.5,15.0,2.9122577
14,stroke,1455.801,1.4930471,34.0,34.5,0.23988506
2,stroke,1456.7125,30.27372,43.5,47.0,3.844213
4,stroke,1456.7125,14.158721,39.0,39.5,2.4126112
12,stroke,1456.7125,4.14139,14.0,42.5,1.0581027
13,stroke,1456.7125,1.2627578,36.0,37.0,0.20535028
14,stroke,1456.7125,0.9137645,31.5,31.5,0.21534128
2,stroke,1457.514,42.483322,,16.5,11.691493
4,stroke,1457.514,43.97581,,15.5,13.037108
9,stroke,1457.514,8.751655,19.0,19.5,2.3930607
12,stroke,1457.514,4.7934875,5.0,49.0,1.1348143
13,stroke,1457.514,1.0377882,44.5,44.5,0.21408826
14,stroke,1457.514,1.3518459,34.5,35.0,0.25047085
2,stroke,1458.3795,29.691933,37.0,40.5,4.7947683
4,stroke,1458.3795,39.617172,5.0,42.0,3.0227473
9,stroke,1458.3795,13.887076,47.5,48.5,2.5257866
14,stroke,1458.3795,1.1107244,7.0,44.5,0.22802213
2,stroke,1459.182,45.527653,42.5,43.0,9.342789
9,stroke,1459.182,10.719545,20.0,20.0,3.195762
13,stroke,1459.182,1.4659663,,44.5,0.35464013
14,stroke,1459.182,1.6849996,47.0,48.0,0.2127123
2,stroke,1460.679,45.360023,37.0,38.0,5.917269
4,stroke,1460.679,29.74111,6.0,34.5,2.3836794
9,stroke,1460.679,9.386977,,39.5,2.4236224
13,stroke,1460.679,0.9884335,5.0,37.5,0.2487143
14,stroke,1460.679,1.2515032,9.0,36.0,0.23440506
2,stroke,1461.48,32.320732,,27.5,7.64903
4,stroke,1461.48,51.01377,,49.5,14.316865
9,stroke,1461.48,8.706502,5.0,35.5,2.4581385
12,stroke,1461.48,5.5018234,5.0,17.0,1.3596903
13,stroke,1461.48,1.0963514,,29.5,0.279443
14,stroke,1461.48,1.0814803,27.5,28.0,0.18126258
2,stroke,1462.729,20.747433,18.5,22.0,3.1845145
4,stroke,1462.729,37.625034,20.5,38.0,3.6814063
9,stroke,1462.729,11.652024,15.5,30.5,2.3174036
13,stroke,1462.729,1.0221127,46.5,46.5,0.25676543
14,stroke,1462.729,1.1635702,29.0,29.5,0.23919566
2,stroke,1463.548,30.361935,40.5,41.5,5.1406755
4,stroke,1463.548,13.386744,,26.5,4.0618224
9,stroke,1463.548,6.303278,,34.5,1.9435016
12,stroke,1463.548,4.7968845,5.0,17.5,1.5084766
13,stroke,1463.548,1.1574035,43.5,43.5,0.23131318
14,stroke,1463.548,0.8514254,,33.0,0.23241948
2,stroke,1464.3555,58.832367,22.5,27.5,5.23795
4,stroke,1464.3555,42.423622,14.5,15.0,11.533702
9,stroke,1464.3555,7.415148,,23.5,2.3944485
12,stroke,1464.3555,5.8797793,17.0,36.0,1.1400698
13,stroke,1464.3555,0.9624124,,29.5,0.28600284
14,stroke,1464.3555,1.3061595,17.5,18.0,0.24153468
2,stroke,1465.163,19.767555,23.5,24.0,4.500587
9,stroke,1465.163,12.909428,19.0,20.0,2.3831518
14,stroke,1465.163,1.1428398,42.5,43.0,0.23082854
2,stroke,1466.599,16.968899,14.5,15.5,3.7973566
4,stroke,1466.599,26.95102,5.0,45.0,1.9689066
9,stroke,1466.599,11.505442,22.5,23.0,1.9250774
13,stroke,1466.599,1.0907159,,20.5,0.2596478
2,stroke,1467.4075,629.2754,26.0,36.5,9.900621
4,stroke,1467.4075,160.19748,8.5,36.0,16.107327
9,stroke,1467.4075,73.19948,34.5,36.5,2.5888243
12,stroke,1467.4075,105.26523,33.0,37.0,1.1939086
13,stroke,1467.4075,0.98898745,,41.5,0.2646178
2,stroke,1468.2105,37.438744,11.0,15.5,5.5921774
4,stroke,1468.2105,86.91875,24.5,25.5,5.417139
9,stroke,1468.2105,10.187184,8.5,17.5,1.9954646
12,stroke,1468.2105,5.6456566,39.5,40.0,1.3836275
13,stroke,1468.2105,1.4092908,41.5,41.5,0.27873453
14,stroke,1468.2105,0.743239,,22.5,0.2058741
2,stroke,1469.017,840.4258,12.5,16.0,3.4025803
4,stroke,1469.017,212.72256,14.0,16.0,12.186783
9,stroke,1469.017,95.677574,14.0,16.0,2.7359326
12,stroke,1469.017,113.17497,12.5,16.5,1.4097505
13,stroke,1469.017,1.0730119,,43.0,0.25014225
14,stroke,1469.017,1.0191855,,24.0,0.29421398
2,stroke,1469.9045,15.5725765,,36.0,3.4593403
4,stroke,1469.9045,51.844913,14.0,40.5,1.8299613
9,stroke,1469.9045,9.95294,,46.5,2.744749
12,stroke,1469.9045,7.3099847,14.0,22.0,1.1099467
13,stroke,1469.9045,0.9168569,,22.0,0.28475276
14,stroke,1469.9045,1.0848888,18.0,19.0,0.22474518
4,stroke,1470.706,114.47575,33.0,33.0,23.965582
13,stroke,1470.706,1.2689443,11.5,38.0,0.2566926
14,stroke,1470.706,0.9528893,8.0,27.5,0.24944296
2,stroke,1471.57,19.339012,24.0,50.0,2.7586203
4,stroke,1471.57,38.559723,5.0,21.0,2.706356
9,stroke,1471.57,10.518031,12.5,48.0,2.3342655
12,stroke,1471.57,8.447289,5.0,40.5,1.54902
13,stroke,1471.57,1.2031157,28.5,28.5,0.28269708
14,stroke,1471.57,1.1250694,22.5,23.0,0.23501979
2,stroke,1472.3715,28.285896,,40.0,8.080692
12,stroke,1472.3715,4.2463894,5.0,39.0,1.0956353
13,stroke,1472.3715,1.1619064,,44.0,0.2970631
14,stroke,1472.3715,1.092128,30.5,30.5,0.22840008
4,stroke,1473.325,29.60136,5.0,36.0,3.485259
9,stroke,1473.325,9.596539,29.0,29.5,1.9282191
12,stroke,1473.325,3.8473458,17.5,22.0,1.1607506
13,stroke,1473.325,0.97031033,,33.0,0.21477976
14,stroke,1473.325,1.3098974,39.5,40.0,0.24893042
2,stroke,1474.1375,24.3461,,42.0,6.2563057
4,stroke,1474.1375,40.060608,,19.0,12.422833
9,stroke,1474.1375,7.961212,,40.5,2.634468
12,stroke,1474.1375,8.113916,,37.0,2.0032432
13,stroke,1474.1375,1.2490276,40.5,41.0,0.24660143
14,stroke,1474.1375,0.8340868,,31.0,0.25677395
2,stroke,1475.392,14.787031,,15.0,4.7031417
4,stroke,1475.392,35.637802,14.5,18.5,2.325605
13,stroke,1475.392,1.0114763,,27.0,0.26729503
14,stroke,1475.392,1.2982105,39.5,40.0,0.2662867
2,stroke,1476.193,46.90625,38.0,40.5,7.5429354
4,stroke,1476.193,84.85408,5.5,50.0,21.232878
9,stroke,1476.193,10.78267,18.5,19.0,2.1493683
12,stroke,1476.193,6.0978894,10.5,15.5,1.3890101
13,stroke,1476.193,1.6063356,17.0,30.0,0.19177312
14,stroke,1476.193,0.9512469,,28.0,0.2604144
2,stroke,1477.1305,23.47393,32.0,33.0,4.276937
4,stroke,1477.1305,37.418434,24.5,26.0,2.862041
9,stroke,1477.1305,7.1974077,48.0,48.5,2.2551873
13,stroke,1477.1305,0.9498136,,48.0,0.24659568
14,stroke,1477.1305,1.3797519,26.0,26.5,0.23651409
2,stroke,1477.9335,41.93872,25.5,26.5,7.810298
4,stroke,1477.9335,135.02234,,22.0,30.965405
9,stroke,1477.9335,11.493026,35.0,35.0,2.8164454
13,stroke,1477.9335,0.9672341,11.0,39.5,0.26151866
14,stroke,1477.9335,1.1418543,,20.0,0.2821304
2,stroke,1478.758,269.03616,5.0,19.5,7.905088
4,stroke,1478.758,61.99163,5.0,19.0,1.0596837
9,stroke,1478.758,40.38367,5.0,20.0,3.0546887
12,stroke,1478.758,43.067543,5.0,20.0,1.3734213
13,stroke,1478.758,1.2885921,29.0,29.0,0.2646918
4,stroke,1479.568,87.84557,20.5,28.5,15.760674
12,stroke,1479.568,5.52404,13.5,15.0,1.3881263
13,stroke,1479.568,0.7960278,,49.5,0.22625297
14,stroke,1479.568,0.982077,8.0,15.0,0.251546
2,stroke,1480.3705,171.97,6.0,25.5,19.64406
4,stroke,1480.3705,89.509674,8.0,24.0,20.126574
9,stroke,1480.3705,27.2943,7.0,26.0,2.1321461
12,stroke,1480.3705,28.16502,5.0,26.5,3.1030068
14,stroke,1480.3705,1.2239637,47.5,48.0,0.22951049
2,stroke,1481.171,28.363686,20.5,21.0,5.1126404
4,stroke,1481.171,152.22261,15.5,15.5,33.807198
9,stroke,1481.171,9.323523,,36.0,2.2779083
13,stroke,1481.171,1.392345,14.5,49.5,0.23177485
14,stroke,1481.171,1.2325234,5.0,31.0,0.17788267
2,stroke,1482.259,266.45612,5.0,19.5,2.8683763
4,stroke,1482.259,59.219376,5.0,19.0,2.554273
9,stroke,1482.259,34.836044,5.0,36.5,1.9445113
12,stroke,1482.259,38.959953,5.0,20.0,2.7820122
13,stroke,1482.259,0.9119164,,43.0,0.26914006
14,stroke,1482.259,1.2495592,24.0,24.5,0.2556802
2,stroke,1483.0595,32.59072,,20.0,6.852897
4,stroke,1483.0595,260.37698,45.5,46.0,41.800667
9,stroke,1483.0595,9.924527,,50.0,2.694847
12,stroke,1483.0595,8.365002,5.0,38.0,1.454468
14,stroke,1483.0595,0.9486347,,25.5,0.25813892
2,stroke,1483.8635,35.13269,12.5,42.0,5.1118345
4,stroke,1483.8635,68.07977,,25.0,19.234825
9,stroke,1483.8635,6.302919,9.0,46.5,1.3160677
12,stroke,1483.8635,3.697152,15.5,21.0,1.1485115
13,stroke,1483.8635,0.9016634,,18.0,0.25831345
14,stroke,1483.8635,1.0858449,29.5,29.5,0.26785678
2,stroke,1485.026,13.336791,6.0,30.0,3.3584056
4,stroke,1485.026,32.860245,23.0,36.5,4.6272287
9,stroke,1485.026,11.370597,5.5,28.5,1.7516774
13,stroke,1485.026,1.0845331,,22.0,0.25822157
14,stroke,1485.026,1.1588389,6.5,43.5,0.23966973
2,stroke,1485.828,45.221046,,40.5,11.155754
4,stroke,1485.828,83.32006,5.0,33.5,20.330582
9,stroke,1485.828,8.462103,,39.5,2.485651
13,stroke,1485.828,1.1755996,5.5,50.0,0.22306623
14,stroke,1485.828,1.2793376,38.5,39.0,0.2620839
2,stroke,1486.99,25.219322,,29.0,6.8394613
4,stroke,1486.99,46.588142,33.0,40.0,3.3300908
9,stroke,1486.99,8.19128,10.0,17.0,2.1686106
12,stroke,1486.99,9.244539,24.5,47.5,1.819884
13,stroke,1486.99,1.1474327,42.0,42.0,0.2652963
14,stroke,1486.99,1.1353865,,36.5,0.291969
2,stroke,1487.8755,17.845299,9.0,22.0,4.157376
4,stroke,1487.8755,16.222374,,42.5,3.9717171
13,stroke,1487.8755,1.3764107,28.5,28.5,0.26895046
14,stroke,1487.8755,0.93561405,,34.5,0.2423886
13,stroke,1488.6805,1.1189425,,18.5,0.29643342
14,stroke,1488.6805,0.95354724,5.0,29.0,0.16037993
2,stroke,1489.484,42.523018,37.0,41.0,5.8830166
9,stroke,1489.484,8.106292,,46.0,2.5414517
13,stroke,1489.484,1.1890588,20.5,21.0,0.19567797
14,stroke,1489.484,0.952174,,38.0,0.28950056
2,stroke,1491.3755,15.182679,43.0,43.5,3.2299602
4,stroke,1491.3755,84.27189,8.0,21.5,3.4251924
12,stroke,1491.3755,7.297387,,30.0,2.3382075
13,stroke,1491.3755,0.7372973,5.0,22.0,0.17841376
14,stroke,1491.3755,0.96002746,,27.0,0.25223508
4,stroke,1492.177,140.20132,,23.5,32.626404
9,stroke,1492.177,6.740916,38.5,39.0,1.4370726
13,stroke,1492.177,1.1942647,7.5,39.0,0.1512417
14,stroke,1492.177,1.0297315,9.5,24.0,0.22531252
2,stroke,1493.418,24.222572,31.0,31.0,5.578252
4,stroke,1493.418,28.696514,6.0,50.0,3.2899294
9,stroke,1493.418,11.072521,30.5,42.0,2.1136987
13,stroke,1493.418,1.168035,23.5,24.0,0.22445975
14,stroke,1493.418,1.1357464,19.5,40.5,0.22989775
2,stroke,1494.225,36.869892,11.5,40.0,7.4787235
9,stroke,1494.225,6.61445,7.5,47.0,1.3449857
12,stroke,1494.225,10.892508,8.5,15.5,2.826741
13,stroke,1494.225,1.1916611,22.5,22.5,0.24739051
14,stroke,1494.225,1.0645416,,22.5,0.2827528
2,stroke,1495.366,22.431171,,30.5,6.4764943
4,stroke,1495.366,94.53086,9.0,48.5,3.030164
9,stroke,1495.366,7.855648,22.5,24.5,2.007478
12,stroke,1495.366,6.4185123,,19.5,1.6681285
13,stroke,1495.366,1.0074161,7.0,22.5,0.219909
14,stroke,1495.366,1.0885401,24.0,24.0,0.23843071
2,stroke,1496.532,18.322355,,25.0,5.1200833
4,stroke,1496.532,10.871242,,47.5,2.453065
9,stroke,1496.532,5.302081,,25.5,1.6799649
12,stroke,1496.532,5.633507,49.5,50.0,1.1719942
13,stroke,1496.532,0.9939252,12.0,27.0,0.22475201
14,stroke,1496.532,1.0504,5.0,32.0,0.13794811
2,stroke,1498.2925,21.440832,,20.5,5.2746897
4,stroke,1498.2925,45.966583,24.0,30.5,5.06789
12,stroke,1498.2925,10.251367,5.0,17.0,1.2950479
13,stroke,1498.2925,1.1835922,39.5,39.5,0.2760113
14,stroke,1498.2925,1.3692718,6.0,15.5,0.29021314
2,stroke,1499.2165,84.16134,16.5,21.5,8.00592
4,stroke,1499.2165,46.229534,33.0,44.0,3.027119
9,stroke,1499.2165,9.7866,19.5,20.5,1.3004141
12,stroke,1499.2165,10.836813,25.0,39.5,1.0497178
13,stroke,1499.2165,0.7877486,5.0,35.0,0.1704664
14,stroke,1499.2165,1.297255,5.0,30.5,0.24826597
2,stroke,1500.0235,36.624767,,24.0,10.771443
4,stroke,1500.0235,61.702774,,15.0,18.965797
9,stroke,1500.0235,7.0190144,9.5,32.5,0.84534204
12,stroke,1500.0235,5.778585,15.0,16.5,1.1758395
13,stroke,1500.0235,1.0389626,,20.0,0.30618075
14,stroke,1500.0235,1.1170948,5.0,19.0,0.24841496
2,stroke,1501.541,34.720448,7.5,47.0,5.0694346
4,stroke,1501.541,39.461105,5.0,46.0,3.4037921
13,stroke,1501.541,1.3390591,24.0,31.5,0.23126566
14,stroke,1501.541,0.7608664,,46.0,0.2179414
2,stroke,1503.18,201.78293,5.0,19.0,2.9980986
4,stroke,1503.18,51.307995,5.0,19.5,1.7625589
9,stroke,1503.18,22.25896,5.0,19.5,1.9345095
12,stroke,1503.18,31.967617,5.0,19.5,1.5048645
13,stroke,1503.18,1.2653835,,28.5,0.25501096
14,stroke,1503.18,1.1221131,17.0,17.0,0.26565853
2,stroke,1503.9825,29.180851,21.5,22.0,6.090121
4,stroke,1503.9825,101.31086,,34.5,27.653816
9,stroke,1503.9825,11.704639,5.0,29.0,1.7827744
13,stroke,1503.9825,1.0697172,,22.0,0.255763
2,stroke,1505.572,30.917143,7.0,39.5,4.2169757
4,stroke,1505.572,18.89428,8.5,38.0,2.84021
9,stroke,1505.572,7.080864,9.0,27.5,1.5598863
12,stroke,1505.572,5.340345,,50.0,1.6321927
13,stroke,1505.572,1.2062769,,43.0,0.27253184
14,stroke,1505.572,1.1613173,,31.5,0.2532409
2,stroke,1506.3805,53.43206,25.5,39.5,7.6599693
9,stroke,1506.3805,5.8398848,11.5,36.5,1.6406976
12,stroke,1506.3805,8.600069,5.0,35.0,1.2481934
13,stroke,1506.3805,1.0560619,10.0,18.5,0.20554899
14,stroke,1506.3805,0.9762436,8.0,15.0,0.16147804
2,stroke,1507.4405,25.572952,41.0,42.0,4.637659
4,stroke,1507.4405,18.709976,6.5,19.0,2.5831003
9,stroke,1507.4405,9.023689,,27.5,2.5288117
12,stroke,1507.4405,7.15901,5.5,19.5,1.0043973
13,stroke,1507.4405,0.7807417,,43.0,0.23960057
14,stroke,1507.4405,1.1508453,7.5,19.5,0.18959337
2,stroke,1508.2415,38.46566,29.5,30.0,6.486613
4,stroke,1508.2415,65.214355,5.0,22.0,18.305006
9,stroke,1508.2415,8.681255,27.0,48.0,1.3885669
12,stroke,1508.2415,5.381589,5.0,22.5,1.5793085
13,stroke,1508.2415,0.9200357,15.5,16.0,0.23516612
14,stroke,1508.2415,1.3348124,,38.5,0.3047615
2,stroke,1509.152,25.063374,29.0,29.0,5.9283533
4,stroke,1509.152,36.614204,6.5,21.0,3.024961
9,stroke,1509.152,9.42564,5.0,46.5,1.3081452
12,stroke,1509.152,4.452572,24.0,24.5,1.0555505
13,stroke,1509.152,1.3481505,49.0,49.5,0.30603203
14,stroke,1509.152,1.4427121,,44.5,0.32390842
2,stroke,1509.9525,19.192749,11.5,31.5,5.6754346
4,stroke,1509.9525,47.08326,,20.5,13.116168
9,stroke,1509.9525,5.5586176,5.0,43.5,1.1786516
13,stroke,1509.9525,1.197931,,30.5,0.2825813
14,stroke,1509.9525,1.2520564,47.0,47.0,0.2591019
2,stroke,1511.5755,21.307386,48.5,49.0,4.3360963
4,stroke,1511.5755,32.466724,10.0,19.0,5.336971
9,stroke,1511.5755,7.007764,22.0,24.0,1.2936414
12,stroke,1511.5755,5.9933014,,22.5,1.9861723
13,stroke,1511.5755,0.63586473,,20.0,0.20884912
14,stroke,1511.5755,1.1494075,29.0,29.5,0.20296064
4,stroke,1512.376,90.11766,15.5,16.0,16.384514
9,stroke,1512.376,8.456673,42.0,42.0,1.7854776
13,stroke,1512.376,1.0750684,34.0,34.0,0.25634226
14,stroke,1512.376,0.87302756,,49.5,0.26636776
2,stroke,1513.21,13.611509,30.5,30.5,3.1962094
4,stroke,1513.21,36.175823,5.5,26.5,3.6507196
9,stroke,1513.21,5.220328,27.0,38.0,1.5104519
13,stroke,1513.21,0.93874264,,27.0,0.2598012
14,stroke,1513.21,1.5383754,27.5,28.0,0.28399974
2,stroke,1514.6425,146.6474,5.0,19.5,8.694779
4,stroke,1514.6425,46.79594,5.0,18.5,2.063618
9,stroke,1514.6425,10.779987,5.0,19.0,1.3979446
12,stroke,1514.6425,30.536879,5.0,49.5,1.5997357
14,stroke,1514.6425,1.735152,28.0,29.0,0.22195312
2,stroke,1515.9415,27.071442,35.5,36.0,4.550253
4,stroke,1515.9415,18.68827,6.0,28.0,3.065684
9,stroke,1515.9415,9.541542,37.0,38.5,1.4722779
12,stroke,1515.9415,10.537801,41.0,42.0,2.6500068
13,stroke,1515.9415,1.2630047,,38.0,0.3704339
14,stroke,1515.9415,1.1342015,20.5,21.5,0.19404027
2,stroke,1517.903,17.161587,,20.5,4.787394
4,stroke,1517.903,28.679129,7.0,48.0,3.090344
12,stroke,1517.903,7.4342585,5.0,16.0,0.6773177
13,stroke,1517.903,1.1072049,16.5,16.5,0.26173863
14,stroke,1517.903,0.6784364,9.5,47.0,0.18923354
2,stroke,1518.7055,28.41038,14.5,15.0,7.161637
4,stroke,1518.7055,179.71265,43.0,43.5,29.52587
12,stroke,1518.7055,7.7452717,6.5,40.0,0.66049224
13,stroke,1518.7055,1.0224321,,18.0,0.2633595
2,stroke,1520.496,26.620441,6.5,36.5,3.371172
4,stroke,1520.496,78.09662,29.5,33.5,3.5740454
9,stroke,1520.496,6.0284324,,50.0,1.8028157
12,stroke,1520.496,4.2213545,16.5,26.0,0.789813
13,stroke,1520.496,1.3911448,41.0,41.0,0.33179602
14,stroke,1520.496,1.2140231,,50.0,0.2550567
2,stroke,1521.2965,25.600582,32.0,38.0,4.3748403
4,stroke,1521.2965,135.96494,,32.5,32.36659
9,stroke,1521.2965,7.5646987,27.5,37.0,1.9344968
12,stroke,1521.2965,8.708454,20.5,28.0,1.3606839
13,stroke,1521.2965,1.3952038,26.5,27.0,0.33982608
14,stroke,1521.2965,1.3082209,7.5,15.0,0.23717552
2,stroke,1522.625,29.486382,17.5,18.0,5.6732206
4,stroke,1522.625,28.986551,44.0,49.0,3.7736907
9,stroke,1522.625,6.385727,18.5,20.5,1.1799611
12,stroke,1522.625,3.8640518,7.0,31.0,1.161791
13,stroke,1522.625,1.0498171,13.5,15.0,0.20957235
2,stroke,1523.427,21.949268,19.5,20.0,5.264017
12,stroke,1523.427,7.770171,17.0,17.0,1.759804
13,stroke,1523.427,1.14975,33.5,33.5,0.23719157
14,stroke,1523.427,1.2339768,34.5,34.5,0.24960081
2,stroke,1525.411,37.251568,47.5,48.0,5.0506997
4,stroke,1525.411,22.944204,6.0,34.5,4.136071
9,stroke,1525.411,6.3118696,,42.0,1.6122316
13,stroke,1525.411,1.0615115,17.0,17.5,0.20836358
14,stroke,1525.411,0.9534432,,35.5,0.20873994
2,stroke,1526.212,22.517555,6.5,35.0,5.444579
9,stroke,1526.212,6.0206175,40.5,44.0,1.4413581
13,stroke,1526.212,1.1067573,,39.0,0.29852745
14,stroke,1526.212,1.5436225,10.0,42.5,0.21392864
4,stroke,1527.016,56.140594,5.0,28.5,13.185393
9,stroke,1527.016,5.807019,43.0,43.5,1.1747323
13,stroke,1527.016,0.97529346,,34.0,0.22425173
14,stroke,1527.016,1.2881757,,15.0,0.34611553
2,stroke,1528.2305,29.935816,33.0,33.5,4.314308
4,stroke,1528.2305,19.85263,49.0,50.0,3.430097
9,stroke,1528.2305,6.6549826,6.5,34.5,1.1244365
12,stroke,1528.2305,5.357456,5.0,17.5,1.3689713
14,stroke,1528.2305,1.0385437,6.5,46.0,0.20981836
2,stroke,1529.033,23.308186,,33.5,6.355504
4,stroke,1529.033,139.20546,35.0,35.5,18.844595
9,stroke,1529.033,4.925194,5.0,23.0,1.1387072
13,stroke,1529.033,1.0871632,,24.5,0.22979358
14,stroke,1529.033,1.2319684,28.5,29.0,0.25616106
2,stroke,1530.631,17.431778,7.0,30.0,3.1844108
4,stroke,1530.631,43.218407,11.0,45.0,4.2607
12,stroke,1530.631,12.16407,36.5,40.0,2.5096164
13,stroke,1530.631,0.89097464,,41.5,0.23530553
14,stroke,1530.631,1.2975483,8.5,19.0,0.25868052
2,stroke,1531.498,27.70383,21.0,21.5,5.1975856
4,stroke,1531.498,13.895315,28.5,29.0,2.5698571
12,stroke,1531.498,5.140627,13.0,39.0,0.7403752
13,stroke,1531.498,1.1485074,25.0,25.0,0.26291448
14,stroke,1531.498,1.0711828,50.0,50.0,0.2114717
2,stroke,1532.3005,22.76717,,30.5,6.58147
4,stroke,1532.3005,48.89102,21.5,25.0,5.3729577
9,stroke,1532.3005,6.966045,27.0,32.0,1.1174685
13,stroke,1532.3005,1.6289918,34.5,35.0,0.30880764
14,stroke,1532.3005,1.1729562,,38.5,0.29481146
2,stroke,1533.105,18.382713,,25.0,5.1450152
9,stroke,1533.105,5.4437094,34.0,35.0,1.6492789
12,stroke,1533.105,7.9843035,,19.5,2.5757158
13,stroke,1533.105,0.9524456,5.5,42.5,0.19955823
14,stroke,1533.105,0.98641706,,26.5,0.2559625
2,stroke,1533.9055,20.39745,29.5,30.0,4.2193036
4,stroke,1533.9055,35.634636,,17.0,10.556298
9,stroke,1533.9055,7.503276,,22.0,1.67999
12,stroke,1533.9055,8.216681,5.0,16.0,1.0758237
13,stroke,1533.9055,1.8026203,37.0,46.5,0.21334569
14,stroke,1533.9055,1.1386337,,42.5,0.24218214
2,stroke,1534.719,25.530382,35.0,47.5,4.8304596
4,stroke,1534.719,82.3901,47.0,47.0,16.511278
12,stroke,1534.719,6.1966467,,41.5,1.672811
13,stroke,1534.719,1.3729461,,25.0,0.37916464
14,stroke,1534.719,0.9813649,,32.5,0.21480119
2,stroke,1536.3045,31.175508,30.0,31.0,4.573644
4,stroke,1536.3045,50.9449,5.5,27.5,2.8974018
9,stroke,1536.3045,3.8338604,7.0,26.0,1.2288226
13,stroke,1536.3045,1.0773811,6.0,25.5,0.22050294
14,stroke,1536.3045,0.9314739,,33.0,0.28949526
2,stroke,1537.109,17.936062,,18.5,5.9338775
4,stroke,1537.109,192.22928,30.0,30.5,25.64828
9,stroke,1537.109,4.4513316,30.0,30.5,1.0165825
12,stroke,1537.109,6.397453,7.0,21.0,1.051875
13,stroke,1537.109,1.1775208,,23.0,0.29585037
14,stroke,1537.109,0.9819213,15.0,15.5,0.19111153
2,stroke,1539.3155,29.12517,44.0,44.5,5.5312257
4,stroke,1539.3155,41.388454,18.5,20.0,3.6519094
9,stroke,1539.3155,8.644371,32.5,39.5,1.4406469
13,stroke,1539.3155,0.96162397,11.0,18.5,0.24928343
14,stroke,1539.3155,1.0997983,47.0,47.5,0.21469645
4,stroke,1540.6715,10.344297,5.0,21.0,1.8216839
9,stroke,1540.6715,6.883274,23.5,25.0,1.1232562
12,stroke,1540.6715,14.030449,6.0,26.5,2.0801666
13,stroke,1540.6715,0.95604837,11.0,47.5,0.20734297
14,stroke,1540.6715,0.9186095,,22.0,0.23723978
4,stroke,1548.211,66.97534,12.0,48.0,3.0864408
12,stroke,1548.211,11.707586,5.0,16.0,1.94251
14,stroke,1548.211,0.9554064,,15.0,0.25397423
2,stroke,1549.012,34.922737,16.0,16.5,7.3080564
4,stroke,1549.012,117.8089,27.0,27.0,20.529438
9,stroke,1549.012,3.8627841,44.5,45.0,1.1186216
13,stroke,1549.012,1.1147941,48.5,48.5,0.23556924
14,stroke,1549.012,0.97521317,,48.0,0.20649274
2,stroke,1549.85,38.268387,32.0,32.5,7.0482135
9,stroke,1549.85,6.748495,46.5,48.0,1.2977896
13,stroke,1549.85,1.2789495,43.5,43.5,0.31449637
2,stroke,1550.6525,30.186499,36.5,36.5,6.296963
4,stroke,1550.6525,109.179825,31.5,31.5,25.79063
12,stroke,1550.6525,14.164402,23.5,37.5,3.2601326
13,stroke,1550.6525,0.95494,,21.5,0.2507093
14,stroke,1550.6525,1.045737,,18.5,0.2443879
4,stroke,1552.4035,41.65156,8.0,44.0,4.080594
9,stroke,1552.4035,7.3069744,39.0,40.0,1.5462263
12,stroke,1552.4035,6.3380203,5.0,24.0,1.0396013
13,stroke,1552.4035,0.91907704,11.5,25.0,0.26192048
14,stroke,1552.4035,1.1398484,,19.5,0.28273454
2,stroke,1553.21,11.846228,5.5,47.5,2.8527105
4,stroke,1553.21,60.67055,23.0,23.5,9.31467
9,stroke,1553.21,5.29272,,38.0,1.4789608
13,stroke,1553.21,0.7812904,10.0,18.0,0.22369029
14,stroke,1553.21,1.0976273,,35.0,0.22637896
2,stroke,1554.017,25.82693,21.5,22.0,4.6017575
4,stroke,1554.017,93.26393,27.0,30.0,8.223938
13,stroke,1554.017,1.1160284,,41.0,0.2792259
14,stroke,1554.017,0.86118215,43.5,43.5,0.21734308
2,stroke,1554.838,23.522135,8.0,49.5,3.4987552
4,stroke,1554.838,19.763367,13.5,15.0,3.2103114
12,stroke,1554.838,6.7750463,27.5,39.0,1.9609215
13,stroke,1554.838,1.0160426,12.0,43.5,0.32593554
14,stroke,1554.838,0.7533144,,16.5,0.19824521
2,stroke,1556.373,32.170975,23.5,27.0,4.1230025
4,stroke,1556.373,32.891994,39.5,40.5,4.120587
9,stroke,1556.373,6.5264473,46.5,46.5,1.3825611
12,stroke,1556.373,7.9581633,,35.0,1.7903494
13,stroke,1556.373,0.9674848,,42.0,0.29591638
2,stroke,1557.8265,23.298515,,27.5,6.6768494
4,stroke,1557.8265,21.079996,18.5,19.0,3.9633703
9,stroke,1557.8265,7.903023,10.0,40.5,0.9671981
12,stroke,1557.8265,7.794622,,44.0,2.1077042
13,stroke,1557.8265,1.0884172,9.5,47.0,0.25760272
14,stroke,1557.8265,1.3556328,36.0,47.0,0.248984
2,stroke,1559.386,32.343174,22.5,23.5,4.7034583
4,stroke,1559.386,39.193886,17.5,39.5,3.6537366
9,stroke,1559.386,4.8776817,24.5,25.5,1.1362379
13,stroke,1559.386,1.1767502,15.0,15.5,0.2584506
14,stroke,1559.386,1.0424372,14.0,44.0,0.22492337
2,stroke,1560.189,25.56071,34.0,34.5,4.3246193
9,stroke,1560.189,5.4021344,27.5,42.5,1.171205
12,stroke,1560.189,4.9648495,5.0,36.0,1.5482849
13,stroke,1560.189,1.0051447,36.5,36.5,0.22885364
14,stroke,1560.189,0.9659673,,27.5,0.25101036
2,stroke,1561.0105,23.723873,26.5,27.0,4.4694333
4,stroke,1561.0105,41.168762,16.5,29.0,3.086027
9,stroke,1561.0105,5.0507092,26.5,26.5,1.4106901
12,stroke,1561.0105,5.638757,25.5,49.0,1.1225591
13,stroke,1561.0105,0.9409244,,18.0,0.25258577
14,stroke,1561.0105,0.89510757,,47.0,0.23309791
2,stroke,1561.815,31.487286,38.0,38.0,6.7354426
9,stroke,1561.815,4.9621162,,30.0,1.650841
13,stroke,1561.815,1.114122,50.0,50.0,0.22370408
14,stroke,1561.815,1.4387634,10.0,50.0,0.22355779
2,stroke,1562.7435,76.664215,5.0,19.0,4.5241256
4,stroke,1562.7435,17.680952,5.0,18.0,2.1495814
9,stroke,1562.7435,13.504177,19.0,30.0,2.187314
12,stroke,1562.7435,26.936905,5.0,16.0,0.7653418
13,stroke,1562.7435,1.2242932,,37.5,0.29858708
14,stroke,1562.7435,0.7358773,,18.0,0.22912961
2,stroke,1563.6005,17.55487,25.5,25.5,3.7227464
4,stroke,1563.6005,23.035685,7.5,17.5,4.9389505
9,stroke,1563.6005,5.159657,5.0,32.0,1.3645903
13,stroke,1563.6005,0.9501357,,24.0,0.26819098
14,stroke,1563.6005,1.1726558,27.0,27.0,0.23170868
2,stroke,1564.4015,24.806833,38.0,38.5,3.6739101
4,stroke,1564.4015,102.277176,12.0,36.0,17.702702
9,stroke,1564.4015,10.6399975,33.0,37.5,1.7437698
13,stroke,1564.4015,0.85617244,,29.5,0.2591364
14,stroke,1564.4015,0.93727475,40.0,40.5,0.16642465
2,stroke,1565.202,32.12187,20.0,20.5,6.3370366
4,stroke,1565.202,111.98461,29.0,29.5,20.318142
9,stroke,1565.202,5.5920153,,17.5,1.6407771
12,stroke,1565.202,9.010514,5.0,18.0,2.4698167
13,stroke,1565.202,0.9188911,,25.5,0.22879703
14,stroke,1565.202,0.9210419,9.0,31.0,0.20985252
2,stroke,1566.003,32.794727,49.0,49.5,5.680913
4,stroke,1566.003,76.35811,11.0,36.5,4.857053
9,stroke,1566.003,7.2188606,15.0,15.5,1.5630755
12,stroke,1566.003,5.8718824,22.5,48.5,0.656991
13,stroke,1566.003,1.145159,13.0,37.0,0.21858399
14,stroke,1566.003,1.3283546,15.5,15.5,0.29864118
2,stroke,1566.8735,14.851618,,44.0,3.5499444
4,stroke,1566.8735,12.539837,17.5,23.5,2.2887652
9,stroke,1566.8735,6.0374126,20.5,44.5,1.0364101
13,stroke,1566.8735,1.0744257,27.0,27.0,0.21514767
14,stroke,1566.8735,1.5874784,48.5,49.0,0.24338979
2,stroke,1567.674,25.969917,15.0,15.5,5.666319
4,stroke,1567.674,34.27207,,48.5,8.651694
9,stroke,1567.674,4.867878,,41.0,1.614131
12,stroke,1567.674,5.5699506,45.5,46.5,1.1908131
13,stroke,1567.674,0.9631643,,35.5,0.24169946
14,stroke,1567.674,1.2053187,,47.0,0.29382712
4,stroke,1568.4745,45.08542,,32.5,10.0261545
9,stroke,1568.4745,4.724455,12.5,44.5,1.2951328
13,stroke,1568.4745,1.2577744,28.5,29.0,0.23200351
14,stroke,1568.4745,1.201763,42.0,42.0,0.24754867
2,stroke,1569.2875,28.196985,27.0,28.0,4.8218365
9,stroke,1569.2875,4.8221407,6.0,19.0,1.5591019
12,stroke,1569.2875,6.515457,5.0,19.5,1.4409676
13,stroke,1569.2875,1.0727233,,46.0,0.2868159
14,stroke,1569.2875,0.961624,,46.5,0.2460718
4,stroke,1570.112,18.139711,5.0,20.5,4.644973
13,stroke,1570.112,1.2478828,33.0,33.0,0.27528736
14,stroke,1570.112,1.0185623,,39.5,0.23607296
2,stroke,1570.9145,24.449497,45.5,46.0,5.2076435
9,stroke,1570.9145,4.6911974,,32.0,1.514627
12,stroke,1570.9145,37.351196,28.0,38.5,2.5591109
13,stroke,1570.9145,0.9246665,11.5,18.0,0.22479779
14,stroke,1570.9145,1.3226738,,48.0,0.3085535
2,stroke,1571.717,31.598925,10.5,15.0,7.7376065
4,stroke,1571.717,95.34363,37.5,38.0,14.829818
9,stroke,1571.717,5.3905253,36.0,36.5,0.94596726
12,stroke,1571.717,32.42398,29.0,30.0,5.5471535
13,stroke,1571.717,0.8509863,,25.5,0.27192408
14,stroke,1571.717,1.0416269,,41.5,0.30018824
2,stroke,1572.6185,56.85046,16.0,21.0,4.532315
4,stroke,1572.6185,15.1137085,5.0,47.0,3.9309163
9,stroke,1572.6185,7.8995714,30.5,31.5,1.5718275
12,stroke,1572.6185,2.7734537,21.5,38.0,0.87241566
13,stroke,1572.6185,1.0066338,,20.5,0.26751202
14,stroke,1572.6185,0.87011325,,32.5,0.2704429
2,stroke,1573.42,40.196,28.5,25.5,7.1273303
4,stroke,1573.42,158.9403,17.0,17.0,34.92478
13,stroke,1573.42,1.4198077,24.5,25.0,0.2362836
14,stroke,1573.42,1.079757,41.0,41.0,0.21612674
2,stroke,1574.2215,236.96445,26.0,32.5,6.269578
4,stroke,1574.2215,91.83171,,20.0,25.198727
9,stroke,1574.2215,25.771778,10.5,30.0,1.3560033
12,stroke,1574.2215,90.27925,28.5,30.0,1.9071277
14,stroke,1574.2215,1.2854456,46.5,46.5,0.27280718
2,stroke,1575.0235,31.078743,5.5,23.0,6.006456
9,stroke,1575.0235,7.8147154,,42.5,2.2653904
13,stroke,1575.0235,0.93305385,,33.5,0.2603303
14,stroke,1575.0235,1.3941183,19.5,19.5,0.26153952
4,stroke,1575.824,130.6423,,28.0,36.164627
9,stroke,1575.824,5.143456,37.5,38.0,1.2253482
13,stroke,1575.824,1.3731644,37.0,37.5,0.22311324
14,stroke,1575.824,1.2261736,17.0,17.5,0.25861716
2,stroke,1576.6355,31.181059,35.5,36.0,8.296943
4,stroke,1576.6355,52.1911,9.5,49.0,7.8304324
9,stroke,1576.6355,9.908575,14.5,42.5,1.0556248
12,stroke,1576.6355,7.265968,40.5,41.5,1.6896641
13,stroke,1576.6355,1.157048,12.5,49.0,0.2184396
14,stroke,1576.6355,0.93390787,11.5,40.0,0.17744467
2,stroke,1577.437,33.516003,,31.0,10.730658
4,stroke,1577.437,215.06177,42.5,43.0,41.198753
9,stroke,1577.437,6.4822636,,50.0,1.5688118
12,stroke,1577.437,6.5476365,8.5,34.5,1.9050406
13,stroke,1577.437,0.85308295,7.0,40.5,0.22659498
14,stroke,1577.437,0.7826824,,37.0,0.21477345
2,stroke,1578.2415,44.68373,18.0,47.0,6.1809907
4,stroke,1578.2415,187.99811,23.0,26.0,26.219154
9,stroke,1578.2415,7.181221,11.0,20.0,1.7581626
12,stroke,1578.2415,6.1444488,28.0,29.5,1.6418768
13,stroke,1578.2415,1.100347,,25.0,0.29453188
14,stroke,1578.2415,1.173284,43.5,44.0,0.23461838
2,stroke,1579.206,13.822905,,41.0,4.4673247
4,stroke,1579.206,19.561241,6.5,38.0,2.9923823
12,stroke,1579.206,6.2557135,5.0,15.0,1.1168259
13,stroke,1579.206,0.80917495,,36.5,0.23599856
14,stroke,1579.206,1.6009114,33.0,33.5,0.27571332
2,stroke,1580.007,24.865051,22.5,22.5,5.0649815
4,stroke,1580.007,77.13347,23.5,24.0,9.857807
9,stroke,1580.007,6.100597,44.5,44.5,1.903051
13,stroke,1580.007,0.94519264,,24.0,0.22730832
14,stroke,1580.007,1.0879757,,44.0,0.25790083
12,stroke,1580.8115,6.2225676,5.0,15.0,1.0712054
13,stroke,1580.8115,1.0145302,,25.5,0.2559088
14,stroke,1580.8115,1.0002775,48.0,48.5,0.18224733
2,stroke,1582.0415,18.680023,46.0,47.0,3.421688
4,stroke,1582.0415,38.708282,9.5,35.5,2.9734616
9,stroke,1582.0415,4.355586,18.0,18.0,1.0137204
12,stroke,1582.0415,8.33326,35.5,36.0,1.7785125
13,stroke,1582.0415,0.90796065,7.0,34.5,0.21029316
14,stroke,1582.0415,1.0216608,,47.5,0.24492696
2,stroke,1582.8425,41.401306,31.0,31.5,8.530899
4,stroke,1582.8425,127.832275,13.5,39.5,19.547457
9,stroke,1582.8425,7.7300324,15.0,34.0,1.3080251
12,stroke,1582.8425,7.61734,5.0,46.0,0.7297539
13,stroke,1582.8425,1.0660238,,36.5,0.26075122
14,stroke,1582.8425,1.068668,20.0,20.5,0.214929
2,stroke,1583.676,21.804941,,34.0,5.1292944
4,stroke,1583.676,23.779272,31.0,34.5,2.2742884
9,stroke,1583.676,3.8896685,6.5,49.5,1.1168227
13,stroke,1583.676,0.8672418,9.0,33.5,0.24211165
14,stroke,1583.676,1.2297845,20.0,20.5,0.19669364
2,stroke,1585.614,20.530396,39.5,40.0,3.3912566
4,stroke,1585.614,27.694687,23.0,48.0,2.992889
12,stroke,1585.614,8.269934,,19.5,2.6529596
13,stroke,1585.614,1.0991156,,27.0,0.27128848
14,stroke,1585.614,1.2107768,22.5,23.0,0.20487322
12,stroke,1586.415,7.904055,7.5,15.0,1.1839913
13,stroke,1586.415,0.88295424,36.0,36.5,0.1548892
14,stroke,1586.415,1.0273362,,32.5,0.24102633
2,stroke,1587.2155,6.0010405,15.0,17.0,1.15499
4,stroke,1587.2155,69.521225,16.0,16.5,11.514644
9,stroke,1587.2155,6.46192,21.5,44.0,1.0022908
13,stroke,1587.2155,1.1767857,17.5,17.5,0.21822008
14,stroke,1587.2155,0.91381013,,43.0,0.2688094
2,stroke,1588.0195,6.0842414,42.0,42.5,1.9391681
13,stroke,1588.0195,1.1120596,20.5,20.5,0.22608994
14,stroke,1588.0195,0.8297012,,37.5,0.23944694
2,stroke,1589.35,4.6150193,42.5,43.0,1.4869864
4,stroke,1589.35,37.163544,12.0,48.5,2.9291804
12,stroke,1589.35,5.601404,44.5,45.0,1.2848487
13,stroke,1589.35,1.3614285,35.5,36.0,0.2536852
14,stroke,1589.35,1.0718715,,17.0,0.2261917
2,stroke,1590.151,17.577286,44.0,45.5,2.7392466
4,stroke,1590.151,80.541855,,43.0,18.012318
9,stroke,1590.151,14.156861,10.0,20.5,1.121672
12,stroke,1590.151,5.272133,32.5,33.0,1.235218
13,stroke,1590.151,1.1419034,45.0,45.0,0.2749469
14,stroke,1590.151,1.0781376,18.0,18.5,0.22968179
2,stroke,1591.6975,10.851641,14.5,38.5,1.8509306
4,stroke,1591.6975,52.51599,46.5,50.0,4.1662536
12,stroke,1591.6975,3.8721237,18.0,33.5,0.9030996
13,stroke,1591.6975,0.9713418,,49.0,0.28037772
14,stroke,1591.6975,1.17411,,15.0,0.3377309
2,stroke,1592.514,11.636717,6.5,35.5,1.6165636
4,stroke,1592.514,154.78491,39.0,39.5,18.98156
12,stroke,1592.514,7.6524744,29.5,36.0,1.8199055
13,stroke,1592.514,1.0993885,22.5,22.5,0.23196337
2,stroke,1593.6445,8.276011,,22.5,2.5224605
4,stroke,1593.6445,9.281809,13.0,22.0,1.8197398
9,stroke,1593.6445,6.6369667,,28.5,1.7650471
12,stroke,1593.6445,7.243496,5.0,47.5,1.1629484
13,stroke,1593.6445,1.3942504,42.0,42.5,0.22476383
14,stroke,1593.6445,1.172158,,49.5,0.25868478
2,stroke,1594.8325,8.655058,15.5,16.0,2.077161
4,stroke,1594.8325,19.6445,9.0,36.0,3.7553911
9,stroke,1594.8325,5.0561914,9.5,33.5,0.9791242
12,stroke,1594.8325,8.437324,22.5,33.0,0.9882511
13,stroke,1594.8325,0.9518675,,34.0,0.25570348
14,stroke,1594.8325,1.4027264,43.0,44.0,0.19689609
4,stroke,1595.633,135.83173,12.0,15.5,18.179232
13,stroke,1595.633,0.770483,,16.0,0.25564563
14,stroke,1595.633,1.369681,16.0,16.5,0.24973235
2,stroke,1596.484,8.653043,48.0,48.0,2.6608257
4,stroke,1596.484,12.941896,5.0,18.0,2.6075416
9,stroke,1596.484,8.009363,26.5,30.0,1.1981515
12,stroke,1596.484,4.739348,28.5,47.0,0.77910846
13,stroke,1596.484,1.0258685,,20.5,0.2562798
14,stroke,1596.484,1.328855,44.0,44.0,0.27421948
2,stroke,1597.2845,10.247311,7.0,50.0,2.37797
4,stroke,1597.2845,84.69484,20.0,20.5,14.874027
9,stroke,1597.2845,5.350458,22.0,48.0,1.350607
12,stroke,1597.2845,6.7021427,5.0,15.0,0.8727551
13,stroke,1597.2845,1.1078041,,29.0,0.28115362
14,stroke,1597.2845,0.8080763,,30.0,0.2569043
2,stroke,1600.8815,49.260166,5.0,18.5,0.92624897
4,stroke,1600.8815,13.348402,5.0,17.5,1.2103913
9,stroke,1600.8815,8.984847,15.0,15.0,1.8338104
12,stroke,1600.8815,22.532368,5.0,15.5,1.7651203
13,stroke,1600.8815,0.7933756,,15.5,0.17254776
14,stroke,1600.8815,1.0283957,,43.5,0.2935838
2,stroke,1601.9245,4.681349,28.0,28.5,1.0419339
4,stroke,1601.9245,16.326004,,35.0,3.737313
9,stroke,1601.9245,5.6362934,5.0,22.0,1.8223627
12,stroke,1601.9245,8.226911,21.0,36.5,0.7749034
13,stroke,1601.9245,1.2853804,7.0,40.5,0.21296637
14,stroke,1601.9245,0.9203329,25.5,25.5,0.18570589
2,stroke,1602.751,5.446137,8.5,41.0,1.1343732
12,stroke,1602.751,6.7498474,5.0,33.0,1.2683184
13,stroke,1602.751,1.3275537,9.0,46.0,0.271149
14,stroke,1602.751,1.2465916,41.0,41.5,0.3215197
9,stroke,1603.5525,4.950082,5.0,15.0,1.2761225
12,stroke,1603.5525,11.244516,18.5,26.0,2.421826
13,stroke,1603.5525,1.0067862,34.0,34.0,0.23771323
14,stroke,1603.5525,0.86180055,23.5,23.5,0.2134559
2,stroke,1605.2,13.63238,49.0,50.0,2.2283611
4,stroke,1605.2,21.218754,9.5,49.0,3.0016916
9,stroke,1605.2,6.0286674,24.5,25.0,1.4299037
12,stroke,1605.2,5.922284,5.0,20.5,0.76131755
13,stroke,1605.2,0.83677053,,33.0,0.19703388
14,stroke,1605.2,1.0219494,,22.5,0.2851446
9,stroke,1606.144,5.9426174,6.0,39.0,1.1270542
12,stroke,1606.144,3.1579862,11.5,35.0,0.70708704
13,stroke,1606.144,0.867748,9.0,34.5,0.21981934
14,stroke,1606.144,0.7306856,10.5,32.5,0.18963371
2,stroke,1606.975,12.637038,46.0,46.0,2.8331637
4,stroke,1606.975,10.921811,5.0,15.0,1.6424959
9,stroke,1606.975,5.1875277,5.5,37.5,1.2993349
12,stroke,1606.975,5.594821,5.0,42.5,1.6277508
13,stroke,1606.975,1.1903229,,27.0,0.26993805
14,stroke,1606.975,0.99890184,5.0,46.0,0.19469298
2,stroke,1607.801,6.693724,8.5,49.0,2.0680947
4,stroke,1607.801,19.829899,45.5,45.5,4.3323073
12,stroke,1607.801,7.7843423,26.0,39.0,1.2194973
13,stroke,1607.801,1.3711362,47.5,48.0,0.27379364
14,stroke,1607.801,1.3797195,37.0,37.5,0.2283027
4,stroke,1609.0275,17.679222,15.5,16.0,3.7220275
12,stroke,1609.0275,5.5548453,11.0,19.0,1.3698522
13,stroke,1609.0275,0.86500204,,37.0,0.23082781
14,stroke,1609.0275,1.0532212,,39.0,0.28773445
2,stroke,1609.845,9.756967,17.5,26.5,2.5646763
4,stroke,1609.845,43.010468,31.5,32.0,6.278691
13,stroke,1609.845,1.2123475,41.0,41.0,0.24463063
14,stroke,1609.845,1.1183897,,16.0,0.26988888
2,stroke,1610.786,6.8232927,9.0,46.5,1.3137687
4,stroke,1610.786,19.879017,50.0,50.0,3.758623
12,stroke,1610.786,4.6807632,7.5,38.0,1.2320617
13,stroke,1610.786,0.96424687,,21.5,0.23812898
14,stroke,1610.786,0.81523734,7.5,20.5,0.21950698
2,stroke,1611.5875,13.343668,,25.5,3.7278743
4,stroke,1611.5875,196.52905,21.0,25.0,26.824118
12,stroke,1611.5875,4.895573,23.5,47.0,1.3298602
13,stroke,1611.5875,1.3620958,18.5,18.5,0.2737129
14,stroke,1611.5875,1.0635607,16.0,17.0,0.18500385
2,stroke,1612.3935,19.804031,26.0,26.5,3.4219632
4,stroke,1612.3935,86.39746,20.5,20.5,17.691105
9,stroke,1612.3935,6.257345,,28.0,1.9913964
12,stroke,1612.3935,26.049776,,15.0,7.962191
13,stroke,1612.3935,0.7503302,,37.0,0.2099015
14,stroke,1612.3935,0.9828043,,46.5,0.22753735
2,stroke,1613.5185,10.066015,9.5,28.5,1.2876376
4,stroke,1613.5185,19.021637,12.0,40.5,2.8268135
9,stroke,1613.5185,5.363844,5.5,21.0,0.9795056
12,stroke,1613.5185,13.292963,6.0,50.0,1.4561262
13,stroke,1613.5185,1.1983368,34.0,34.0,0.25244373
14,stroke,1613.5185,1.0614998,17.5,17.5,0.25844583
2,stroke,1614.334,21.760103,8.5,15.0,3.671204
4,stroke,1614.334,36.323578,15.5,15.5,7.339932
12,stroke,1614.334,10.112321,13.5,20.0,2.295866
14,stroke,1614.334,1.3341949,44.0,44.0,0.2912192
9,stroke,1615.167,10.992642,5.0,34.0,1.4348367
12,stroke,1615.167,9.484941,44.5,45.0,2.1271567
13,stroke,1615.167,1.0044049,,50.0,0.30350447
14,stroke,1615.167,1.1427921,8.0,42.0,0.24218306
2,stroke,1616.6215,7.686687,,30.0,1.8697664
4,stroke,1616.6215,10.616407,16.5,35.0,1.8061275
9,stroke,1616.6215,5.3014355,40.0,40.0,1.5071416
13,stroke,1616.6215,1.1203142,,25.5,0.3090043
14,stroke,1616.6215,1.3625896,31.0,31.5,0.2449535
2,stroke,1617.424,13.304932,,15.5,3.9837718
4,stroke,1617.424,202.49173,26.0,27.0,23.129883
12,stroke,1617.424,5.967419,17.0,19.5,1.7343106
13,stroke,1617.424,1.1961813,20.0,20.5,0.26189685
14,stroke,1617.424,1.2980338,16.5,17.0,0.22974853
2,stroke,1618.234,12.520027,47.0,47.0,2.529305
4,stroke,1618.234,81.07097,30.5,30.5,15.210695
9,stroke,1618.234,4.663125,7.0,50.0,1.4160621
12,stroke,1618.234,5.5513763,16.5,17.0,1.8415406
13,stroke,1618.234,1.2103353,43.0,43.5,0.23797697
14,stroke,1618.234,0.9045373,,20.0,0.22610511
2,stroke,1619.1755,15.001563,45.0,46.0,2.1313875
4,stroke,1619.1755,17.436945,8.5,28.0,3.0373452
9,stroke,1619.1755,6.327634,11.0,27.5,1.2566444
12,stroke,1619.1755,10.808348,5.0,19.0,1.4538958
13,stroke,1619.1755,1.0825279,19.0,19.5,0.19300257
2,stroke,1619.977,12.923648,14.0,18.0,2.1295211
4,stroke,1619.977,73.91936,29.0,30.0,10.944851
9,stroke,1619.977,6.590442,37.5,42.0,0.93921894
12,stroke,1619.977,5.348384,5.0,33.5,1.7582873
13,stroke,1619.977,1.1290113,21.0,21.5,0.26646432
2,stroke,1620.789,8.516877,,45.0,2.753934
4,stroke,1620.789,19.606705,49.0,50.0,4.033747
9,stroke,1620.789,7.621448,5.0,18.5,1.7664757
13,stroke,1620.789,0.85801053,,17.0,0.24113587
14,stroke,1620.789,1.2513831,19.5,40.0,0.1941631
2,stroke,1621.8295,10.620001,24.0,24.5,2.0894175
4,stroke,1621.8295,42.15368,11.5,17.0,3.8790376
9,stroke,1621.8295,6.4674134,44.5,46.5,1.2190111
13,stroke,1621.8295,1.2604257,36.5,37.0,0.23516749
14,stroke,1621.8295,1.7152846,47.0,47.5,0.3524692
2,stroke,1622.634,13.180753,49.5,49.5,2.8301957
4,stroke,1622.634,41.864967,,42.5,11.660751
9,stroke,1622.634,6.799923,49.0,50.0,1.4272383
12,stroke,1622.634,9.355822,5.0,15.0,1.4282997
14,stroke,1622.634,1.027841,,23.0,0.28414527
2,stroke,1623.4345,15.993559,7.0,15.0,1.6402968
4,stroke,1623.4345,42.03012,,32.0,11.8941345
9,stroke,1623.4345,8.504085,6.0,15.0,1.3543203
13,stroke,1623.4345,0.79200053,,30.0,0.21228361
14,stroke,1623.4345,1.0344782,,20.5,0.30285117
2,stroke,1624.2585,9.589181,,44.0,2.4764378
4,stroke,1624.2585,38.375168,,41.0,11.40372
12,stroke,1624.2585,7.4974446,,29.0,1.7595518
13,stroke,1624.2585,0.92455035,,49.0,0.28451335
14,stroke,1624.2585,1.0191466,9.5,35.0,0.23667473
4,stroke,1625.06,21.183084,40.0,40.5,3.3041854
14,stroke,1625.06,0.83808815,,39.0,0.19537963
2,stroke,1625.8895,5.9651227,28.5,35.5,1.62613
4,stroke,1625.8895,39.2357,14.5,47.0,6.2446446
9,stroke,1625.8895,7.0532327,8.0,40.5,0.9751806
12,stroke,1625.8895,8.406996,5.0,35.5,1.4297802
13,stroke,1625.8895,1.0884254,,40.5,0.30814257
14,stroke,1625.8895,1.1364336,23.5,24.0,0.22571671
4,stroke,1626.693,20.720295,5.0,28.0,4.5780516
12,stroke,1626.693,9.955067,46.0,50.0,1.8222123
13,stroke,1626.693,1.3607333,23.5,42.0,0.21217692
14,stroke,1626.693,0.9624445,33.0,33.0,0.2034864
2,stroke,1627.5005,8.401751,37.0,37.5,1.6678144
4,stroke,1627.5005,52.39911,25.5,25.5,10.127833
9,stroke,1627.5005,4.361507,9.5,18.5,1.205787
12,stroke,1627.5005,11.48424,5.0,21.5,2.4781651
13,stroke,1627.5005,1.1078272,,24.0,0.24873401
14,stroke,1627.5005,0.9896922,5.0,35.0,0.25427097
2,stroke,1628.309,12.53359,25.5,26.0,2.314718
4,stroke,1628.309,35.178146,11.0,28.5,2.7346659
9,stroke,1628.309,4.010116,6.5,49.0,1.3199104
13,stroke,1628.309,0.8463242,,19.0,0.24111365
14,stroke,1628.309,1.2517816,,18.0,0.29623225
2,stroke,1629.1125,18.276108,49.0,49.5,3.502923
4,stroke,1629.1125,204.56407,34.5,35.0,29.625725
9,stroke,1629.1125,5.301084,45.0,45.5,0.90266544
13,stroke,1629.1125,1.3918445,19.5,19.5,0.25088105
14,stroke,1629.1125,1.0902038,,20.0,0.28937548
9,stroke,1629.9145,5.812235,38.5,40.0,1.6584122
12,stroke,1629.9145,7.8308926,7.0,27.5,1.4481862
13,stroke,1629.9145,0.80433536,,38.0,0.24887699
14,stroke,1629.9145,1.2637157,,27.0,0.29008174
4,stroke,1630.7345,30.905598,30.0,30.5,4.221055
13,stroke,1630.7345,1.3001347,48.0,48.0,0.26573324
14,stroke,1630.7345,1.1143563,,46.5,0.27465567
2,stroke,1631.537,13.802808,,33.5,4.3692384
4,stroke,1631.537,60.354446,5.0,48.0,6.985287
12,stroke,1631.537,6.765213,19.5,19.5,1.324614
13,stroke,1631.537,0.9945733,,34.0,0.2734206
14,stroke,1631.537,0.96923125,,39.5,0.25110582
4,stroke,1632.338,187.1908,5.0,36.5,39.429657
9,stroke,1632.338,5.750058,36.0,49.5,1.1253533
12,stroke,1632.338,6.0651207,42.0,43.5,1.0515316
13,stroke,1632.338,0.97643656,,24.0,0.25984842
14,stroke,1632.338,0.8311013,,25.5,0.21375677
4,stroke,1633.1455,60.082726,,16.5,14.271221
13,stroke,1633.1455,1.1027825,,27.5,0.32123005
14,stroke,1633.1455,1.0124019,,15.5,0.3099328
2,stroke,1634.0675,16.562279,21.5,22.0,3.0615344
4,stroke,1634.0675,12.701031,38.0,39.0,2.7515252
13,stroke,1634.0675,1.0559466,,19.0,0.2842589
14,stroke,1634.0675,1.0516987,9.0,19.0,0.26657087
2,stroke,1634.8685,90.99681,5.0,20.0,10.319472
4,stroke,1634.8685,159.57553,,46.0,47.1732
9,stroke,1634.8685,11.861061,10.0,46.0,1.8880385
13,stroke,1634.8685,1.1940198,,31.0,0.32844108
14,stroke,1634.8685,1.1904327,16.5,17.0,0.21434885
2,stroke,1635.6695,46.78694,45.0,45.5,9.473638
4,stroke,1635.6695,219.62177,21.5,22.0,30.213512
9,stroke,1635.6695,11.904051,35.5,36.0,2.1494617
13,stroke,1635.6695,1.3557867,34.5,35.0,0.27137664
14,stroke,1635.6695,1.009944,,45.5,0.23291537
2,stroke,1636.47,32.25833,,36.5,6.9075365
4,stroke,1636.47,85.71655,7.0,43.5,14.996393
9,stroke,1636.47,7.576596,,40.0,2.2197926
13,stroke,1636.47,1.1136916,34.5,49.5,0.2069449
14,stroke,1636.47,1.0936378,13.0,16.0,0.25383788
2,stroke,1638.0665,18.851265,,36.0,4.091406
4,stroke,1638.0665,38.578728,6.5,17.0,4.5045404
12,stroke,1638.0665,7.255702,45.0,45.0,1.8814925
14,stroke,1638.0665,1.2107799,,38.5,0.29609177
2,stroke,1638.867,29.498758,10.5,25.0,9.561228
4,stroke,1638.867,332.31824,31.0,31.5,52.685493
12,stroke,1638.867,7.6543097,30.5,39.0,1.2902741
13,stroke,1638.867,0.9856812,,35.5,0.26574802
14,stroke,1638.867,0.9227439,,50.0,0.2667942
2,stroke,1639.673,22.858105,,16.0,6.6787744
4,stroke,1639.673,54.09381,,41.0,15.193324
9,stroke,1639.673,8.547178,9.5,50.0,1.4945849
13,stroke,1639.673,1.009261,,15.0,0.24649698
14,stroke,1639.673,0.8694768,,33.0,0.24265365
2,stroke,1640.4825,160.53099,5.0,19.5,4.92193
4,stroke,1640.4825,46.34942,5.0,19.0,2.7381146
9,stroke,1640.4825,14.921237,6.5,17.0,1.866882
12,stroke,1640.4825,28.553211,5.0,20.5,0.68673337
13,stroke,1640.4825,1.2033317,5.0,28.5,0.22475944
14,stroke,1640.4825,1.0887218,20.0,25.0,0.21010838
2,stroke,1641.3085,15.010916,,22.5,4.686104
4,stroke,1641.3085,52.815727,8.5,42.5,3.629761
9,stroke,1641.3085,9.329225,,31.0,2.600311
13,stroke,1641.3085,1.1313857,,30.5,0.319112
14,stroke,1641.3085,1.1567631,49.5,50.0,0.25714377
2,stroke,1642.1105,39.88249,28.0,29.0,7.241211
4,stroke,1642.1105,92.36565,,32.0,27.617674
12,stroke,1642.1105,10.39191,5.0,37.0,0.67804694
13,stroke,1642.1105,1.3894856,34.5,45.5,0.26199314
14,stroke,1642.1105,1.0126115,21.5,22.0,0.23353001
12,stroke,1642.913,10.509098,5.0,15.0,0.9951495
13,stroke,1642.913,1.2684761,,32.0,0.29350942
14,stroke,1642.913,1.1222076,,26.0,0.24828617
2,stroke,1643.988,25.814606,31.5,32.0,4.930194
9,stroke,1643.988,6.816976,,48.5,1.6527474
12,stroke,1643.988,9.966047,5.0,24.0,0.61597806
13,stroke,1643.988,1.4111898,41.5,42.0,0.2725728
14,stroke,1643.988,0.83833015,,37.0,0.21564806
2,stroke,1644.791,34.374767,46.5,47.0,7.0805016
9,stroke,1644.791,9.897844,14.5,15.5,1.7776297
14,stroke,1644.791,0.89328957,,38.0,0.2829175
4,stroke,1645.5925,157.30797,21.0,21.5,21.884874
9,stroke,1645.5925,7.704414,,39.5,1.9188746
13,stroke,1645.5925,1.0041673,27.0,27.0,0.21546175
14,stroke,1645.5925,1.4351046,35.0,36.0,0.2506863
2,stroke,1646.7805,13.433875,,17.0,4.325109
4,stroke,1646.7805,12.449175,11.0,20.5,2.4639728
9,stroke,1646.7805,8.133551,13.0,30.5,1.7828587
13,stroke,1646.7805,0.8947805,,42.5,0.27285618
14,stroke,1646.7805,0.9455987,5.5,23.0,0.21798375
2,stroke,1647.581,24.498053,,23.5,6.484348
4,stroke,1647.581,152.4381,34.5,35.0,23.002779
9,stroke,1647.581,6.6847935,42.0,42.5,1.8940636
12,stroke,1647.581,5.851569,,43.5,1.5931845
13,stroke,1647.581,1.1359862,40.0,40.5,0.20436761
14,stroke,1647.581,1.2276695,,46.5,0.26272234
2,stroke,1648.3935,18.207546,8.5,17.0,3.668308
4,stroke,1648.3935,51.94386,34.5,35.0,7.552855
12,stroke,1648.3935,6.104969,19.0,29.5,1.5889999
13,stroke,1648.3935,1.4874935,34.0,40.0,0.20032717
14,stroke,1648.3935,0.95277846,,36.5,0.24725954
2,stroke,1649.197,21.034298,,40.5,5.2143717
4,stroke,1649.197,83.6819,5.0,31.0,22.777664
9,stroke,1649.197,9.735963,11.5,18.5,2.0752234
13,stroke,1649.197,0.9581175,13.5,30.5,0.21436857
14,stroke,1649.197,1.2376316,38.5,39.0,0.20425676
4,stroke,1650.0045,82.89555,9.0,22.5,8.663056
9,stroke,1650.0045,8.251476,13.5,15.5,1.6379805
13,stroke,1650.0045,0.98663175,,16.0,0.2774122
14,stroke,1650.0045,0.962669,,26.5,0.31517804
2,stroke,1650.815,14.2133255,,42.5,2.987653
9,stroke,1650.815,8.597786,24.5,24.5,1.8069289
12,stroke,1650.815,6.5976768,12.0,34.0,1.3730733
13,stroke,1650.815,0.9821601,,34.5,0.31264794
14,stroke,1650.815,1.1794746,,22.0,0.37949476
2,stroke,1651.6165,27.040806,24.0,24.5,4.551623
4,stroke,1651.6165,45.578804,,24.5,11.560538
12,stroke,1651.6165,13.450596,5.0,15.5,1.3140875
13,stroke,1651.6165,1.0507574,,32.0,0.27556953
4,stroke,1652.4175,50.082985,34.5,35.0,7.4475126
9,stroke,1652.4175,8.131391,,21.0,2.69015
12,stroke,1652.4175,5.038247,,38.5,1.1580191
13,stroke,1652.4175,1.2369442,45.5,45.5,0.26128694
14,stroke,1652.4175,1.1474701,,15.0,0.25502044
2,stroke,1653.221,26.295298,35.5,36.0,5.2889605
4,stroke,1653.221,67.96403,20.5,20.5,14.398589
9,stroke,1653.221,7.3969007,32.0,32.0,1.8816174
12,stroke,1653.221,5.8767347,5.0,47.0,0.9219362
13,stroke,1653.221,1.0263698,,45.5,0.31854478
14,stroke,1653.221,1.3472147,35.5,36.0,0.31376496
9,stroke,1654.0245,6.381111,5.5,42.5,1.9954954
12,stroke,1654.0245,5.595747,7.0,34.5,0.83584404
13,stroke,1654.0245,1.3135703,27.5,28.0,0.28770068
14,stroke,1654.0245,0.9848726,21.5,22.0,0.20148519
2,stroke,1654.833,19.624914,,29.5,5.3880277
4,stroke,1654.833,23.336761,,20.0,7.0846953
12,stroke,1654.833,6.500931,5.0,19.5,1.3989872
13,stroke,1654.833,1.2876374,20.5,21.5,0.20571472
14,stroke,1654.833,1.2151834,,39.0,0.30507576
2,stroke,1655.635,23.537941,,22.0,6.2178073
4,stroke,1655.635,102.97721,38.0,40.5,18.288109
9,stroke,1655.635,6.7542386,17.5,21.0,1.8280376
12,stroke,1655.635,4.904685,8.5,17.0,0.68728983
13,stroke,1655.635,0.96649367,8.5,42.5,0.21916525
14,stroke,1655.635,1.0973947,,39.5,0.2609464
2,stroke,1656.4355,27.24226,,19.0,6.2126493
4,stroke,1656.4355,61.980087,,34.0,19.008762
9,stroke,1656.4355,7.839836,,38.0,1.9102703
12,stroke,1656.4355,6.022896,11.5,22.0,1.2693628
13,stroke,1656.4355,1.249517,46.5,47.0,0.24317293
14,stroke,1656.4355,1.3416047,18.5,19.0,0.22668341
2,stroke,1657.8195,17.004143,,20.0,4.3203635
4,stroke,1657.8195,32.440693,20.5,21.5,3.438673
9,stroke,1657.8195,7.3415966,26.5,29.0,1.3888468
12,stroke,1657.8195,7.880146,5.0,18.0,1.5905173
13,stroke,1657.8195,0.96850836,24.0,24.5,0.19437183
14,stroke,1657.8195,1.3443546,,18.0,0.2962326
4,stroke,1658.6215,161.9354,,21.0,47.380154
13,stroke,1658.6215,1.0714436,12.5,22.5,0.2350327
14,stroke,1658.6215,1.1136701,,37.0,0.2825948
2,stroke,1660.2235,3.5116005,5.0,35.0,1.1018592
4,stroke,1660.2235,25.751217,13.0,34.5,4.6088247
9,stroke,1660.2235,8.18564,15.5,16.0,1.4964962
13,stroke,1660.2235,0.9009063,,20.0,0.276078
14,stroke,1660.2235,0.7745776,,41.5,0.22392167
2,stroke,1661.031,6.913691,30.0,45.5,1.3114319
4,stroke,1661.031,73.46648,17.0,17.0,15.013366
9,stroke,1661.031,7.9687743,10.5,26.5,1.5377464
13,stroke,1661.031,1.3371375,48.0,48.0,0.263762
14,stroke,1661.031,1.1635051,32.0,32.0,0.22526649
2,stroke,1662.4425,4.806428,11.5,41.5,1.4478132
4,stroke,1662.4425,18.5025,43.5,44.5,2.9582837
9,stroke,1662.4425,10.098872,24.5,24.5,2.0505562
12,stroke,1662.4425,6.4998455,42.0,46.5,1.3861257
13,stroke,1662.4425,1.1262014,42.0,42.5,0.2327949
14,stroke,1662.4425,0.9603343,,28.0,0.24684817
2,stroke,1663.2435,9.344685,,22.5,2.847135
4,stroke,1663.2435,64.878075,15.0,15.0,15.040666
9,stroke,1663.2435,6.778701,,17.0,2.0624633
13,stroke,1663.2435,1.1949323,10.5,28.5,0.2380538
14,stroke,1663.2435,1.040329,,20.0,0.23973107
2,stroke,1664.3925,5.0512757,,15.0,1.3955743
4,stroke,1664.3925,13.86425,26.0,32.0,2.6671026
9,stroke,1664.3925,7.886694,6.0,24.0,1.2397426
12,stroke,1664.3925,9.183196,12.0,17.5,1.8491763
13,stroke,1664.3925,1.4262476,15.0,15.5,0.27599257
14,stroke,1664.3925,1.4225178,23.0,23.5,0.31201124
2,stroke,1668.559,100.9041,5.0,19.0,1.5455364
4,stroke,1668.559,27.932133,5.0,19.0,1.9807211
9,stroke,1668.559,13.691696,6.0,29.5,1.4080577
12,stroke,1668.559,19.816763,5.0,16.0,1.1852427
13,stroke,1668.559,1.1643041,5.5,17.5,0.26981217
2,stroke,1671.267,115.84833,5.0,19.0,0.8569235
4,stroke,1671.267,36.765583,5.0,18.5,2.2190592
9,stroke,1671.267,14.212648,5.5,16.5,1.9065356
12,stroke,1671.267,21.889248,5.0,15.5,2.051258
13,stroke,1671.267,1.2943331,21.0,21.5,0.27508783
14,stroke,1671.267,1.3924494,16.0,35.5,0.20726603
4,stroke,1672.105,18.795225,,44.0,5.086547
9,stroke,1672.105,10.481247,,23.0,2.2115521
12,stroke,1672.105,4.373184,14.5,49.0,1.0732453
13,stroke,1672.105,1.1753999,36.0,36.0,0.23126313
14,stroke,1672.105,0.98663837,13.0,36.5,0.19095342
2,stroke,1673.564,423.19574,24.0,28.0,1.553565
4,stroke,1673.564,85.82976,26.0,27.5,2.9862099
9,stroke,1673.564,37.816578,24.5,26.0,1.9326799
12,stroke,1673.564,65.30458,5.5,25.5,2.3132074
13,stroke,1673.564,1.3583425,16.5,16.5,0.2576696
14,stroke,1673.564,1.0653353,,29.5,0.24848421
2,stroke,1674.3765,11.356434,,46.0,3.0101633
4,stroke,1674.3765,52.69535,,34.0,12.099599
9,stroke,1674.3765,7.771643,,31.5,2.1286106
13,stroke,1674.3765,1.1106334,31.5,32.0,0.26587713
14,stroke,1674.3765,1.1409404,,49.5,0.27918637
2,stroke,1675.285,6.3449025,,29.5,1.5875719
4,stroke,1675.285,9.415328,13.0,19.5,1.2824668
9,stroke,1675.285,6.251362,,48.5,1.9119407
12,stroke,1675.285,5.234209,5.0,15.5,1.0317506
13,stroke,1675.285,0.76563287,,36.5,0.23645353
14,stroke,1675.285,1.2466992,38.5,38.5,0.24426843
2,stroke,1676.0855,6.552397,11.0,28.5,1.8704305
4,stroke,1676.0855,176.82487,16.0,17.0,20.452427
12,stroke,1676.0855,11.788919,7.5,26.5,1.1660787
13,stroke,1676.0855,1.0753574,23.0,23.0,0.22253309
14,stroke,1676.0855,0.96938527,40.5,41.0,0.21871977
2,stroke,1677.5285,119.470764,5.0,19.5,1.8089995
4,stroke,1677.5285,26.273191,5.0,19.5,1.6407708
9,stroke,1677.5285,13.881276,6.5,17.0,2.195198
12,stroke,1677.5285,19.472115,5.0,20.0,0.73485816
14,stroke,1677.5285,1.0716598,39.5,40.0,0.23063084
2,stroke,1678.329,15.2726345,38.5,40.0,2.7336476
4,stroke,1678.329,102.65113,,17.5,28.90309
9,stroke,1678.329,6.5860806,,47.0,1.8217391
13,stroke,1678.329,1.32914,27.5,28.0,0.21794401
14,stroke,1678.329,1.2517154,23.0,26.5,0.1830981
2,stroke,1679.142,6.6204195,,37.0,2.0336547
4,stroke,1679.142,23.858456,5.0,22.0,7.9203763
9,stroke,1679.142,7.051114,35.0,40.5,1.5502268
13,stroke,1679.142,1.104825,20.5,44.0,0.19263369
14,stroke,1679.142,1.2395481,25.0,25.5,0.25077713
2,stroke,1679.944,11.9405155,7.5,32.0,3.5923092
4,stroke,1679.944,94.02132,,37.0,25.148268
9,stroke,1679.944,10.930491,,26.5,2.813223
12,stroke,1679.944,5.9733777,,19.5,1.6899406
13,stroke,1679.944,0.8032483,,24.0,0.2628528
14,stroke,1679.944,1.0746417,17.0,17.0,0.24628074
4,stroke,1680.745,53.525883,,30.5,15.419799
9,stroke,1680.745,8.213326,17.5,19.0,1.4476306
12,stroke,1680.745,11.488257,45.0,46.0,2.5941086
13,stroke,1680.745,1.3952833,17.0,17.5,0.24305603
14,stroke,1680.745,1.0881522,,40.0,0.25732836
2,stroke,1681.553,19.472176,16.5,48.0,2.1116204
4,stroke,1681.553,82.2766,29.0,29.5,15.878706
9,stroke,1681.553,8.506151,5.0,31.0,1.3881749
12,stroke,1681.553,6.477716,5.0,42.5,1.0895495
13,stroke,1681.553,1.0295503,,47.5,0.31405118
14,stroke,1681.553,1.2729168,38.0,38.5,0.2050207
2,stroke,1682.356,16.139297,42.5,42.5,3.0904944
4,stroke,1682.356,119.57204,37.0,37.5,24.285637
9,stroke,1682.356,6.5276313,,50.0,1.4439082
12,stroke,1682.356,5.7525387,9.0,46.0,1.9154397
2,stroke,1683.1615,10.724929,14.5,15.0,1.7280585
4,stroke,1683.1615,51.667667,13.0,17.0,8.544928
9,stroke,1683.1615,5.428715,34.0,35.0,1.6557019
12,stroke,1683.1615,13.180742,5.0,18.0,3.0557323
13,stroke,1683.1615,0.930513,,33.0,0.26409346
14,stroke,1683.1615,1.5616474,24.0,24.5,0.2632673
2,stroke,1683.9625,15.117326,15.0,28.5,2.2999568
4,stroke,1683.9625,97.650826,17.0,17.0,19.116985
12,stroke,1683.9625,3.6815953,7.5,17.5,1.1332312
13,stroke,1683.9625,1.1079565,,28.0,0.25753728
14,stroke,1683.9625,1.0599283,,32.5,0.2538943
2,stroke,1684.7665,13.055729,46.0,46.5,3.0178347
4,stroke,1684.7665,125.417404,37.0,37.5,19.45023
9,stroke,1684.7665,6.3527184,25.5,25.5,1.3482043
13,stroke,1684.7665,1.1046067,35.5,35.5,0.22589044
14,stroke,1684.7665,1.0183682,,15.0,0.29464024
2,stroke,1685.5725,12.224679,,20.0,3.8018045
4,stroke,1685.5725,80.99198,23.0,23.5,15.381118
13,stroke,1685.5725,1.1432931,25.5,25.5,0.24466091
14,stroke,1685.5725,1.1565263,,45.0,0.2578664
2,stroke,1686.3815,9.072028,,30.5,3.018678
4,stroke,1686.3815,57.744694,15.5,15.5,9.525557
13,stroke,1686.3815,0.6847871,,36.0,0.20731004
14,stroke,1686.3815,1.0859187,,20.5,0.27946404
2,stroke,1687.183,15.544575,11.0,43.5,1.9488224
4,stroke,1687.183,132.31546,14.5,42.5,15.771149
9,stroke,1687.183,8.607083,6.5,17.0,1.9755456
12,stroke,1687.183,5.492362,,43.0,1.2898945
14,stroke,1687.183,1.3107125,30.0,30.0,0.28281122
2,stroke,1687.984,21.685703,39.5,40.5,4.7116456
4,stroke,1687.984,172.79514,30.0,31.0,19.548536
9,stroke,1687.984,8.058212,47.0,47.0,1.9739324
13,stroke,1687.984,0.7567363,5.5,25.0,0.22770314
14,stroke,1687.984,0.7894456,,25.0,0.2319523
2,stroke,1688.913,12.953407,7.5,44.5,1.7339343
4,stroke,1688.913,15.979954,28.5,50.0,1.2922729
9,stroke,1688.913,9.071692,21.0,21.5,2.3154025
12,stroke,1688.913,5.056547,5.0,19.5,1.0051255
13,stroke,1688.913,1.1371257,,16.0,0.26504147
14,stroke,1688.913,1.1663636,21.5,29.5,0.23058371
2,stroke,1689.715,15.12652,21.5,21.5,3.0193691
4,stroke,1689.715,123.53046,,33.5,27.10991
9,stroke,1689.715,5.125723,,20.0,1.649823
12,stroke,1689.715,4.828341,,45.5,1.4230591
13,stroke,1689.715,1.1759238,,42.5,0.26242912
14,stroke,1689.715,1.1761621,14.5,15.0,0.26640767
2,stroke,1690.5345,5.7075796,11.5,16.0,1.5101165
9,stroke,1690.5345,7.3084764,42.5,43.0,1.2993828
13,stroke,1690.5345,0.9838188,36.5,36.5,0.22193031
14,stroke,1690.5345,1.0075473,5.0,42.5,0.23768094
2,stroke,1691.3355,7.634988,11.0,28.5,2.095245
4,stroke,1691.3355,60.63137,7.0,35.5,15.278605
9,stroke,1691.3355,3.9049234,10.0,44.0,1.2306148
12,stroke,1691.3355,4.171892,16.0,35.0,1.2844901
13,stroke,1691.3355,1.1188536,9.5,24.0,0.31717822
14,stroke,1691.3355,1.025897,,30.5,0.29835662
2,stroke,1692.1375,8.149903,,38.5,2.243837
4,stroke,1692.1375,32.201714,5.0,21.0,6.969854
13,stroke,1692.1375,1.1353174,,23.0,0.26253822
14,stroke,1692.1375,1.0676098,49.0,49.5,0.2402934
2,stroke,1692.9545,7.3546133,7.5,27.0,1.5700561
4,stroke,1692.9545,32.648876,37.5,41.5,3.5576248
9,stroke,1692.9545,5.91318,9.5,50.0,1.3104082
12,stroke,1692.9545,6.1257567,19.0,50.0,1.4086043
13,stroke,1692.9545,0.9447471,,34.5,0.20265459
14,stroke,1692.9545,1.3662481,33.0,33.0,0.2429004
2,stroke,1693.755,12.601325,29.0,29.5,1.9198492
4,stroke,1693.755,30.00976,31.5,32.5,4.967139
9,stroke,1693.755,8.604125,15.5,16.0,2.484124
13,stroke,1693.755,1.2782351,33.5,34.0,0.2278379
14,stroke,1693.755,1.0695903,48.5,48.5,0.21698828
2,stroke,1694.5565,7.8404074,,33.5,2.4421754
4,stroke,1694.5565,45.984314,17.5,18.0,7.979821
9,stroke,1694.5565,6.6419697,44.5,45.5,1.5446672
13,stroke,1694.5565,0.85008967,,15.0,0.250472
14,stroke,1694.5565,1.1708535,,18.0,0.28209555
4,stroke,1695.39,16.72499,5.0,42.0,3.0160966
9,stroke,1695.39,9.659619,29.0,30.0,2.2488282
13,stroke,1695.39,0.8856308,,50.0,0.25756565
14,stroke,1695.39,0.99357486,7.5,46.0,0.1838408
2,stroke,1696.214,5.6755047,39.5,40.5,1.548608
4,stroke,1696.214,32.349785,48.0,48.5,5.7951384
12,stroke,1696.214,6.108841,21.0,30.5,1.6889272
13,stroke,1696.214,0.95635414,48.5,48.5,0.24547692
14,stroke,1696.214,0.7866299,5.0,37.0,0.17104125
4,stroke,1697.017,53.25173,43.0,47.0,5.5090914
9,stroke,1697.017,7.059437,44.0,45.0,1.2880285
12,stroke,1697.017,4.8319025,42.0,43.0,0.9098489
13,stroke,1697.017,0.9729444,7.0,27.5,0.20872687
14,stroke,1697.017,1.4326679,24.0,24.5,0.26397797
2,stroke,1699.2805,115.8516,5.0,19.0,1.7652568
4,stroke,1699.2805,24.045742,5.0,18.5,1.2767814
9,stroke,1699.2805,11.885031,5.5,20.0,1.3183208
12,stroke,1699.2805,19.43487,5.5,36.0,1.6380339
13,stroke,1699.2805,1.1440059,19.5,20.5,0.20826772
14,stroke,1699.2805,1.1977704,35.5,50.0,0.15954527
2,stroke,1705.8695,8.537078,49.0,49.0,1.9154612
4,stroke,1705.8695,22.286692,13.0,47.5,2.1575906
9,stroke,1705.8695,7.2013254,,37.5,1.5474886
12,stroke,1705.8695,8.87948,5.5,17.0,1.5546132
13,stroke,1705.8695,0.967139,11.5,44.0,0.25635222
4,stroke,1706.741,12.538219,,50.0,4.1320567
9,stroke,1706.741,5.9949794,5.0,43.0,1.8947634
13,stroke,1706.741,1.1853895,,27.0,0.2773833
14,stroke,1706.741,1.0738596,,21.0,0.24208206
2,stroke,1708.403,10.2472925,47.0,47.5,2.0652301
4,stroke,1708.403,32.25306,11.0,33.5,2.8943908
9,stroke,1708.403,9.031917,40.0,47.5,2.0341482
12,stroke,1708.403,10.797831,5.0,21.0,1.719832
13,stroke,1708.403,0.84399676,,25.0,0.2570563
14,stroke,1708.403,0.8927714,,40.5,0.27401328
2,stroke,1709.2145,10.181595,,35.0,3.348592
13,stroke,1709.2145,0.9909558,27.5,28.0,0.17079626
14,stroke,1709.2145,1.2783476,26.5,26.5,0.28527537
2,stroke,1710.4715,11.539209,,27.0,2.333438
4,stroke,1710.4715,20.743347,18.5,37.0,1.3419166
12,stroke,1710.4715,7.2849846,6.0,15.0,2.1577754
13,stroke,1710.4715,0.77988094,,50.0,0.25888377
14,stroke,1710.4715,0.8706411,,37.0,0.25620317
2,stroke,1712.8715,9.098966,27.0,28.0,2.067217
9,stroke,1712.8715,6.662677,17.5,43.5,1.3135619
12,stroke,1712.8715,5.474269,,27.0,1.3005247
13,stroke,1712.8715,1.3242872,50.0,50.0,0.24453105
2,stroke,1714.2105,9.601307,32.5,33.0,2.157395
4,stroke,1714.2105,14.916653,29.0,32.0,2.6259332
12,stroke,1714.2105,8.285215,10.5,23.0,1.2042463
13,stroke,1714.2105,1.1675664,,28.0,0.2832188
2,stroke,1716.4955,8.675942,34.0,34.0,1.7726548
9,stroke,1716.4955,9.219286,7.5,16.0,1.4384736
12,stroke,1716.4955,9.305193,6.0,42.5,2.2179909
13,stroke,1716.4955,1.125489,,45.0,0.2639734
14,stroke,1716.4955,0.88858974,,44.5,0.22882038
4,stroke,1718.527,13.294998,9.0,15.0,3.1617506
9,stroke,1718.527,5.333101,49.0,50.0,1.0962589
12,stroke,1718.527,4.215469,16.0,25.5,1.3918114
14,stroke,1718.527,0.9096271,,39.0,0.28770873
2,stroke,1719.3455,10.473276,29.5,30.0,1.8091673
4,stroke,1719.3455,33.748924,26.0,26.0,7.8592095
9,stroke,1719.3455,7.074761,5.0,23.5,1.2203588
12,stroke,1719.3455,5.1201987,5.0,15.5,1.2350572
13,stroke,1719.3455,0.91032207,,19.5,0.29156718
14,stroke,1719.3455,1.3349055,29.0,40.5,0.20395027
2,stroke,1721.026,8.242443,,40.0,2.1315467
4,stroke,1721.026,14.396709,5.0,25.5,2.3159735
12,stroke,1721.026,4.599389,5.0,38.0,1.3877298
13,stroke,1721.026,1.0534436,14.0,26.0,0.24100333
14,stroke,1721.026,1.1964774,,49.5,0.26497948
2,stroke,1721.8275,10.424049,29.5,30.0,3.0200403
4,stroke,1721.8275,109.96304,8.0,16.0,24.756636
9,stroke,1721.8275,6.433361,,47.5,1.6486567
13,stroke,1721.8275,1.2151623,27.0,27.5,0.16067688
14,stroke,1721.8275,0.799061,,25.0,0.19102886
2,stroke,1723.4405,8.123598,,39.0,2.4250672
4,stroke,1723.4405,34.341568,6.0,33.5,1.10589
9,stroke,1723.4405,6.2418838,35.5,36.5,1.5786649
12,stroke,1723.4405,5.9847574,25.0,26.5,1.3852016
13,stroke,1723.4405,0.9114036,12.0,24.0,0.22672495
14,stroke,1723.4405,1.2524706,21.5,22.0,0.25676546
4,stroke,1724.2445,82.061386,36.0,40.5,13.112175
9,stroke,1724.2445,8.696668,21.0,22.0,2.2060156
13,stroke,1724.2445,1.3099906,22.5,23.0,0.29596382
14,stroke,1724.2445,1.0886464,6.5,41.0,0.14632757
2,stroke,1725.713,133.23895,5.0,19.0,2.078283
4,stroke,1725.713,31.569511,5.0,19.0,1.7374349
9,stroke,1725.713,14.818864,5.5,16.0,1.20218
12,stroke,1725.713,28.078697,5.0,20.0,1.3435829
13,stroke,1725.713,1.1017922,8.5,20.0,0.22213383
14,stroke,1725.713,0.8647172,,42.5,0.25800833
4,stroke,1726.5225,90.94898,22.5,23.0,16.988983
9,stroke,1726.5225,6.1054497,23.0,23.5,1.5168802
12,stroke,1726.5225,6.1700425,13.5,31.5,0.7531901
13,stroke,1726.5225,0.7278475,,16.0,0.2115645
14,stroke,1726.5225,1.0797244,10.5,43.0,0.23440859
2,stroke,1727.3265,9.144798,,38.5,2.1402009
4,stroke,1727.3265,35.107872,,49.0,8.51572
9,stroke,1727.3265,5.6630874,8.5,15.0,1.5881336
13,stroke,1727.3265,1.262012,,32.0,0.31397802
14,stroke,1727.3265,1.007935,,42.5,0.28839839
2,stroke,1728.127,18.144718,18.0,22.5,2.5006897
4,stroke,1728.127,69.03103,12.5,50.0,15.501602
9,stroke,1728.127,8.054846,20.5,21.0,1.6058952
13,stroke,1728.127,1.0426295,,17.5,0.2544925
14,stroke,1728.127,1.2625294,27.0,27.5,0.24769457
2,stroke,1728.9445,11.272327,,23.0,2.7248597
4,stroke,1728.9445,52.26262,39.0,39.5,7.241913
9,stroke,1728.9445,9.15649,46.0,47.0,1.9369491
12,stroke,1728.9445,4.2866325,11.0,42.0,0.939221
13,stroke,1728.9445,0.88250697,,35.0,0.20424473
2,stroke,1729.944,6.5048923,,22.0,1.4643397
4,stroke,1729.944,13.306695,13.0,36.5,1.0472045
9,stroke,1729.944,5.522417,34.0,34.5,1.0018891
12,stroke,1729.944,3.7527163,,46.5,0.8982798
13,stroke,1729.944,1.413651,37.0,37.5,0.24077876
2,stroke,1730.745,9.968252,,42.5,3.1822426
4,stroke,1730.745,106.17117,19.0,19.5,15.499289
12,stroke,1730.745,6.4003377,41.0,41.5,1.5911987
13,stroke,1730.745,1.068247,,32.5,0.30617896
14,stroke,1730.745,1.0665407,,16.0,0.28977892
2,stroke,1731.564,14.981194,,42.5,4.038137
9,stroke,1731.564,6.624959,17.5,18.0,1.3053147
12,stroke,1731.564,6.357978,5.0,25.0,0.8074581
13,stroke,1731.564,1.0779638,41.0,41.5,0.16253687
2,stroke,1732.4745,11.470188,9.5,25.0,2.1934316
4,stroke,1732.4745,54.4133,41.5,47.0,4.6407614
9,stroke,1732.4745,5.066852,8.5,39.0,1.2038187
13,stroke,1732.4745,1.0149968,7.0,21.5,0.2119665
14,stroke,1732.4745,1.1098983,,47.0,0.2851629
2,stroke,1733.2795,109.187614,6.0,29.0,2.5186899
4,stroke,1733.2795,90.13389,,32.0,23.30276
9,stroke,1733.2795,10.930911,12.0,18.5,1.3249424
12,stroke,1733.2795,18.72755,6.0,29.5,2.5216389
13,stroke,1733.2795,0.93434244,,21.0,0.29883254
14,stroke,1733.2795,1.069365,,38.5,0.24649891
2,stroke,1734.135,8.956285,32.0,32.5,1.742458
4,stroke,1734.135,19.844032,7.5,47.0,4.791054
13,stroke,1734.135,0.93995786,,48.5,0.23569165
14,stroke,1734.135,1.1530983,25.5,23.0,0.18540113
2,stroke,1734.9365,16.087402,12.0,29.0,3.0169911
4,stroke,1734.9365,130.1642,,24.0,31.942032
9,stroke,1734.9365,5.711595,,17.5,1.7349342
12,stroke,1734.9365,6.765319,5.0,50.0,0.69202787
13,stroke,1734.9365,1.5191863,6.0,31.5,0.21537286
14,stroke,1734.9365,1.2042251,9.5,16.5,0.16884165
2,stroke,1735.7575,9.291006,10.5,27.0,1.9450406
4,stroke,1735.7575,42.518818,31.5,32.0,6.53537
9,stroke,1735.7575,6.231832,5.0,27.0,1.8546284
12,stroke,1735.7575,8.904919,5.0,43.5,1.7459272
13,stroke,1735.7575,1.0918565,,15.5,0.27493382
14,stroke,1735.7575,0.91695714,,41.5,0.23162784
2,stroke,1736.5595,11.466833,31.0,31.0,2.9637957
4,stroke,1736.5595,53.08239,5.0,39.0,10.760689
9,stroke,1736.5595,6.762566,,24.5,1.5179132
12,stroke,1736.5595,8.132305,42.0,50.0,1.2317289
13,stroke,1736.5595,1.1134746,,29.0,0.27844608
14,stroke,1736.5595,1.2024627,39.5,40.0,0.23198108
2,stroke,1737.3605,13.865763,37.0,37.5,2.49802
4,stroke,1737.3605,63.701073,44.5,44.5,15.254152
12,stroke,1737.3605,5.768151,5.0,22.5,0.60493195
13,stroke,1737.3605,1.1891584,24.5,24.5,0.23948285
14,stroke,1737.3605,1.057709,,22.5,0.3359942
2,stroke,1738.166,11.14388,,26.0,3.0404115
4,stroke,1738.166,88.957825,15.5,16.0,20.397646
9,stroke,1738.166,6.032494,5.0,16.0,1.0243399
12,stroke,1738.166,6.9206986,5.0,18.5,1.030401
13,stroke,1738.166,0.9970547,,15.0,0.23976177
14,stroke,1738.166,1.0180054,,47.5,0.23302111
4,stroke,1738.9685,127.03137,9.5,17.0,23.33202
9,stroke,1738.9685,8.406378,12.0,36.0,2.19313
12,stroke,1738.9685,4.9184,7.5,48.5,1.1496361
13,stroke,1738.9685,1.0700989,40.0,40.5,0.2721371
14,stroke,1738.9685,0.9348209,,32.0,0.24587198
2,stroke,1739.8125,6.6838546,10.0,46.5,1.5554556
4,stroke,1739.8125,37.835804,10.5,50.0,2.9163506
9,stroke,1739.8125,8.99384,5.0,18.5,1.2500596
12,stroke,1739.8125,7.4949417,44.5,50.0,0.9378394
13,stroke,1739.8125,1.0015273,,44.0,0.24778183
14,stroke,1739.8125,1.1198292,,32.0,0.24234124
2,stroke,1740.62,10.522133,43.5,44.0,1.9112917
9,stroke,1740.62,5.505169,48.0,49.5,1.514072
13,stroke,1740.62,1.11099,,15.0,0.3076785
14,stroke,1740.62,0.8770833,,16.0,0.2609639
2,stroke,1741.8535,10.23983,,26.0,2.394927
4,stroke,1741.8535,52.80941,10.5,41.5,4.1774116
9,stroke,1741.8535,7.3238583,5.5,23.0,1.8106561
12,stroke,1741.8535,5.6672697,11.5,19.5,1.2260025
13,stroke,1741.8535,1.0435066,,49.5,0.31012276
14,stroke,1741.8535,0.9371748,12.5,16.5,0.24998443
2,stroke,1742.672,14.64663,,49.5,4.8679047
4,stroke,1742.672,80.66885,5.0,41.5,21.74777
9,stroke,1742.672,11.441805,5.0,39.0,1.3254263
13,stroke,1742.672,1.1698503,48.0,48.5,0.20746347
14,stroke,1742.672,0.7754415,,33.5,0.25717604
2,stroke,1743.474,10.726362,26.5,27.0,1.8906716
9,stroke,1743.474,8.574356,,25.5,2.5097334
12,stroke,1743.474,9.592987,25.0,42.0,2.483771
13,stroke,1743.474,1.0143049,21.5,22.0,0.18959774
14,stroke,1743.474,1.1565325,,22.5,0.28578335
4,stroke,1744.4175,13.859932,22.5,47.5,1.7919173
9,stroke,1744.4175,5.70282,5.0,25.0,1.0168368
12,stroke,1744.4175,65.82658,7.0,41.5,6.0007977
13,stroke,1744.4175,0.96933454,,21.0,0.24759933
14,stroke,1744.4175,1.1392937,,33.0,0.29624996
2,stroke,1745.7525,2.3611612,6.0,15.0,0.51015043
4,stroke,1745.7525,16.778374,5.0,18.0,3.2869275
9,stroke,1745.7525,11.087716,29.0,29.5,2.301534
12,stroke,1745.7525,12.9219265,20.5,28.5,1.6845098
13,stroke,1745.7525,1.0110147,,23.5,0.2186692
14,stroke,1745.7525,0.9719037,,29.5,0.24195735
4,stroke,1746.5545,330.63715,13.5,17.5,30.911919
9,stroke,1746.5545,8.764046,14.0,17.5,1.817908
13,stroke,1746.5545,0.85223174,,29.5,0.22495903
14,stroke,1746.5545,0.9309907,,46.0,0.26345927
2,stroke,1747.3625,3.5777218,39.5,40.0,1.1351142
4,stroke,1747.3625,52.180145,32.0,32.5,6.866257
9,stroke,1747.3625,10.353426,16.5,39.0,2.5832665
14,stroke,1747.3625,1.2924972,,15.5,0.35101828
2,stroke,1748.1965,4.522231,8.5,34.5,1.178965
4,stroke,1748.1965,20.865545,5.0,38.0,2.8816152
9,stroke,1748.1965,5.8659105,37.5,39.0,1.605509
13,stroke,1748.1965,1.1589949,8.0,33.0,0.20486449
14,stroke,1748.1965,1.1198599,24.5,24.5,0.23366944
4,stroke,1749.097,23.851559,10.0,24.5,2.6189773
9,stroke,1749.097,8.334583,5.5,47.5,1.830627
12,stroke,1749.097,11.502335,5.0,33.0,1.1426048
13,stroke,1749.097,0.9238188,,19.0,0.20528182
14,stroke,1749.097,1.3747994,5.0,41.5,0.21705167
2,stroke,1750.104,14.142911,9.5,35.0,3.9393852
4,stroke,1750.104,31.295734,20.5,44.0,4.895227
13,stroke,1750.104,1.0843904,20.0,20.0,0.22379547
14,stroke,1750.104,0.8064475,7.5,22.0,0.21648845
9,stroke,1750.9045,8.125107,,19.0,2.4555736
12,stroke,1750.9045,24.801025,,24.5,7.9130898
14,stroke,1750.9045,1.0662682,,46.5,0.3534734
2,stroke,1751.7055,40.14022,,36.5,11.25482
4,stroke,1751.7055,310.75494,37.5,38.0,50.905777
9,stroke,1751.7055,7.11563,14.0,18.5,1.3174859
13,stroke,1751.7055,1.1020461,,31.5,0.2791836
14,stroke,1751.7055,1.5106635,9.0,30.5,0.22302492
2,stroke,1752.506,27.911013,20.5,20.5,5.5150695
4,stroke,1752.506,220.13727,14.5,22.5,36.083046
13,stroke,1752.506,1.1397552,,22.0,0.31072
14,stroke,1752.506,0.9185394,,24.5,0.26257116
2,stroke,1753.3565,21.181604,7.0,26.5,3.954855
4,stroke,1753.3565,16.469254,,17.5,3.5552363
9,stroke,1753.3565,10.11286,38.5,49.5,1.9171281
13,stroke,1753.3565,0.86693,,22.5,0.25030568
14,stroke,1753.3565,1.129359,11.0,15.0,0.22779024
2,stroke,1754.157,27.93348,35.0,43.0,4.628676
4,stroke,1754.157,176.3263,42.0,42.5,27.543772
13,stroke,1754.157,0.98962915,,39.5,0.23734988
14,stroke,1754.157,0.8726852,,18.5,0.25572795
2,stroke,1754.958,51.194992,19.5,26.0,8.743849
13,stroke,1754.958,1.1324263,49.5,49.5,0.25590062
14,stroke,1754.958,0.91600186,,40.0,0.3001603
2,stroke,1755.7605,37.209618,23.0,23.5,7.218311
4,stroke,1755.7605,355.64075,35.5,36.5,42.681538
9,stroke,1755.7605,5.228899,,16.5,1.4842783
12,stroke,1755.7605,8.313189,12.0,15.0,2.0442038
13,stroke,1755.7605,1.4856198,27.0,27.5,0.2447195
14,stroke,1755.7605,1.062175,29.0,29.0,0.22603334
2,stroke,1756.5615,32.863373,,24.5,8.857914
4,stroke,1756.5615,243.54572,21.5,28.5,29.376234
9,stroke,1756.5615,7.52264,,19.0,1.8661458
12,stroke,1756.5615,6.4279003,,26.0,1.6559551
13,stroke,1756.5615,1.0193537,,35.5,0.25366312
14,stroke,1756.5615,0.72680426,,36.0,0.21456942
4,stroke,1757.3655,131.77164,34.0,34.0,25.120667
9,stroke,1757.3655,7.6367393,14.5,15.5,1.4979814
12,stroke,1757.3655,5.5806518,6.0,49.0,0.5338475
13,stroke,1757.3655,1.2278198,20.5,20.5,0.2995564
14,stroke,1757.3655,1.1181153,,45.5,0.32154283
2,stroke,1758.1675,26.043068,17.0,18.0,5.04113
4,stroke,1758.1675,312.40277,15.5,23.5,36.855244
9,stroke,1758.1675,8.6470175,36.0,37.5,1.7970054
12,stroke,1758.1675,7.110512,36.5,41.0,1.231639
13,stroke,1758.1675,0.84403586,,15.5,0.25247657
14,stroke,1758.1675,1.5079558,33.0,34.0,0.18503366
4,stroke,1759.029,31.461018,22.5,23.0,5.037503
9,stroke,1759.029,9.442141,18.5,29.0,1.4735307
12,stroke,1759.029,6.7594013,14.0,17.5,1.5867058
13,stroke,1759.029,0.8799355,,19.5,0.22548786
14,stroke,1759.029,1.151319,,36.0,0.27229604
2,stroke,1759.8295,43.048992,40.0,43.5,8.101894
4,stroke,1759.8295,121.76143,12.5,49.0,34.39853
9,stroke,1759.8295,5.8710194,8.5,19.5,1.6569048
13,stroke,1759.8295,1.4951389,14.0,23.5,0.2526388
14,stroke,1759.8295,1.0706294,,22.5,0.25430045
2,stroke,1760.634,21.701447,,18.0,6.0696197
4,stroke,1760.634,43.686844,13.0,17.0,7.53867
9,stroke,1760.634,5.613592,,30.5,1.8584887
12,stroke,1760.634,7.126991,7.0,17.5,1.4634264
13,stroke,1760.634,1.146282,34.5,34.5,0.24178098
14,stroke,1760.634,0.98412454,,27.5,0.24167155
2,stroke,1761.436,47.649864,6.0,32.0,8.67722
4,stroke,1761.436,88.77462,7.0,24.0,26.071392
9,stroke,1761.436,11.306736,28.0,29.0,1.6170108
13,stroke,1761.436,1.9080058,30.5,31.5,0.23217559
14,stroke,1761.436,0.8255809,13.5,48.5,0.2646981
2,stroke,1762.2415,26.208443,35.5,36.5,3.6216724
4,stroke,1762.2415,34.647194,5.0,19.0,7.614296
9,stroke,1762.2415,8.051043,23.0,24.0,1.3596568
13,stroke,1762.2415,1.089929,,36.0,0.3622815
14,stroke,1762.2415,1.093688,,36.0,0.26153302
2,stroke,1763.043,21.812748,,18.5,7.189537
4,stroke,1763.043,232.75449,20.0,20.5,35.27055
9,stroke,1763.043,5.56857,10.5,32.0,1.3581102
13,stroke,1763.043,1.3442365,26.0,26.5,0.27971387
14,stroke,1763.043,1.2997023,45.5,46.5,0.22340666
4,stroke,1763.9305,18.893385,8.0,15.5,4.2183065
9,stroke,1763.9305,6.2550573,,18.5,1.9781703
12,stroke,1763.9305,7.5040236,10.0,15.0,1.5161878
13,stroke,1763.9305,1.3448756,34.5,34.5,0.24313149
14,stroke,1763.9305,1.5496392,33.5,34.0,0.24208654
2,stroke,1764.732,52.227207,42.5,43.5,6.344459
4,stroke,1764.732,150.0116,40.0,40.0,29.081787
9,stroke,1764.732,8.863436,12.5,17.0,2.2024944
13,stroke,1764.732,0.989457,,44.0,0.31143355
14,stroke,1764.732,0.95732015,40.0,40.5,0.16177785
2,stroke,1767.3555,23.017384,18.5,19.0,4.1680007
4,stroke,1767.3555,27.510693,34.0,43.0,4.3797626
9,stroke,1767.3555,7.067189,38.5,39.0,1.676805
12,stroke,1767.3555,8.427444,16.0,26.0,1.0804217
13,stroke,1767.3555,1.0212027,,34.0,0.33948997
14,stroke,1767.3555,0.9367813,,19.5,0.30112365
4,stroke,1768.9225,85.239456,5.0,33.5,2.0400655
9,stroke,1768.9225,5.2265115,7.0,36.0,1.5645369
12,stroke,1768.9225,6.4793553,20.5,32.0,1.1394373
13,stroke,1768.9225,1.054743,37.0,37.5,0.18546328
14,stroke,1768.9225,0.8916995,,42.5,0.22900362
2,stroke,1769.724,21.900322,,15.5,5.410889
9,stroke,1769.724,9.671204,5.0,31.0,1.4698478
14,stroke,1769.724,0.7905557,,20.0,0.2260344
2,stroke,1770.9365,17.147375,48.0,48.0,3.4114892
4,stroke,1770.9365,13.182715,20.0,20.5,2.197877
9,stroke,1770.9365,7.3562684,25.0,26.0,1.7201707
12,stroke,1770.9365,5.9900236,,28.5,1.6939663
13,stroke,1770.9365,1.2621095,15.5,21.0,0.20218323
14,stroke,1770.9365,0.9468602,,49.0,0.2620849
2,stroke,1771.7405,30.8339,33.0,34.0,5.383928
4,stroke,1771.7405,132.17732,8.0,35.5,15.920579
9,stroke,1771.7405,10.960494,30.5,35.5,1.3385775
12,stroke,1771.7405,5.486735,,42.0,1.2726232
13,stroke,1771.7405,0.8811965,,25.0,0.24627632
14,stroke,1771.7405,1.221163,44.0,44.0,0.22017324
2,stroke,1772.6945,17.392448,18.0,18.5,3.2891808
4,stroke,1772.6945,28.783615,5.5,50.0,2.91641
9,stroke,1772.6945,8.433507,,15.0,2.7419508
13,stroke,1772.6945,0.99221677,,26.5,0.2416367
14,stroke,1772.6945,1.1335315,,19.5,0.27412626
2,stroke,1773.496,37.995583,37.0,37.5,5.664197
4,stroke,1773.496,85.38471,12.0,15.0,20.8552
9,stroke,1773.496,8.643099,39.5,40.0,1.7302743
13,stroke,1773.496,1.0813187,33.0,39.0,0.23093471
14,stroke,1773.496,1.5437582,29.5,30.0,0.25330162
2,stroke,1776.9325,19.010033,28.5,16.5,3.158847
4,stroke,1776.9325,34.277206,14.0,19.5,3.1677105
9,stroke,1776.9325,6.7581916,,49.0,1.6509748
12,stroke,1776.9325,6.968062,21.5,26.5,1.5664386
13,stroke,1776.9325,0.9991106,,22.0,0.2659603
14,stroke,1776.9325,1.1081563,9.5,40.0,0.26514256
2,stroke,1777.733,41.797283,18.0,45.5,6.341678
4,stroke,1777.733,224.81879,6.5,20.5,40.93062
9,stroke,1777.733,8.057412,,31.5,1.8408182
12,stroke,1777.733,16.065132,18.5,20.0,3.5807786
13,stroke,1777.733,0.96165967,,35.5,0.24543953
14,stroke,1777.733,0.9352861,,25.0,0.24422549
2,stroke,1778.735,20.064915,45.0,45.5,4.269871
4,stroke,1778.735,11.914997,,29.5,3.5572963
12,stroke,1778.735,7.578904,9.0,15.0,1.6766976
13,stroke,1778.735,1.2014508,31.0,31.0,0.25640264
14,stroke,1778.735,0.95348823,6.0,16.5,0.16633283
2,stroke,1779.5425,45.23375,7.0,16.0,5.0474167
4,stroke,1779.5425,110.84336,8.5,37.0,22.436739
9,stroke,1779.5425,10.632889,18.0,18.5,1.8569782
12,stroke,1779.5425,7.340073,,39.5,2.3032057
13,stroke,1779.5425,1.232731,,41.5,0.30374035
14,stroke,1779.5425,1.3321939,,29.0,0.3397299
2,stroke,1781.127,15.350777,,33.0,4.165359
4,stroke,1781.127,41.58973,5.0,50.0,1.6532905
9,stroke,1781.127,7.3341775,,40.5,1.6533121
12,stroke,1781.127,8.179832,21.0,47.5,1.251707
13,stroke,1781.127,1.0301229,,37.5,0.24991746
14,stroke,1781.127,1.2317854,22.0,22.5,0.21436737
2,stroke,1781.931,35.94923,44.0,44.0,7.092069
4,stroke,1781.931,150.25854,7.5,42.5,45.016533
13,stroke,1781.931,1.2556294,44.0,44.5,0.24547657
14,stroke,1781.931,1.095104,,26.5,0.29627174
2,stroke,1782.767,20.239305,,23.0,4.6255126
4,stroke,1782.767,20.61277,7.5,23.5,2.1723487
9,stroke,1782.767,5.921669,6.5,31.5,1.2449595
12,stroke,1782.767,5.865864,16.0,35.5,1.0708724
13,stroke,1782.767,0.9888402,,44.5,0.24729724
2,stroke,1783.5675,69.94414,41.0,42.0,8.541195
4,stroke,1783.5675,128.9119,13.5,20.5,31.020163
9,stroke,1783.5675,10.391754,15.0,16.5,1.9392204
13,stroke,1783.5675,0.91302335,,50.0,0.27646378
2,stroke,1784.4295,27.685276,47.0,47.5,5.457041
4,stroke,1784.4295,19.331081,17.5,41.0,1.5469468
9,stroke,1784.4295,7.078729,33.5,34.0,1.9884408
13,stroke,1784.4295,1.0937885,,34.0,0.23853445
14,stroke,1784.4295,0.9637781,36.5,37.0,0.17511071
2,stroke,1785.236,24.35114,5.0,35.0,6.6994305
9,stroke,1785.236,7.1698866,,31.5,2.1548474
12,stroke,1785.236,6.389745,42.0,42.5,1.4124424
13,stroke,1785.236,1.0530827,10.0,21.5,0.20827019
14,stroke,1785.236,0.89789295,,44.0,0.28197542
2,stroke,1786.037,22.825508,12.5,16.5,6.1100645
4,stroke,1786.037,112.457726,,36.0,25.039925
13,stroke,1786.037,1.0519671,,16.5,0.2954286
14,stroke,1786.037,0.90600336,,21.0,0.28021866
2,stroke,1786.87,30.345184,30.0,37.0,3.9633613
4,stroke,1786.87,13.922319,17.5,18.0,4.124094
12,stroke,1786.87,61.425568,5.0,39.5,1.1959454
13,stroke,1786.87,1.3843286,47.0,47.5,0.22721346
14,stroke,1786.87,0.97060364,18.0,18.5,0.22593419
2,stroke,1788.8565,17.181957,,15.0,4.5813513
4,stroke,1788.8565,41.02889,5.0,44.5,3.4823995
9,stroke,1788.8565,6.6141186,8.0,18.0,1.2623283
14,stroke,1788.8565,1.0317367,,48.0,0.29298007
4,stroke,1790.3975,21.911953,30.0,42.0,2.0373116
12,stroke,1790.3975,6.7012987,13.0,28.5,1.7113734
13,stroke,1790.3975,1.2669508,41.0,41.5,0.22158368
14,stroke,1790.3975,1.0512301,,22.0,0.26285562
2,stroke,1791.2545,23.381777,18.5,23.5,1.6822566
4,stroke,1791.2545,25.172428,5.0,19.5,3.8080218
9,stroke,1791.2545,32.52349,33.0,36.5,3.7071233
12,stroke,1791.2545,21.403336,6.5,48.5,1.8171613
13,stroke,1791.2545,1.0333534,29.0,29.0,0.23616691
14,stroke,1791.2545,1.122544,21.5,22.5,0.20101234
2,stroke,1792.1755,5.204731,43.5,44.5,0.92747086
9,stroke,1792.1755,7.455901,7.0,15.0,2.083779
13,stroke,1792.1755,0.92235965,21.5,22.0,0.2118244
14,stroke,1792.1755,1.1550092,9.5,29.5,0.2905025
2,stroke,1794.065,24.438488,,33.5,6.1191287
4,stroke,1794.065,38.771706,47.5,49.0,3.741428
9,stroke,1794.065,11.682753,8.5,45.5,1.5997874
12,stroke,1794.065,4.9320164,14.5,36.5,0.9908505
13,stroke,1794.065,0.91397834,13.0,45.0,0.20309348
14,stroke,1794.065,1.0746101,32.0,32.5,0.19111267
2,stroke,1795.9295,16.84501,5.5,49.5,4.3825006
4,stroke,1795.9295,19.893993,38.5,39.5,3.3492236
9,stroke,1795.9295,9.694433,35.5,44.0,2.180363
12,stroke,1795.9295,4.556219,5.0,22.5,1.1580422
13,stroke,1795.9295,1.1910743,,40.0,0.25930825
14,stroke,1795.9295,1.084697,36.0,36.0,0.21711542
2,stroke,1796.73,71.98823,31.5,32.5,12.098184
4,stroke,1796.73,166.75214,46.5,47.5,28.706228
9,stroke,1796.73,11.1386175,31.5,32.0,2.3329637
13,stroke,1796.73,1.0025343,20.5,21.0,0.20073804
14,stroke,1796.73,1.0786772,15.0,46.0,0.20198981
2,stroke,1798.5425,17.800562,,31.5,5.7908483
4,stroke,1798.5425,26.725706,6.0,39.5,4.226104
9,stroke,1798.5425,13.058381,7.5,22.0,1.9764714
13,stroke,1798.5425,1.0078547,,25.0,0.2565882
14,stroke,1798.5425,0.98447096,,46.5,0.23344198
2,stroke,1800.3935,20.185173,10.5,16.0,4.2448473
4,stroke,1800.3935,19.350956,30.0,30.5,2.6360717
9,stroke,1800.3935,8.341462,12.5,33.0,1.9609963
13,stroke,1800.3935,1.137861,31.5,32.0,0.23675594
14,stroke,1800.3935,1.0144265,,38.0,0.22277279
2,stroke,1801.194,23.998074,29.5,29.5,5.6301684
4,stroke,1801.194,132.94368,,41.5,42.28351
9,stroke,1801.194,10.344969,38.5,22.5,1.8350931
12,stroke,1801.194,11.250984,9.5,27.5,2.6830418
13,stroke,1801.194,0.9906101,35.5,35.5,0.20454349
2,stroke,1802.245,10.707103,43.5,43.5,2.0026715
4,stroke,1802.245,51.90384,17.5,49.5,3.4423907
13,stroke,1802.245,1.0326934,,15.0,0.3045876
14,stroke,1802.245,0.75417185,,38.5,0.24328811
2,stroke,1803.0465,25.156792,9.0,43.5,4.7036643
9,stroke,1803.0465,8.569901,31.5,32.0,1.7094321
12,stroke,1803.0465,39.93112,5.0,24.0,2.0127702
13,stroke,1803.0465,1.1829394,22.5,23.0,0.20796433
14,stroke,1803.0465,1.353063,32.0,32.5,0.21485342
2,stroke,1804.3725,11.204483,27.5,28.0,2.6363301
4,stroke,1804.3725,18.77812,6.5,17.5,1.8843191
9,stroke,1804.3725,7.584993,13.5,49.5,1.4086739
12,stroke,1804.3725,7.256436,28.5,49.5,1.2322686
13,stroke,1804.3725,1.0079929,,48.5,0.3061855
14,stroke,1804.3725,1.1272923,30.5,31.0,0.24066545
2,stroke,1805.174,25.052284,40.5,41.0,4.637032
4,stroke,1805.174,212.05637,42.5,42.5,46.269047
9,stroke,1805.174,13.694601,23.0,23.5,2.639587
12,stroke,1805.174,6.493969,,34.0,2.0996065
13,stroke,1805.174,0.9281019,,44.5,0.2808937
14,stroke,1805.174,0.73728913,7.0,26.5,0.22369078
2,stroke,1805.9785,32.30087,40.0,44.0,3.892435
9,stroke,1805.9785,9.952175,15.0,16.0,1.748513
12,stroke,1805.9785,6.1673536,16.5,42.0,0.80938274
13,stroke,1805.9785,1.2901356,28.5,19.5,0.21807921
14,stroke,1805.9785,0.8171156,,25.5,0.25025788
2,stroke,1806.7815,12.637337,,49.0,3.579205
9,stroke,1806.7815,9.386531,22.5,33.0,2.0336597
12,stroke,1806.7815,7.74503,23.0,45.5,0.7190294
13,stroke,1806.7815,0.8743451,,33.0,0.24277782
14,stroke,1806.7815,1.0589013,6.0,50.0,0.23946968
2,stroke,1807.583,36.333664,15.0,15.0,7.73802
4,stroke,1807.583,211.82986,10.0,24.0,39.274117
12,stroke,1807.583,5.419712,5.0,15.0,0.76383126
2,stroke,1808.3835,10.740222,,25.5,2.753298
4,stroke,1808.3835,33.042065,7.0,23.5,6.5053015
9,stroke,1808.3835,7.6849103,,47.0,2.0062418
12,stroke,1808.3835,5.5258274,5.0,16.5,1.1308864
13,stroke,1808.3835,1.5612764,24.5,25.5,0.22975507
14,stroke,1808.3835,0.8373071,,40.5,0.25270328
2,stroke,1809.185,25.531067,,29.0,6.080742
4,stroke,1809.185,592.9617,21.0,21.5,53.32576
9,stroke,1809.185,6.0398636,5.0,38.0,1.7287312
13,stroke,1809.185,0.9890691,,40.5,0.2475424
14,stroke,1809.185,0.87132144,,38.5,0.22422887
2,stroke,1809.987,36.317303,18.5,28.0,5.846762
4,stroke,1809.987,139.28783,,40.0,46.338024
9,stroke,1809.987,7.481712,,37.0,2.330991
12,stroke,1809.987,15.010806,5.0,15.0,2.0434804
13,stroke,1809.987,1.3189063,23.0,23.0,0.3036752
14,stroke,1809.987,0.66165453,7.0,47.5,0.17861861
2,stroke,1811.144,18.311253,42.0,42.5,2.9620862
4,stroke,1811.144,38.09809,5.0,50.0,3.0760667
9,stroke,1811.144,4.6801844,,48.5,1.5548389
12,stroke,1811.144,7.4558153,38.0,44.5,1.4015605
14,stroke,1811.144,0.82751805,9.5,22.5,0.23341945
2,stroke,1811.9465,47.4664,10.5,15.0,6.052769
4,stroke,1811.9465,160.04703,7.0,39.0,38.61384
9,stroke,1811.9465,9.166543,44.0,44.5,1.9936955
12,stroke,1811.9465,8.7446785,46.5,47.0,1.9020929
13,stroke,1811.9465,1.1076193,16.0,16.5,0.23011984
14,stroke,1811.9465,1.2914624,22.0,22.0,0.25530726
2,stroke,1813.0425,14.171789,23.5,24.0,2.758063
4,stroke,1813.0425,22.916492,21.5,49.5,2.6655762
9,stroke,1813.0425,13.48649,5.0,50.0,1.8308771
13,stroke,1813.0425,1.4453584,14.5,24.5,0.22665918
14,stroke,1813.0425,1.1390877,22.5,40.5,0.24277264
2,stroke,1813.8435,31.666517,41.5,41.5,7.020108
9,stroke,1813.8435,11.475273,6.5,36.0,2.4874144
12,stroke,1813.8435,6.7637954,,32.5,2.1274242
13,stroke,1813.8435,1.4201169,10.0,47.5,0.21231246
14,stroke,1813.8435,1.0396891,6.0,35.5,0.20511098
2,stroke,1814.6575,21.24962,25.5,26.5,4.1005244
4,stroke,1814.6575,24.07787,,33.5,6.582976
9,stroke,1814.6575,16.147827,49.5,50.0,3.0446026
12,stroke,1814.6575,10.193794,15.0,16.0,2.723186
13,stroke,1814.6575,0.95767874,,42.0,0.3017851
14,stroke,1814.6575,1.235543,31.0,31.0,0.25434995
2,stroke,1815.632,17.080622,31.5,37.5,2.122323
4,stroke,1815.632,59.99859,24.0,26.0,4.0188217
9,stroke,1815.632,19.815544,,19.0,5.26926
12,stroke,1815.632,6.305521,11.0,21.5,1.3168137
13,stroke,1815.632,1.3780844,24.0,24.5,0.19007234
14,stroke,1815.632,0.9888626,,29.5,0.22703585
2,stroke,1816.435,24.247654,12.5,46.0,6.1222897
4,stroke,1816.435,155.01764,33.5,34.0,26.26797
9,stroke,1816.435,22.33759,46.0,46.0,4.9279227
12,stroke,1816.435,31.268251,19.0,22.5,2.2556088
13,stroke,1816.435,1.2201445,26.5,26.5,0.27335018
14,stroke,1816.435,1.2123525,30.0,30.5,0.21739319
2,stroke,1817.6075,6.65197,6.5,40.5,1.694503
4,stroke,1817.6075,30.585999,5.5,46.5,1.2355444
9,stroke,1817.6075,15.848404,6.5,28.5,3.0983818
13,stroke,1817.6075,1.1799864,,24.5,0.30859628
14,stroke,1817.6075,1.1230018,,21.0,0.320631
2,stroke,1818.409,22.491001,,27.0,5.1124105
4,stroke,1818.409,184.30295,37.5,49.5,33.79405
9,stroke,1818.409,22.682545,15.0,29.0,4.1011453
13,stroke,1818.409,1.1576418,45.5,45.5,0.2675436
14,stroke,1818.409,0.87946284,49.5,49.5,0.20864552
2,stroke,1819.3755,9.469464,10.5,46.5,1.8334807
4,stroke,1819.3755,54.543823,14.5,47.5,2.7533216
12,stroke,1819.3755,8.878984,18.5,26.5,1.5748258
13,stroke,1819.3755,1.2101297,,26.0,0.25800088
4,stroke,1820.177,140.68329,18.0,18.5,25.067507
9,stroke,1820.177,8.9844675,7.0,22.5,1.5369172
12,stroke,1820.177,6.641063,18.5,44.0,0.874132
13,stroke,1820.177,1.0775197,22.0,22.5,0.23569077
14,stroke,1820.177,1.1594756,,30.0,0.32427526
2,stroke,1821.3395,10.450155,,33.0,2.4125924
4,stroke,1821.3395,29.868324,18.5,19.5,1.7692312
9,stroke,1821.3395,9.379213,17.5,17.5,2.7861896
13,stroke,1821.3395,1.1333772,21.0,21.5,0.2169743
14,stroke,1821.3395,1.1721152,7.5,20.5,0.27119973
2,stroke,1822.142,17.650787,,42.0,4.4597974
9,stroke,1822.142,10.036866,21.0,21.0,2.174334
12,stroke,1822.142,8.539659,5.0,44.5,1.5892049
13,stroke,1822.142,1.3202493,32.5,43.5,0.23930602
14,stroke,1822.142,0.9739125,,40.5,0.26427647
2,stroke,1824.1445,7.793457,6.0,44.5,2.424119
4,stroke,1824.1445,26.666458,20.5,25.5,3.1956394
9,stroke,1824.1445,8.759762,20.5,21.0,2.3914149
13,stroke,1824.1445,0.94529986,,40.0,0.22293419
14,stroke,1824.1445,0.7619214,,29.5,0.2103309
2,stroke,1824.946,17.32658,16.0,16.5,4.177629
4,stroke,1824.946,135.8038,23.0,23.0,28.574688
9,stroke,1824.946,8.381791,10.5,42.0,2.20906
14,stroke,1824.946,0.96545655,,30.5,0.21344316
2,stroke,1826.2235,18.087881,49.0,49.5,3.2904081
4,stroke,1826.2235,31.079216,5.5,46.5,4.2146907
9,stroke,1826.2235,12.834836,46.5,47.0,2.4653902
12,stroke,1826.2235,6.09616,9.5,43.0,1.7095857
13,stroke,1826.2235,0.816978,,37.0,0.2643719
14,stroke,1826.2235,1.0811638,,28.5,0.27755252
2,stroke,1827.9855,5.56954,28.0,29.0,1.4989697
4,stroke,1827.9855,133.99246,9.0,37.0,2.7551749
12,stroke,1827.9855,6.9478397,,50.0,1.8983523
13,stroke,1827.9855,0.9814428,,22.0,0.21914232
14,stroke,1827.9855,1.1588525,,40.5,0.2817176
2,stroke,1828.7865,12.893137,6.0,37.0,2.930503
4,stroke,1828.7865,276.95444,12.0,49.0,23.707018
9,stroke,1828.7865,7.8782334,,33.5,2.5563006
12,stroke,1828.7865,5.29095,10.5,20.5,1.125671
13,stroke,1828.7865,1.1880426,5.0,50.0,0.19133797
14,stroke,1828.7865,1.0107684,,38.0,0.2596169
2,stroke,1829.6025,222.86823,5.0,19.5,2.8221793
4,stroke,1829.6025,41.52236,5.0,36.5,2.7422132
9,stroke,1829.6025,26.302849,5.0,19.5,2.0328128
12,stroke,1829.6025,36.986748,5.0,20.5,2.8272557
13,stroke,1829.6025,1.1740412,,39.5,0.286247
14,stroke,1829.6025,1.1424959,,40.0,0.2492409
2,stroke,1830.708,9.00116,7.5,25.0,2.1678817
4,stroke,1830.708,21.03892,42.0,43.0,2.688497
9,stroke,1830.708,7.521636,45.0,46.0,1.6861222
13,stroke,1830.708,1.2321801,22.0,27.0,0.24111103
14,stroke,1830.708,1.0053613,,15.5,0.23056641
4,stroke,1831.5255,25.290852,5.5,16.5,4.796271
9,stroke,1831.5255,8.812855,,40.5,2.326633
12,stroke,1831.5255,5.165684,14.0,38.5,1.1192199
13,stroke,1831.5255,1.0524478,,24.0,0.3180176
14,stroke,1831.5255,1.1540565,22.5,23.0,0.2136027
2,stroke,1833.1835,14.9279,32.5,33.0,2.927927
4,stroke,1833.1835,23.347298,9.5,26.0,3.0731816
9,stroke,1833.1835,7.3337584,,24.5,2.0029244
12,stroke,1833.1835,7.8098526,5.0,15.0,1.0028273
13,stroke,1833.1835,0.9573674,,25.0,0.21842963
14,stroke,1833.1835,0.85694504,,42.0,0.26204762
2,stroke,1834.5335,18.503613,40.0,40.5,3.803438
4,stroke,1834.5335,12.187269,15.0,16.0,2.5439744
9,stroke,1834.5335,11.062904,8.5,15.5,2.5589716
12,stroke,1834.5335,8.021469,22.0,23.0,1.2909609
13,stroke,1834.5335,0.9981554,,23.5,0.28489035
14,stroke,1834.5335,1.3350334,33.0,33.5,0.25311822
2,stroke,1835.8045,7.091402,6.5,18.5,1.7668229
4,stroke,1835.8045,13.132633,,30.5,3.499336
9,stroke,1835.8045,8.063303,9.0,50.0,1.5153823
12,stroke,1835.8045,12.565673,29.0,29.5,2.5968134
13,stroke,1835.8045,0.8973267,,46.5,0.26925096
2,stroke,1837.39,20.084465,30.0,30.0,3.975894
4,stroke,1837.39,16.283722,7.5,39.0,2.3222237
9,stroke,1837.39,7.8226957,,41.5,2.170245
13,stroke,1837.39,0.9930558,,30.5,0.29809397
14,stroke,1837.39,1.2167518,41.5,42.0,0.2504303
2,stroke,1839.3585,18.244368,6.0,35.5,3.4188664
4,stroke,1839.3585,21.624247,17.0,17.0,4.506934
9,stroke,1839.3585,10.117088,19.0,19.5,2.1458185
12,stroke,1839.3585,5.4938912,33.5,39.0,1.4751112
13,stroke,1839.3585,1.234685,,40.5,0.2631667
2,stroke,1840.5765,6.1010723,12.5,43.0,2.0277
4,stroke,1840.5765,13.006796,7.5,46.5,2.8078773
9,stroke,1840.5765,7.09278,41.0,41.0,1.5172478
12,stroke,1840.5765,5.9400043,5.0,43.0,1.8051618
13,stroke,1840.5765,0.9648825,,15.5,0.23387189
14,stroke,1840.5765,0.96857715,5.0,48.0,0.19307145
2,stroke,1841.418,17.199272,6.0,22.0,1.7287167
4,stroke,1841.418,20.29551,39.0,40.5,2.2173097
9,stroke,1841.418,8.160482,17.5,18.0,1.6908383
12,stroke,1841.418,6.3762016,,32.0,1.7841611
13,stroke,1841.418,0.77227634,6.0,36.5,0.20807654
14,stroke,1841.418,0.9337126,22.0,22.0,0.20037927
2,stroke,1842.8145,20.893242,23.0,27.5,3.0429041
4,stroke,1842.8145,127.71904,6.0,49.0,2.3455052
9,stroke,1842.8145,11.680897,,23.5,2.5026844
12,stroke,1842.8145,5.071881,44.5,44.5,1.1160918
13,stroke,1842.8145,0.8861568,,46.0,0.28875503
14,stroke,1842.8145,1.3408763,15.0,39.5,0.18977097
2,stroke,1843.617,6.740157,,49.5,1.9138534
4,stroke,1843.617,63.42263,6.5,24.5,14.927477
9,stroke,1843.617,5.104925,11.5,17.0,1.5015373
13,stroke,1843.617,1.2731602,42.0,42.5,0.2174943
14,stroke,1843.617,0.7521063,,15.0,0.22461264
2,stroke,1844.4755,10.893581,6.5,44.0,2.1418228
4,stroke,1844.4755,18.830448,11.0,15.0,2.4511256
9,stroke,1844.4755,8.592898,47.5,48.0,1.9225992
13,stroke,1844.4755,1.0270517,13.5,40.5,0.18321383
14,stroke,1844.4755,1.0142837,,33.0,0.2458754
4,stroke,1845.277,148.88943,,28.5,41.82422
9,stroke,1845.277,8.817098,,17.0,2.257274
12,stroke,1845.277,4.375641,38.0,40.0,1.1606635
13,stroke,1845.277,1.1412919,33.0,33.0,0.21698403
14,stroke,1845.277,1.2146076,32.5,33.5,0.21376294
2,stroke,1846.3845,16.866653,20.0,29.5,2.4704688
4,stroke,1846.3845,55.973286,13.5,17.0,4.3209643
9,stroke,1846.3845,10.309097,38.0,38.0,2.00583
12,stroke,1846.3845,10.270473,8.5,15.5,1.6955713
13,stroke,1846.3845,0.8770764,,49.5,0.2699774
14,stroke,1846.3845,1.07871,,15.5,0.29976934
2,stroke,1847.185,16.309216,,25.5,5.33963
9,stroke,1847.185,6.985668,,25.5,2.257052
12,stroke,1847.185,9.331343,41.0,48.5,1.7074069
13,stroke,1847.185,1.0398312,,49.5,0.24458188
14,stroke,1847.185,0.9788332,,23.0,0.3128566
2,stroke,1849.0,12.889912,,41.5,2.7917376
4,stroke,1849.0,48.668922,5.0,48.5,4.371961
9,stroke,1849.0,7.393048,,43.0,2.1651556
14,stroke,1849.0,1.2883502,22.0,32.0,0.23481281
2,stroke,1851.52,13.126286,19.0,20.0,2.163135
4,stroke,1851.52,15.396478,19.0,19.5,3.5380838
9,stroke,1851.52,9.963385,32.5,32.5,2.0701258
12,stroke,1851.52,4.674802,19.0,30.5,1.0261337
13,stroke,1851.52,1.1858703,5.5,30.0,0.19661655
14,stroke,1851.52,1.0576507,,50.0,0.28487596
2,stroke,1852.401,191.83641,5.0,19.0,2.9987106
4,stroke,1852.401,47.84013,5.0,19.5,2.21178
9,stroke,1852.401,21.71616,5.0,19.5,2.4166608
12,stroke,1852.401,36.74552,5.0,19.5,1.3314806
13,stroke,1852.401,0.7273592,,36.0,0.23986912
14,stroke,1852.401,0.89550394,,19.5,0.2528647
2,stroke,1853.2675,11.445078,23.5,25.0,1.7890459
4,stroke,1853.2675,16.622662,13.0,36.0,2.5610847
9,stroke,1853.2675,8.801869,18.0,43.5,1.9102416
12,stroke,1853.2675,5.7999363,,26.0,1.5084049
13,stroke,1853.2675,0.85317177,,30.0,0.21745321
14,stroke,1853.2675,1.2500134,16.5,16.5,0.294716
2,stroke,1854.7215,27.742373,8.5,38.0,2.910473
4,stroke,1854.7215,8.046166,5.0,15.0,1.1206049
9,stroke,1854.7215,8.526612,,45.5,1.9771644
13,stroke,1854.7215,0.98819417,,45.5,0.29440176
14,stroke,1854.7215,1.2573607,5.5,32.5,0.22152619
2,stroke,1856.2665,8.353132,36.0,36.5,1.408551
4,stroke,1856.2665,8.148432,,20.5,2.0345747
9,stroke,1856.2665,8.859214,47.5,48.0,2.5556474
12,stroke,1856.2665,5.415091,45.5,45.5,1.3515432
13,stroke,1856.2665,1.4144491,12.0,15.5,0.22943358
14,stroke,1856.2665,1.0956897,18.5,19.0,0.22450297
2,stroke,1858.114,169.11021,5.0,18.5,2.7791348
4,stroke,1858.114,53.714943,5.0,19.0,2.9167943
9,stroke,1858.114,10.36248,18.0,19.0,2.72394
12,stroke,1858.114,29.313423,5.0,19.0,1.4121977
13,stroke,1858.114,1.053213,,45.0,0.2670753
14,stroke,1858.114,1.0125606,23.5,23.5,0.23543143
2,stroke,1860.175,12.505569,39.0,39.5,2.688124
4,stroke,1860.175,9.505273,5.0,50.0,2.448838
9,stroke,1860.175,8.784856,6.0,15.0,1.6927141
12,stroke,1860.175,5.888526,14.0,15.0,1.1415156
13,stroke,1860.175,1.070661,,27.5,0.27980387
14,stroke,1860.175,1.1050694,27.5,47.0,0.19236408
4,stroke,1861.191,15.061456,47.0,47.5,3.4092698
9,stroke,1861.191,9.289507,48.5,48.5,1.8745767
12,stroke,1861.191,6.619791,38.0,39.0,1.4767997
13,stroke,1861.191,1.1923499,15.5,16.0,0.22576047
14,stroke,1861.191,1.0576855,,29.0,0.2805624
2,stroke,1861.9915,3.2360215,13.5,18.0,0.5366976
4,stroke,1861.9915,88.083595,,46.0,24.026121
9,stroke,1861.9915,8.267052,40.5,40.5,2.0148034
12,stroke,1861.9915,7.498138,13.0,22.5,1.3437159
13,stroke,1861.9915,1.1185106,,35.5,0.30078354
14,stroke,1861.9915,1.0053667,,38.0,0.32591483
2,stroke,1863.059,3.9826274,13.0,16.5,1.0084751
4,stroke,1863.059,52.96254,28.0,37.0,4.119179
9,stroke,1863.059,7.766568,,24.5,2.3763237
12,stroke,1863.059,7.313378,9.0,15.0,2.1215012
13,stroke,1863.059,1.4698517,22.0,22.5,0.24905318
14,stroke,1863.059,0.9571341,,17.0,0.27794755
9,stroke,1863.865,8.53471,20.0,40.0,1.7113982
12,stroke,1863.865,6.716327,7.5,33.0,2.0654943
13,stroke,1863.865,1.0291585,,39.5,0.3063835
14,stroke,1863.865,1.2755911,27.0,27.0,0.25202248
4,stroke,1864.9765,34.165085,23.0,27.0,4.5845685
9,stroke,1864.9765,6.1463785,5.0,37.0,1.5153973
12,stroke,1864.9765,12.078184,5.0,22.5,2.9193444
13,stroke,1864.9765,0.8569442,11.5,46.5,0.18152456
14,stroke,1864.9765,0.9079964,17.0,17.5,0.21173969
4,stroke,1865.779,58.764893,,29.0,17.63322
9,stroke,1865.779,9.233875,6.0,39.0,1.823447
12,stroke,1865.779,3.040205,7.0,18.5,0.7462852
13,stroke,1865.779,1.1307476,18.5,19.0,0.23478223
14,stroke,1865.779,1.0809909,19.0,19.5,0.21026096
2,stroke,1867.253,3.6810117,5.0,46.0,0.53857195
4,stroke,1867.253,17.836182,9.5,39.5,4.033306
9,stroke,1867.253,6.141638,9.0,15.0,1.7482656
12,stroke,1867.253,4.7113514,31.5,33.0,1.0166895
14,stroke,1867.253,0.91798437,,48.0,0.24269523
2,stroke,1868.059,3.2858782,12.0,32.5,0.55025965
4,stroke,1868.059,135.3179,41.0,42.0,19.894127
9,stroke,1868.059,8.871646,42.0,42.5,2.56103
13,stroke,1868.059,1.0297624,,22.0,0.22578254
14,stroke,1868.059,1.3256347,,46.5,0.30429056
2,stroke,1869.9635,2.8696923,,38.0,0.7729529
4,stroke,1869.9635,40.788765,16.0,44.0,2.89988
12,stroke,1869.9635,4.633257,5.0,24.5,0.8552457
13,stroke,1869.9635,1.2282069,,42.5,0.33274427
14,stroke,1869.9635,1.1817555,25.5,31.0,0.19042554
9,stroke,1870.775,9.67468,10.0,18.5,1.5575826
13,stroke,1870.775,1.009984,,18.0,0.3019774
14,stroke,1870.775,1.107971,,18.0,0.24247643
2,stroke,1875.0715,4.0743055,20.5,21.5,0.6683233
4,stroke,1875.0715,19.973124,8.5,33.5,3.1105587
9,stroke,1875.0715,6.935851,,17.0,2.1063573
12,stroke,1875.0715,7.452209,5.0,16.5,1.0945846
13,stroke,1875.0715,1.2606174,16.5,16.5,0.24469532
14,stroke,1875.0715,0.9855835,,40.5,0.2416598
4,stroke,1875.8735,18.424809,,37.5,5.616628
9,stroke,1875.8735,8.421831,18.0,18.5,1.5973338
13,stroke,1875.8735,1.1013147,18.0,18.5,0.20842944
14,stroke,1875.8735,0.81638646,,30.5,0.2612724
2,stroke,1877.0535,4.638753,14.0,15.0,0.85013217
4,stroke,1877.0535,19.407589,39.5,39.5,4.3259225
9,stroke,1877.0535,8.630651,42.0,43.5,1.5237823
12,stroke,1877.0535,7.141635,6.5,25.5,1.4985044
13,stroke,1877.0535,0.9168557,,21.0,0.23451902
4,stroke,1878.539,15.104952,8.0,18.0,1.9673904
9,stroke,1878.539,8.238605,,40.5,2.3583903
12,stroke,1878.539,5.460601,13.5,17.5,0.7940357
13,stroke,1878.539,0.910925,,17.0,0.22409259
14,stroke,1878.539,1.0114057,,39.0,0.25691006
2,stroke,1880.243,3.81265,20.0,50.0,0.74591136
4,stroke,1880.243,20.622028,28.0,34.5,3.266459
9,stroke,1880.243,10.309605,5.0,24.0,1.8430052
12,stroke,1880.243,5.1373262,,16.5,1.4883866
14,stroke,1880.243,1.1012503,5.0,17.5,0.24901383
2,stroke,1884.233,3.050462,9.5,21.0,0.77568644
4,stroke,1884.233,54.55285,35.0,38.0,5.085545
9,stroke,1884.233,7.4467597,,45.0,1.7441078
13,stroke,1884.233,1.0505955,,24.0,0.27285156
14,stroke,1884.233,1.0715392,8.0,22.0,0.24283263
2,stroke,1885.5975,3.6162772,33.5,35.0,0.87089634
4,stroke,1885.5975,20.074781,37.5,40.5,2.5334785
9,stroke,1885.5975,6.1086693,,45.0,2.0314338
12,stroke,1885.5975,7.057391,10.5,17.0,2.006454
13,stroke,1885.5975,0.9444596,10.5,41.0,0.20773251
14,stroke,1885.5975,0.93512315,,37.0,0.30655095
2,stroke,1886.774,4.812293,,48.5,1.1487687
4,stroke,1886.774,16.153446,29.0,34.0,2.916772
9,stroke,1886.774,8.070027,16.0,32.5,1.538244
12,stroke,1886.774,2.942328,,20.5,0.93287474
13,stroke,1886.774,0.98624057,,21.0,0.2640474
2,stroke,1887.689,5.4745445,,48.0,1.4067994
4,stroke,1887.689,26.01758,39.0,40.5,3.4326494
13,stroke,1887.689,1.4904639,23.0,23.0,0.2830922
14,stroke,1887.689,0.9526502,33.5,33.5,0.23880985
2,stroke,1888.8785,4.724255,10.5,47.5,1.1737372
4,stroke,1888.8785,25.039608,19.5,37.0,2.2486458
13,stroke,1888.8785,0.9574542,,16.0,0.24414879
14,stroke,1888.8785,1.1357727,18.5,18.5,0.19745412
2,stroke,1889.6795,8.792046,19.0,36.5,1.1347576
9,stroke,1889.6795,11.074119,25.5,40.5,1.4980112
12,stroke,1889.6795,9.705692,39.0,48.0,2.3218591
13,stroke,1889.6795,1.2994404,34.5,35.0,0.20993315
14,stroke,1889.6795,0.92468977,,28.0,0.2969024
2,stroke,1891.5345,5.766218,12.5,31.5,0.8426629
4,stroke,1891.5345,19.561544,11.0,47.0,3.2213178
9,stroke,1891.5345,6.468729,,42.0,1.9641017
12,stroke,1891.5345,4.6773753,13.5,48.5,0.7043584
13,stroke,1891.5345,1.421676,24.5,25.0,0.24663277
14,stroke,1891.5345,1.2211064,44.0,45.0,0.22432642
2,stroke,1892.336,6.4071503,5.5,16.0,1.817487
4,stroke,1892.336,129.01443,20.5,25.0,20.382269
9,stroke,1892.336,12.711451,28.0,29.0,1.5483434
12,stroke,1892.336,6.7095585,22.0,32.5,1.4656951
13,stroke,1892.336,1.0242462,40.5,40.5,0.22979616
14,stroke,1892.336,1.1413666,33.5,33.5,0.2702122
2,stroke,1894.2785,5.633127,31.5,32.0,1.1799377
4,stroke,1894.2785,27.602251,17.0,17.5,3.3329015
9,stroke,1894.2785,10.401742,11.0,15.0,1.3973249
12,stroke,1894.2785,5.408917,49.5,50.0,1.196735
13,stroke,1894.2785,1.0278299,,32.0,0.26170078
14,stroke,1894.2785,0.9677867,,41.0,0.30127466
4,stroke,1895.0795,62.95083,,43.0,18.44285
9,stroke,1895.0795,6.282525,12.5,19.0,1.4348757
13,stroke,1895.0795,1.0409085,46.5,47.0,0.20208761
14,stroke,1895.0795,0.75064826,,36.5,0.24873343
2,stroke,1896.3775,189.18472,5.0,19.0,0.8072478
4,stroke,1896.3775,45.890083,5.0,19.5,1.7743263
9,stroke,1896.3775,22.200935,5.0,19.5,2.6680124
12,stroke,1896.3775,26.753191,5.0,20.0,1.3370142
13,stroke,1896.3775,0.98411804,,35.5,0.29025146
14,stroke,1896.3775,1.1340953,12.0,25.0,0.2470382
2,stroke,1897.194,4.205124,10.5,33.5,1.3683705
4,stroke,1897.194,43.12858,47.0,47.0,8.438116
9,stroke,1897.194,11.936875,42.5,42.5,2.2297506
12,stroke,1897.194,4.2127576,5.0,32.5,0.93669564
13,stroke,1897.194,1.2353445,25.0,25.5,0.24145909
14,stroke,1897.194,0.8436898,,19.5,0.274599
2,stroke,1898.3975,5.0333543,,46.5,1.4271116
4,stroke,1898.3975,15.104911,14.5,15.0,2.9244277
9,stroke,1898.3975,10.0166855,47.0,47.0,2.4647288
13,stroke,1898.3975,1.4830704,26.5,27.0,0.23777393
14,stroke,1898.3975,1.1456271,,34.0,0.27115202
4,stroke,1899.199,41.847763,49.5,50.0,9.626024
9,stroke,1899.199,12.576443,22.5,26.0,1.5530269
12,stroke,1899.199,5.4746966,10.5,22.0,1.6350021
13,stroke,1899.199,0.91798186,,18.0,0.27297068
14,stroke,1899.199,0.94006634,,35.5,0.2778322
2,stroke,1900.233,4.0568748,16.5,24.0,1.1590812
4,stroke,1900.233,18.19565,5.5,40.5,2.7267241
9,stroke,1900.233,5.5841055,,43.0,1.7100259
13,stroke,1900.233,0.8577592,,27.0,0.23753162
14,stroke,1900.233,1.1445322,13.5,25.5,0.21796939
2,stroke,1901.133,5.057081,15.0,16.0,0.6927106
4,stroke,1901.133,18.286135,5.0,50.0,3.979316
9,stroke,1901.133,9.596672,46.5,47.0,1.7287046
14,stroke,1901.133,0.9469614,,21.0,0.2987213
2,stroke,1901.9435,3.86388,5.0,35.0,1.0036298
4,stroke,1901.9435,18.294807,16.5,17.5,2.2113836
9,stroke,1901.9435,6.396019,,35.5,1.8810158
12,stroke,1901.9435,5.4628563,6.5,15.0,1.4434708
13,stroke,1901.9435,1.3285054,10.5,38.5,0.2753139
14,stroke,1901.9435,1.1854981,,44.5,0.28099152
2,stroke,1903.561,10.187542,45.0,49.0,1.2660248
4,stroke,1903.561,21.320995,37.5,38.0,2.88979
13,stroke,1903.561,0.9941637,,24.5,0.31503472
14,stroke,1903.561,1.0521188,38.0,38.0,0.21441956
2,stroke,1904.8485,4.5083895,26.5,27.0,1.0118952
4,stroke,1904.8485,20.166441,41.0,42.0,3.3760457
9,stroke,1904.8485,6.572783,13.5,15.0,1.6962986
12,stroke,1904.8485,5.07751,,15.0,1.3562107
14,stroke,1904.8485,0.7164192,6.0,23.0,0.19841993
2,stroke,1906.098,4.5804634,,37.5,1.1927767
4,stroke,1906.098,18.394138,5.0,40.5,3.452317
9,stroke,1906.098,6.292923,,39.5,2.029531
12,stroke,1906.098,3.6385815,41.0,41.5,1.1147645
13,stroke,1906.098,0.9031499,,43.0,0.23632334
14,stroke,1906.098,0.9491465,15.0,15.0,0.23632377
2,stroke,1906.8985,5.870855,45.5,46.5,0.9822286
4,stroke,1906.8985,22.17708,9.0,44.5,3.1019714
9,stroke,1906.8985,9.274691,47.0,47.5,1.9568849
12,stroke,1906.8985,5.4384823,5.0,39.5,0.99325544
13,stroke,1906.8985,1.1994464,27.5,29.0,0.20291968
14,stroke,1906.8985,0.90446866,,37.0,0.2194004
2,stroke,1907.7115,3.4331465,15.0,15.5,0.7764303
4,stroke,1907.7115,33.24578,12.5,15.5,6.132363
9,stroke,1907.7115,10.203661,23.5,25.0,2.010381
12,stroke,1907.7115,7.1174765,5.0,50.0,0.98231244
13,stroke,1907.7115,1.0743103,,34.5,0.2702962
14,stroke,1907.7115,0.9324086,25.5,25.5,0.2049033
4,stroke,1908.6195,20.068558,20.5,21.5,3.0997076
9,stroke,1908.6195,7.5420027,,43.0,2.1423867
12,stroke,1908.6195,9.5251255,7.5,45.0,0.9098474
13,stroke,1908.6195,0.7697001,7.5,36.0,0.20311639
14,stroke,1908.6195,1.1781557,24.5,25.0,0.2047457
2,stroke,1909.4485,2.1063416,33.5,34.5,0.40268534
4,stroke,1909.4485,20.46491,17.5,20.5,3.5743747
12,stroke,1909.4485,4.91619,23.0,36.5,1.5394365
13,stroke,1909.4485,1.1074657,12.0,19.0,0.22176817
14,stroke,1909.4485,1.518729,35.5,45.5,0.22055027
2,stroke,1910.9305,182.09764,5.0,20.0,0.66850793
4,stroke,1910.9305,46.520653,5.0,20.0,1.79145
9,stroke,1910.9305,20.514053,5.0,36.0,1.5311476
12,stroke,1910.9305,27.546566,5.0,20.5,2.5790534
13,stroke,1910.9305,1.0020429,31.0,31.5,0.21976116
4,stroke,1912.0075,20.677105,43.0,45.5,3.73319
9,stroke,1912.0075,9.8137045,15.5,16.5,1.7786192
13,stroke,1912.0075,1.1880503,49.5,49.5,0.2398244
14,stroke,1912.0075,0.85914737,,23.0,0.22389865
2,stroke,1912.812,7.071992,11.5,17.0,0.6443158
4,stroke,1912.812,301.81494,43.0,43.5,44.6972
9,stroke,1912.812,11.339103,34.5,46.5,1.5402409
13,stroke,1912.812,1.0324869,,23.0,0.26922306
14,stroke,1912.812,1.133311,37.0,37.0,0.2296307
2,stroke,1914.6305,4.1411076,30.0,46.0,0.49940354
4,stroke,1914.6305,17.959673,15.5,16.0,2.3734713
9,stroke,1914.6305,11.335281,23.5,24.0,1.9529309
13,stroke,1914.6305,1.2222813,36.5,37.0,0.21031857
14,stroke,1914.6305,0.8330961,,41.5,0.21822451
4,stroke,1915.4355,182.00795,32.5,33.0,32.553593
9,stroke,1915.4355,12.437433,25.0,26.5,1.384155
12,stroke,1915.4355,11.955307,36.5,36.5,3.1545744
13,stroke,1915.4355,1.0511227,,22.5,0.2626773
14,stroke,1915.4355,1.4128284,19.0,20.0,0.20754397
2,stroke,1916.237,3.1159186,11.0,32.5,0.6632858
4,stroke,1916.237,54.394146,19.5,22.0,10.519054
9,stroke,1916.237,11.370654,25.5,34.5,1.7461843
14,stroke,1916.237,1.2347698,48.5,49.5,0.2183743
2,stroke,1917.038,3.0918913,,23.5,0.80873233
4,stroke,1917.038,116.796036,32.0,38.0,17.92786
9,stroke,1917.038,6.1954446,,38.5,2.057052
13,stroke,1917.038,1.1713016,31.5,32.5,0.19661678
2,stroke,1917.8385,6.3744507,,27.5,1.5048612
4,stroke,1917.8385,170.03227,,21.0,52.875496
14,stroke,1917.8385,0.8138839,,29.0,0.19857283
2,stroke,1919.116,4.25858,,41.0,0.95403767
4,stroke,1919.116,14.8439665,41.0,42.0,2.556391
9,stroke,1919.116,9.5765705,6.5,18.0,1.2167826
12,stroke,1919.116,4.460245,5.0,41.0,1.2505358
13,stroke,1919.116,0.8675405,9.0,45.5,0.24738795
14,stroke,1919.116,1.0790876,,37.5,0.27241355
2,stroke,1919.918,4.299567,36.0,41.5,0.896594
4,stroke,1919.918,140.99263,18.5,19.0,24.486916
9,stroke,1919.918,11.061949,17.5,18.0,1.7099854
13,stroke,1919.918,1.2883095,19.5,19.5,0.2756506
14,stroke,1919.918,0.9907423,,49.5,0.27612433
13,stroke,1920.7205,1.151316,19.0,19.5,0.27532458
14,stroke,1920.7205,0.93860024,12.5,15.5,0.21753083
2,stroke,1921.9875,5.585419,18.0,38.0,0.78485674
4,stroke,1921.9875,42.9784,18.5,28.5,3.8052454
9,stroke,1921.9875,5.225889,8.0,21.0,1.318344
12,stroke,1921.9875,7.198372,30.5,38.5,0.91996086
13,stroke,1921.9875,0.8706763,,29.5,0.26674235
14,stroke,1921.9875,0.96693933,,43.5,0.3050573
2,stroke,1922.7895,4.796812,,44.0,1.1649963
4,stroke,1922.7895,121.063705,26.5,27.0,22.563894
9,stroke,1922.7895,8.532099,41.5,42.5,2.2954922
13,stroke,1922.7895,0.91638315,,20.5,0.2250959
14,stroke,1922.7895,0.9394419,,47.0,0.23724434
2,stroke,1923.606,163.49512,5.0,19.5,0.9285533
4,stroke,1923.606,34.80744,5.0,19.5,2.8189652
9,stroke,1923.606,12.028414,5.0,20.0,2.239855
12,stroke,1923.606,28.88166,5.0,20.0,2.22146
14,stroke,1923.606,1.0512255,,49.5,0.23090068
2,stroke,1924.4215,5.716037,43.0,43.5,1.2206167
4,stroke,1924.4215,35.70822,,39.0,9.578323
9,stroke,1924.4215,12.440317,14.5,15.5,1.7772034
13,stroke,1924.4215,0.9672942,,15.0,0.26545838
14,stroke,1924.4215,1.262498,19.0,19.5,0.24516681
2,stroke,1926.335,5.73556,36.0,36.5,0.76008946
4,stroke,1926.335,16.110218,16.5,17.5,2.518609
9,stroke,1926.335,5.8651285,20.0,21.0,1.2198151
12,stroke,1926.335,5.8340907,6.0,15.0,1.3281614
13,stroke,1926.335,1.1283154,9.0,46.0,0.1800428
14,stroke,1926.335,1.0602525,20.5,20.5,0.21676554
2,stroke,1934.073,5.5326176,19.5,20.0,1.5211205
4,stroke,1934.073,11.90857,14.5,40.5,2.4696796
9,stroke,1934.073,4.4339623,,25.5,1.2722486
13,stroke,1934.073,0.93014985,,36.5,0.26323032
14,stroke,1934.073,1.2401917,42.5,42.5,0.26443043
2,stroke,1935.1195,14.954805,38.5,39.0,2.2241971
4,stroke,1935.1195,54.66238,7.0,46.0,2.6620429
9,stroke,1935.1195,5.9441094,34.0,34.5,1.0343549
12,stroke,1935.1195,3.3805282,31.5,50.0,0.9637636
13,stroke,1935.1195,1.4108831,21.5,21.5,0.2802732
14,stroke,1935.1195,1.2515879,22.0,47.5,0.19269505
2,stroke,1935.92,8.8597975,5.0,20.0,1.5821574
4,stroke,1935.92,267.12552,36.0,38.5,48.778316
9,stroke,1935.92,7.804643,42.5,44.0,0.9964383
14,stroke,1935.92,1.0805093,39.0,39.5,0.2525164
2,stroke,1936.7205,7.808824,26.0,27.0,1.0548644
4,stroke,1936.7205,225.80817,,27.0,50.949295
9,stroke,1936.7205,4.9574804,46.5,47.0,1.0642154
12,stroke,1936.7205,10.339238,5.0,20.0,1.5352503
13,stroke,1936.7205,1.0951023,,22.5,0.27744797
14,stroke,1936.7205,1.2043445,23.5,24.0,0.21232757
2,stroke,1937.523,6.4633217,11.5,19.0,1.1935048
4,stroke,1937.523,143.40027,,27.5,47.549572
9,stroke,1937.523,5.4979887,20.5,49.5,1.3907459
13,stroke,1937.523,1.3258615,10.5,32.0,0.19356751
2,stroke,1938.346,6.519536,35.5,36.0,1.4797766
4,stroke,1938.346,66.98678,,29.0,22.215858
12,stroke,1938.346,6.34198,5.0,28.0,1.5845486
13,stroke,1938.346,0.89785016,7.0,49.0,0.23201875
14,stroke,1938.346,1.1602439,16.0,16.5,0.21987316
2,stroke,1939.1485,5.3853397,,30.5,1.2792943
4,stroke,1939.1485,89.971375,11.5,15.0,10.383567
9,stroke,1939.1485,4.366688,13.0,18.0,0.8621697
12,stroke,1939.1485,7.1187487,36.0,46.5,1.4688828
13,stroke,1939.1485,1.0301809,,21.0,0.26706666
14,stroke,1939.1485,1.0114816,,19.0,0.2822269
4,stroke,1939.949,203.1893,9.5,50.0,36.133614
9,stroke,1939.949,4.4076953,41.5,41.5,1.0241648
13,stroke,1939.949,1.0042707,14.0,47.5,0.23310564
14,stroke,1939.949,1.2883375,23.0,23.0,0.2595661
2,stroke,1940.751,4.838845,9.5,47.0,1.2236924
4,stroke,1940.751,71.61474,38.5,38.5,16.839739
9,stroke,1940.751,4.2231026,48.5,50.0,1.1189083
13,stroke,1940.751,0.9425636,31.0,40.5,0.18023315
2,stroke,1941.561,6.4274006,10.5,41.5,1.3538693
4,stroke,1941.561,59.71221,35.0,35.0,11.694809
9,stroke,1941.561,6.1126456,5.0,50.0,0.87257296
12,stroke,1941.561,7.1099157,9.5,16.0,1.6728101
13,stroke,1941.561,1.2176661,9.0,37.5,0.21519932
14,stroke,1941.561,1.0246851,17.0,17.5,0.19741121
2,stroke,1942.362,8.104766,,50.0,2.0621662
4,stroke,1942.362,73.908585,6.5,28.5,16.818642
9,stroke,1942.362,5.695137,21.5,22.0,1.4208884
13,stroke,1942.362,1.0007715,10.5,31.5,0.23340353
14,stroke,1942.362,1.2288325,,25.5,0.2725987
2,stroke,1943.164,8.399076,,24.5,1.7522724
9,stroke,1943.164,3.3238988,23.5,24.0,0.8660348
12,stroke,1943.164,4.341327,6.0,16.0,1.375027
13,stroke,1943.164,0.8809542,,21.5,0.24927403
14,stroke,1943.164,0.90054214,10.5,20.5,0.22226381
2,stroke,1943.986,6.5719414,38.5,39.0,1.2864461
9,stroke,1943.986,5.097922,11.5,22.5,0.8704389
12,stroke,1943.986,6.88544,6.0,46.0,1.5880678
13,stroke,1943.986,1.524195,36.5,37.0,0.27293727
14,stroke,1943.986,1.2475319,50.0,50.0,0.24945886
2,stroke,1944.788,7.99182,28.5,28.5,1.8713635
4,stroke,1944.788,85.894226,,45.5,27.064253
9,stroke,1944.788,4.4921217,14.0,15.0,1.1201351
12,stroke,1944.788,4.957551,32.0,37.5,1.2914184
13,stroke,1944.788,1.4926835,48.0,48.5,0.2584409
14,stroke,1944.788,0.9690957,10.5,35.0,0.14207779
2,stroke,1945.6465,11.381195,32.0,41.0,0.9537991
4,stroke,1945.6465,17.943132,5.0,27.0,3.84774
9,stroke,1945.6465,8.257746,19.5,22.0,0.94837826
13,stroke,1945.6465,1.2438018,26.5,27.5,0.17025761
14,stroke,1945.6465,1.2756193,44.5,45.0,0.23386866
2,stroke,1946.4705,9.318529,41.5,42.0,1.4384742
4,stroke,1946.4705,33.4785,,33.5,8.439276
9,stroke,1946.4705,4.439115,7.5,19.0,1.2186928
12,stroke,1946.4705,6.917046,6.5,17.0,1.5368813
13,stroke,1946.4705,0.96718913,,33.5,0.29304403
14,stroke,1946.4705,1.1776043,8.0,48.5,0.21925557
2,stroke,1947.4505,7.7138786,20.5,42.0,1.3549781
4,stroke,1947.4505,41.395393,16.0,37.5,3.9283721
9,stroke,1947.4505,2.842287,6.5,38.0,0.7782321
13,stroke,1947.4505,1.0151123,,20.0,0.22928378
14,stroke,1947.4505,1.2892187,15.0,46.0,0.19833627
2,stroke,1948.2725,6.1939707,40.5,41.0,1.2327112
9,stroke,1948.2725,5.9804974,45.5,48.0,1.2495289
13,stroke,1948.2725,1.3914177,28.5,47.0,0.26928073
14,stroke,1948.2725,1.1692617,48.0,48.0,0.23892884
2,stroke,1949.074,5.0048203,,17.0,1.213176
4,stroke,1949.074,30.060741,,29.0,9.138912
12,stroke,1949.074,10.336878,11.0,17.0,1.8352753
13,stroke,1949.074,1.1735748,6.0,20.0,0.26772898
14,stroke,1949.074,0.9176686,,23.0,0.24368829
2,stroke,1949.93,7.4786158,48.5,48.5,1.8401556
4,stroke,1949.93,12.25466,11.5,42.5,2.9218335
9,stroke,1949.93,5.070819,17.0,27.0,0.87158275
12,stroke,1949.93,7.700506,,33.0,2.0482914
13,stroke,1949.93,1.1574208,37.5,37.5,0.2779822
14,stroke,1949.93,0.8996084,,33.5,0.27014446
4,stroke,1950.7835,13.955046,41.0,41.5,2.293796
9,stroke,1950.7835,5.5491886,,18.0,1.3712102
12,stroke,1950.7835,5.104292,13.0,21.5,1.4046043
13,stroke,1950.7835,1.294106,12.5,49.5,0.2618842
14,stroke,1950.7835,1.2241303,43.5,43.5,0.24341166
2,stroke,1951.746,6.2564993,,19.0,1.5072563
4,stroke,1951.746,19.170334,48.5,49.0,3.796547
9,stroke,1951.746,2.2367992,11.0,23.5,0.64280075
12,stroke,1951.746,5.2242403,5.0,18.0,1.2253075
13,stroke,1951.746,1.0653834,,16.0,0.28471166
14,stroke,1951.746,0.9967891,,32.0,0.27881816
2,stroke,1952.547,5.419105,28.5,29.0,1.6829962
4,stroke,1952.547,101.67056,,31.0,23.93418
9,stroke,1952.547,4.440266,5.0,17.5,1.0193806
13,stroke,1952.547,1.559133,31.5,32.5,0.20717853
14,stroke,1952.547,1.1744611,45.5,46.0,0.22067378
2,stroke,1953.3545,5.2489243,47.5,47.5,1.2288328
4,stroke,1953.3545,24.786507,19.5,33.5,3.8562405
9,stroke,1953.3545,4.3465724,25.0,31.5,0.8698386
13,stroke,1953.3545,0.95280343,,15.0,0.28904143
14,stroke,1953.3545,1.0982192,48.5,49.0,0.2055409
2,stroke,1954.158,6.008586,13.5,42.5,1.4807323
4,stroke,1954.158,35.943127,,23.5,8.760828
12,stroke,1954.158,6.400635,21.5,32.5,1.3264896
13,stroke,1954.158,1.3835406,45.5,46.0,0.22711009
14,stroke,1954.158,1.3868412,31.0,31.5,0.27377978
2,stroke,1954.9855,4.30107,20.5,21.0,1.0842
4,stroke,1954.9855,18.593025,,15.0,5.8988075
13,stroke,1954.9855,0.8996328,,17.0,0.26616427
14,stroke,1954.9855,1.3280585,46.5,46.5,0.28007284
2,stroke,1957.453,3.4282856,7.0,44.5,0.4304819
4,stroke,1957.453,7.171855,5.0,25.0,1.9772718
9,stroke,1957.453,5.449951,5.0,31.5,0.62257224
13,stroke,1957.453,1.3848386,,45.0,0.3231568
14,stroke,1957.453,0.89156413,,24.5,0.27845582
2,stroke,1962.4795,4.245902,,31.0,1.196486
4,stroke,1962.4795,59.683983,5.0,33.5,3.0585053
9,stroke,1962.4795,4.802039,33.5,33.5,1.1073865
12,stroke,1962.4795,6.4240704,6.5,50.0,1.6714026
14,stroke,1962.4795,1.3670945,47.0,47.5,0.2459234
2,stroke,1963.28,3.2756302,,34.5,0.8413755
4,stroke,1963.28,100.727196,,24.0,33.311337
9,stroke,1963.28,3.4983845,11.5,19.5,1.0011228
12,stroke,1963.28,6.7857027,18.0,50.0,0.82254523
13,stroke,1963.28,1.0995827,,29.5,0.29077122
14,stroke,1963.28,0.8381007,,19.5,0.23128434
4,stroke,1964.112,40.29605,6.0,38.0,6.552212
12,stroke,1964.112,5.01571,5.0,47.0,1.1959908
13,stroke,1964.112,1.8062289,14.0,15.0,0.26416272
14,stroke,1964.112,1.215888,15.0,30.5,0.17761065
2,stroke,1965.3705,3.8535833,14.5,21.0,0.5971686
4,stroke,1965.3705,49.762627,6.5,38.5,3.6303809
9,stroke,1965.3705,4.601054,,17.5,1.4320401
13,stroke,1965.3705,1.2081218,,38.0,0.24980001
14,stroke,1965.3705,0.9828849,,31.5,0.24686845
2,stroke,1966.1735,4.967247,6.0,23.5,0.9314647
4,stroke,1966.1735,86.65184,6.5,28.0,24.43109
9,stroke,1966.1735,4.050104,10.5,24.5,1.1048973
13,stroke,1966.1735,1.0091527,23.5,24.0,0.23575827
14,stroke,1966.1735,1.0150256,24.5,24.5,0.21231394
2,stroke,1967.024,3.012104,43.0,44.0,0.52837455
4,stroke,1967.024,19.550442,30.0,30.0,4.443921
9,stroke,1967.024,3.3526146,12.0,31.5,0.6070852
12,stroke,1967.024,6.176051,10.0,46.5,1.0047948
13,stroke,1967.024,1.0653986,,48.5,0.2544028
14,stroke,1967.024,1.0391234,,27.5,0.27734777
2,stroke,1967.8255,4.3751426,,23.0,0.9888146
9,stroke,1967.8255,4.4441304,34.5,37.0,1.440034
12,stroke,1967.8255,13.310807,5.0,15.0,1.3593956
13,stroke,1967.8255,1.1500237,42.0,42.5,0.21107112
14,stroke,1967.8255,0.8929552,,50.0,0.2392304
2,stroke,1968.631,5.2979674,,43.5,1.7101067
4,stroke,1968.631,140.844,7.5,32.0,18.213758
9,stroke,1968.631,4.487801,7.5,44.5,0.81100273
14,stroke,1968.631,1.1045659,,25.0,0.28985637
2,stroke,1970.608,4.685714,6.5,37.5,0.7378248
4,stroke,1970.608,31.978798,36.0,40.5,4.1857076
9,stroke,1970.608,4.610647,31.0,31.5,0.9115222
14,stroke,1970.608,1.2958167,27.5,28.0,0.2185017
2,stroke,1973.422,5.620953,21.5,38.0,0.85061353
4,stroke,1973.422,22.95775,9.0,30.5,2.763448
9,stroke,1973.422,7.86189,32.5,46.0,1.1378193
13,stroke,1973.422,0.9354309,,18.5,0.24162446
14,stroke,1973.422,1.1035597,13.0,19.5,0.18389514
2,stroke,1974.2385,5.9142494,18.0,35.0,1.2705444
4,stroke,1974.2385,21.329887,45.5,46.5,2.5049975
9,stroke,1974.2385,4.992029,20.5,21.5,0.9517044
12,stroke,1974.2385,15.548929,5.0,15.0,1.353973
13,stroke,1974.2385,0.9659511,,38.5,0.28957066
14,stroke,1974.2385,0.9304036,46.5,46.5,0.2067246
2,stroke,1975.6245,4.067933,,46.5,1.186065
4,stroke,1975.6245,23.978554,46.0,47.0,3.071771
9,stroke,1975.6245,3.029498,19.5,23.0,0.82458097
13,stroke,1975.6245,1.1637176,12.5,27.0,0.25954443
14,stroke,1975.6245,0.86134565,,49.0,0.22925285
2,stroke,1977.869,5.905779,,15.0,1.3924481
4,stroke,1977.869,27.756397,6.5,33.5,2.145022
9,stroke,1977.869,3.852565,,39.0,1.0536207
12,stroke,1977.869,6.058798,16.5,25.5,1.2567924
13,stroke,1977.869,0.9415151,,32.0,0.29410422
14,stroke,1977.869,1.0225433,,46.0,0.28968254
2,stroke,1978.8395,4.192857,,35.0,1.052633
4,stroke,1978.8395,13.53931,20.0,32.0,1.713099
12,stroke,1978.8395,3.5478845,8.0,41.5,1.127449
13,stroke,1978.8395,1.4136871,21.5,22.0,0.3258596
14,stroke,1978.8395,0.99132055,,25.5,0.24453335
2,stroke,1980.505,5.487381,,20.0,1.7613752
4,stroke,1980.505,11.566351,,50.0,3.4994214
9,stroke,1980.505,22.025143,31.5,35.5,1.2724977
13,stroke,1980.505,1.436585,34.5,35.0,0.24936193
14,stroke,1980.505,0.812571,,23.5,0.2193451
2,stroke,1993.843,280.97366,5.0,20.5,0.99067754
4,stroke,1993.843,58.878567,5.0,20.0,0.5818983
9,stroke,1993.843,33.290333,5.0,20.0,2.4319377
12,stroke,1993.843,50.8198,5.0,20.5,3.556656
13,stroke,1993.843,1.1776946,18.5,19.5,0.1875577
14,stroke,1993.843,0.8614639,,35.0,0.2527572
2,stroke,1995.928,287.45807,5.0,20.5,1.2887338
4,stroke,1995.928,55.666096,5.0,20.0,0.9170102
9,stroke,1995.928,33.669773,5.0,20.5,2.4617524
12,stroke,1995.928,41.58683,5.0,20.5,1.6821431
13,stroke,1995.928,1.2117658,44.0,44.5,0.23371828
2,stroke,1997.814,283.45618,5.0,20.5,1.4861114
4,stroke,1997.814,65.00383,5.0,20.5,1.3303218
9,stroke,1997.814,36.059067,5.0,20.5,1.9178138
12,stroke,1997.814,40.924057,5.0,21.0,1.0211141
13,stroke,1997.814,1.1391292,,17.0,0.35733974
14,stroke,1997.814,1.4028621,36.0,36.5,0.23357265
2,stroke,1999.814,295.44794,5.0,20.5,1.58059
4,stroke,1999.814,64.59552,5.0,20.0,1.2768514
9,stroke,1999.814,31.545536,5.0,20.5,1.8621271
12,stroke,1999.814,40.860226,5.0,21.0,1.5474567
13,stroke,1999.814,0.8020434,9.0,50.0,0.20561974
14,stroke,1999.814,1.4161043,47.0,48.0,0.24746689
2,stroke,2002.3125,292.79272,5.0,20.0,1.1807312
4,stroke,2002.3125,65.87422,5.0,19.5,2.1814969
9,stroke,2002.3125,33.029892,5.0,20.0,2.4608545
12,stroke,2002.3125,49.613834,5.0,20.5,1.1510365
13,stroke,2002.3125,1.0662198,39.5,39.5,0.23553804
14,stroke,2002.3125,1.0526263,,49.5,0.26668596
2,stroke,2004.244,289.99445,5.0,20.5,1.5260607
4,stroke,2004.244,59.502914,5.0,20.5,0.7881819
9,stroke,2004.244,36.695614,5.0,21.0,1.8554196
12,stroke,2004.244,59.273914,5.0,21.0,0.77790254
13,stroke,2004.244,1.1634991,37.5,38.0,0.19948167
14,stroke,2004.244,1.0148754,,44.0,0.30488598
2,stroke,2006.0085,5.961008,16.0,16.5,1.3049253
4,stroke,2006.0085,42.720497,31.0,34.5,3.727505
9,stroke,2006.0085,8.825833,17.0,17.0,1.9872895
12,stroke,2006.0085,4.563457,,41.5,1.2959442
13,stroke,2006.0085,1.2240587,,37.5,0.3204597
14,stroke,2006.0085,1.2165682,15.5,16.0,0.2075975
2,stroke,2006.826,6.225101,,26.0,1.4719969
9,stroke,2006.826,7.8606853,16.0,16.0,1.7349913
12,stroke,2006.826,6.5657063,5.0,17.5,0.9924066
13,stroke,2006.826,0.9480019,,24.5,0.2998961
14,stroke,2006.826,1.0801365,14.0,36.5,0.21097006
2,stroke,2008.4035,283.53137,5.0,20.5,1.8973306
4,stroke,2008.4035,64.523766,5.0,20.5,1.1187003
9,stroke,2008.4035,43.57682,5.0,20.5,4.216215
12,stroke,2008.4035,51.223732,5.0,21.0,1.2029811
13,stroke,2008.4035,1.36257,44.0,44.5,0.29072437
14,stroke,2008.4035,0.9169804,19.0,19.0,0.17880479
2,stroke,2011.2245,4.827537,13.5,33.5,1.3083867
4,stroke,2011.2245,15.464752,10.5,15.5,2.2258382
9,stroke,2011.2245,10.275734,,15.5,2.989179
12,stroke,2011.2245,4.898908,5.5,27.0,1.3354582
13,stroke,2011.2245,1.2328731,17.5,18.5,0.20447582
14,stroke,2011.2245,1.0061789,,42.0,0.3289414
2,stroke,2014.042,8.278184,,50.0,2.7255423
4,stroke,2014.042,14.211298,6.5,34.5,2.084491
9,stroke,2014.042,17.688677,36.5,38.0,3.147138
12,stroke,2014.042,6.73633,5.0,18.5,1.2534872
13,stroke,2014.042,1.3922915,29.5,42.0,0.25493783
14,stroke,2014.042,1.1454204,21.5,22.0,0.23678324
2,stroke,2015.564,13.37585,20.5,21.0,1.9114319
4,stroke,2015.564,17.964603,43.5,44.0,2.9571881
9,stroke,2015.564,14.586245,,32.0,3.3157532
13,stroke,2015.564,0.9954679,,33.5,0.27465993
14,stroke,2015.564,1.0746087,,33.5,0.2879117
2,stroke,2017.947,8.25985,39.0,39.5,1.4465166
4,stroke,2017.947,23.290974,26.0,36.5,2.231601
9,stroke,2017.947,12.80574,37.5,38.0,2.6728804
13,stroke,2017.947,1.1453156,,28.0,0.33671775
14,stroke,2017.947,0.9463415,6.5,40.0,0.20502354
2,stroke,2020.661,7.708909,,26.5,1.6933928
4,stroke,2020.661,24.403238,5.0,48.0,2.0994422
9,stroke,2020.661,11.8933325,49.0,49.0,2.59268
12,stroke,2020.661,5.221863,24.0,49.5,0.86961615
13,stroke,2020.661,1.0365976,,38.0,0.2734214
2,stroke,2021.5035,7.433196,,29.0,1.8335503
4,stroke,2021.5035,28.07431,12.5,39.5,2.1554258
9,stroke,2021.5035,17.149734,25.0,22.5,3.1128478
12,stroke,2021.5035,7.880339,49.5,49.5,2.018471
13,stroke,2021.5035,1.1513218,25.5,26.0,0.24534622
14,stroke,2021.5035,1.151641,,41.0,0.27075988
2,stroke,2022.6425,9.40409,46.5,47.0,1.9554366
4,stroke,2022.6425,19.453259,19.0,41.0,3.8113093
9,stroke,2022.6425,9.042157,39.5,40.0,2.572532
12,stroke,2022.6425,4.1967144,18.5,30.5,0.8587598
13,stroke,2022.6425,1.0983148,11.0,19.5,0.19976379
14,stroke,2022.6425,1.477713,30.0,30.0,0.2704651
2,stroke,2024.39,10.745204,15.0,15.5,1.552904
4,stroke,2024.39,14.780247,47.5,47.5,3.8865643
9,stroke,2024.39,12.131468,33.5,33.5,3.1443539
12,stroke,2024.39,4.2937517,5.0,45.5,1.1756754
13,stroke,2024.39,1.0327036,,50.0,0.23987934
2,stroke,2025.859,9.107612,5.5,45.5,2.26301
4,stroke,2025.859,18.299717,40.0,42.5,3.1373472
9,stroke,2025.859,7.6021633,,26.0,2.3355799
12,stroke,2025.859,5.0582533,41.5,50.0,0.91222024
13,stroke,2025.859,1.2748837,38.0,38.0,0.2444007
14,stroke,2025.859,0.8834202,,43.5,0.23493756
2,stroke,2028.7095,6.572027,18.5,36.0,1.2443465
4,stroke,2028.7095,10.393219,,37.5,2.9169865
9,stroke,2028.7095,12.591869,11.0,17.5,1.841878
12,stroke,2028.7095,12.911662,35.5,46.0,0.8868595
13,stroke,2028.7095,1.2211205,14.5,21.0,0.2663468
14,stroke,2028.7095,0.84638536,,49.0,0.22035158
9,stroke,2029.5165,13.17734,22.5,23.5,2.580506
13,stroke,2029.5165,1.1870852,27.0,27.0,0.24033271
14,stroke,2029.5165,0.9859028,29.0,29.5,0.21178591
2,stroke,2030.68,6.2529526,,44.5,1.5591551
4,stroke,2030.68,27.772266,7.0,22.0,1.3522576
9,stroke,2030.68,10.992324,,25.0,2.3862734
12,stroke,2030.68,4.6039085,5.0,34.0,1.2691324
13,stroke,2030.68,0.8371286,,42.5,0.18669455
14,stroke,2030.68,1.1262358,,24.0,0.26943606
2,stroke,2031.4805,9.054735,11.0,50.0,2.5433939
4,stroke,2031.4805,78.781525,5.0,41.5,19.740997
9,stroke,2031.4805,11.028989,,26.5,3.0371583
13,stroke,2031.4805,1.2883613,5.0,42.0,0.1921079
14,stroke,2031.4805,1.1291692,,30.5,0.35108626
2,stroke,2033.5315,7.134695,48.0,48.5,1.4487723
4,stroke,2033.5315,11.7282715,7.0,20.5,2.0626273
9,stroke,2033.5315,16.995914,22.5,23.5,1.8161042
13,stroke,2033.5315,1.4531156,35.5,35.5,0.28477538
14,stroke,2033.5315,0.7534246,,16.0,0.23671857
2,stroke,2034.3325,10.726137,,48.5,3.261823
4,stroke,2034.3325,93.27113,39.5,43.0,12.01999
9,stroke,2034.3325,9.61565,,42.0,3.0704327
12,stroke,2034.3325,8.144348,49.5,50.0,1.7061099
13,stroke,2034.3325,1.0571638,,47.0,0.26647305
14,stroke,2034.3325,1.1152215,,38.0,0.2560545
2,stroke,2036.1925,16.327652,30.0,43.5,1.3970401
4,stroke,2036.1925,17.410793,7.0,39.0,3.0568206
9,stroke,2036.1925,13.20156,37.0,46.5,1.4605141
12,stroke,2036.1925,5.9172935,26.0,33.0,0.9241475
13,stroke,2036.1925,0.9739126,,30.5,0.2617197
4,stroke,2037.603,16.046589,7.0,48.5,1.6756722
12,stroke,2037.603,6.975435,32.0,43.0,1.1146384
13,stroke,2037.603,0.9078959,,23.0,0.27064714
14,stroke,2037.603,1.1288512,19.5,20.0,0.24139285
2,stroke,2056.682,20.72846,8.5,43.0,3.4983351
4,stroke,2056.682,32.87085,5.0,18.5,1.9498289
9,stroke,2056.682,49.9429,8.0,22.5,8.880166
12,stroke,2056.682,6.448573,27.5,28.5,1.5464002
14,stroke,2056.682,1.1926336,40.0,40.5,0.18932088
2,stroke,2057.4825,33.187782,,16.0,9.386456
4,stroke,2057.4825,234.59158,,28.0,61.124928
13,stroke,2057.4825,1.1849928,5.0,35.0,0.26442876
14,stroke,2057.4825,0.9643645,8.5,28.5,0.235408
2,stroke,2058.283,24.210175,,33.5,7.7129292
4,stroke,2058.283,349.21826,,49.5,95.49248
9,stroke,2058.283,68.307434,13.5,15.0,16.272102
14,stroke,2058.283,1.0529155,,43.5,0.3384051
2,stroke,2059.0835,33.60222,16.5,17.0,7.3826385
4,stroke,2059.0835,277.88626,,43.5,86.78954
9,stroke,2059.0835,84.06178,36.0,36.0,19.890718
12,stroke,2059.0835,4.021454,9.0,17.5,0.72145796
13,stroke,2059.0835,0.92534834,6.0,36.5,0.2834545
14,stroke,2059.0835,1.1013839,42.0,47.0,0.17217313
2,stroke,2059.8845,28.645443,,49.5,9.405557
4,stroke,2059.8845,350.98395,12.0,17.0,27.894814
9,stroke,2059.8845,67.780075,,36.5,16.85972
12,stroke,2059.8845,5.376346,30.0,46.5,1.4875937
13,stroke,2059.8845,0.74263954,,27.0,0.23495951
14,stroke,2059.8845,1.1988617,27.5,27.5,0.27498153
2,stroke,2060.686,15.373186,32.0,32.5,3.6248832
4,stroke,2060.686,51.43403,37.5,38.5,7.672235
9,stroke,2060.686,76.19899,29.0,30.0,8.557099
13,stroke,2060.686,1.1165828,,28.5,0.31364748
2,stroke,2061.4885,44.07785,43.5,44.0,7.35952
4,stroke,2061.4885,353.88818,14.0,17.0,43.78055
9,stroke,2061.4885,162.88632,44.5,48.0,14.27992
13,stroke,2061.4885,0.94382346,,19.5,0.30033225
14,stroke,2061.4885,0.9812001,,50.0,0.29144973
2,stroke,2062.29,64.64515,22.5,23.0,12.451318
4,stroke,2062.29,347.94794,27.5,46.5,45.95297
9,stroke,2062.29,69.24672,,33.0,20.655937
12,stroke,2062.29,11.5580225,7.5,15.0,1.2520174
13,stroke,2062.29,1.554946,19.5,20.0,0.22181523
14,stroke,2062.29,0.8952782,5.0,38.5,0.18884562
2,stroke,2063.0915,75.384796,25.5,26.0,11.493523
9,stroke,2063.0915,104.83621,39.5,40.0,14.7841215
12,stroke,2063.0915,6.22658,5.0,18.0,0.8521098
13,stroke,2063.0915,1.0584011,35.0,35.0,0.20365061
14,stroke,2063.0915,1.1657715,17.5,18.0,0.20277992
2,stroke,2063.907,49.446335,28.5,32.5,6.1963396
12,stroke,2063.907,4.660736,,16.5,1.2899386
13,stroke,2063.907,0.8177729,,27.0,0.2655324
14,stroke,2063.907,1.1144409,,32.5,0.3187383
2,stroke,2064.709,26.213715,8.0,16.0,8.126953
4,stroke,2064.709,153.18756,10.0,38.5,41.136536
9,stroke,2064.709,147.4347,44.0,44.5,21.94182
13,stroke,2064.709,1.3721584,32.0,50.0,0.20809124
14,stroke,2064.709,1.36061,,15.5,0.28338256
2,stroke,2065.51,44.418755,18.5,19.0,5.8323627
4,stroke,2065.51,299.46048,23.0,23.5,57.02406
9,stroke,2065.51,37.247253,26.0,26.0,9.95078
13,stroke,2065.51,0.88468355,,21.5,0.18219727
14,stroke,2065.51,1.0407249,,44.0,0.29582226
2,stroke,2066.311,17.818413,15.0,15.0,4.4282403
4,stroke,2066.311,43.916588,,20.5,11.338617
12,stroke,2066.311,7.932368,33.5,42.5,1.5196013
13,stroke,2066.311,1.1530983,,48.5,0.28231823
14,stroke,2066.311,1.103447,50.0,50.0,0.27623707
2,stroke,2067.163,20.320532,10.0,15.0,4.394192
4,stroke,2067.163,71.334274,6.0,50.0,4.67088
9,stroke,2067.163,13.280643,12.5,27.0,2.685579
13,stroke,2067.163,1.1379495,,20.5,0.2754046
14,stroke,2067.163,1.2321846,,21.5,0.26781315
2,stroke,2067.9635,29.114662,,41.0,7.714688
4,stroke,2067.9635,85.90201,,15.0,22.853962
9,stroke,2067.9635,18.196342,7.0,29.0,3.1919272
13,stroke,2067.9635,1.2040159,15.0,40.5,0.22810528
14,stroke,2067.9635,1.4413215,44.0,44.5,0.22298935
2,stroke,2068.818,19.307465,21.5,21.5,4.2137213
4,stroke,2068.818,16.308096,5.0,25.0,4.5316467
9,stroke,2068.818,22.167038,31.0,31.5,4.058931
12,stroke,2068.818,3.2763348,19.0,29.5,0.91789925
13,stroke,2068.818,1.3629296,29.5,45.0,0.26200286
14,stroke,2068.818,0.99963033,,39.5,0.31249443
2,stroke,2069.621,47.71614,27.0,27.5,6.191991
4,stroke,2069.621,190.5542,7.0,49.0,38.034657
9,stroke,2069.621,15.631776,,25.0,4.2968564
13,stroke,2069.621,1.3737924,34.5,39.5,0.2074934
14,stroke,2069.621,1.6367147,33.0,34.0,0.2345836
2,stroke,2070.4215,31.58849,,48.0,7.444371
4,stroke,2070.4215,118.40554,34.5,35.0,24.67897
9,stroke,2070.4215,12.364726,7.0,21.0,1.9492371
12,stroke,2070.4215,5.2947464,32.5,47.5,1.3206695
13,stroke,2070.4215,0.86593413,,25.0,0.23483212
14,stroke,2070.4215,1.1617959,40.5,40.5,0.24182409
9,stroke,2071.228,10.984157,,31.5,2.9037032
12,stroke,2071.228,3.890264,5.0,43.0,0.8988683
13,stroke,2071.228,1.1320915,,27.5,0.27833596
14,stroke,2071.228,0.83713174,,32.0,0.18446752
2,stroke,2072.0285,33.32077,35.0,40.0,3.9697106
4,stroke,2072.0285,41.44857,,20.0,12.451397
13,stroke,2072.0285,1.3866608,32.5,33.5,0.22771244
14,stroke,2072.0285,1.350855,12.0,29.0,0.29449698
2,stroke,2072.8315,25.048378,37.5,38.5,5.8005996
4,stroke,2072.8315,55.979393,48.0,49.0,10.425676
9,stroke,2072.8315,7.754465,,22.5,2.4515674
12,stroke,2072.8315,4.6551514,18.5,20.5,0.67337114
14,stroke,2072.8315,1.0518615,9.5,45.5,0.1788772
4,stroke,2073.6345,41.737923,5.5,28.5,12.523823
9,stroke,2073.6345,9.442511,,32.5,2.6386573
12,stroke,2073.6345,7.3549232,12.5,23.5,1.3826919
13,stroke,2073.6345,1.34783,27.0,27.0,0.28049845
14,stroke,2073.6345,1.0780289,,39.5,0.28516176
2,stroke,2074.86,30.97596,20.0,21.0,4.5405464
4,stroke,2074.86,22.398983,49.0,50.0,4.217257
9,stroke,2074.86,7.5418873,49.0,49.5,1.855391
12,stroke,2074.86,4.2128286,5.0,15.0,0.8726001
13,stroke,2074.86,1.2581828,28.5,29.0,0.22616754
14,stroke,2074.86,1.0625982,,40.0,0.24413559
2,stroke,2075.6655,25.92881,,25.5,7.1408596
4,stroke,2075.6655,140.03142,30.0,33.0,15.807323
9,stroke,2075.6655,8.774338,,28.0,2.1278963
12,stroke,2075.6655,10.822191,29.5,43.0,1.7763385
13,stroke,2075.6655,0.8556329,,30.5,0.21146494
14,stroke,2075.6655,0.9042963,,45.5,0.24130596
4,stroke,2076.4665,16.650509,32.5,33.0,4.1286917
9,stroke,2076.4665,9.758022,18.0,30.5,1.8296014
13,stroke,2076.4665,0.9191096,,38.0,0.27476677
14,stroke,2076.4665,0.9998399,11.5,18.5,0.21897541
2,stroke,2077.2685,30.410702,,27.0,7.6182957
4,stroke,2077.2685,91.131584,47.5,47.5,18.434755
9,stroke,2077.2685,7.4803743,32.5,33.5,1.2613498
12,stroke,2077.2685,7.9130926,37.0,48.5,1.3776284
13,stroke,2077.2685,0.98948383,,40.0,0.25388455
14,stroke,2077.2685,0.7955432,,36.5,0.18080719
2,stroke,2078.077,30.146353,,18.0,7.977229
9,stroke,2078.077,10.418131,7.5,39.5,1.6231589
12,stroke,2078.077,6.063489,36.5,43.5,0.8183628
13,stroke,2078.077,0.9699427,,39.5,0.2762998
14,stroke,2078.077,0.77334577,30.0,30.5,0.17501588
2,stroke,2079.112,30.943531,14.5,50.0,4.0609074
4,stroke,2079.112,19.666458,33.5,46.0,3.071807
9,stroke,2079.112,5.296468,39.0,40.5,1.5168765
12,stroke,2079.112,6.5211773,,27.0,1.794415
13,stroke,2079.112,1.6939386,45.5,46.0,0.25199488
14,stroke,2079.112,0.95657563,50.0,50.0,0.20175043
2,stroke,2081.155,21.4326,,44.0,6.616908
4,stroke,2081.155,17.846241,19.5,19.5,3.1747627
9,stroke,2081.155,8.815008,13.0,22.5,1.3833318
13,stroke,2081.155,1.2229235,,16.0,0.2705632
14,stroke,2081.155,1.2661443,26.0,26.5,0.24069221
2,stroke,2081.957,28.498703,,33.5,7.9704995
4,stroke,2081.957,93.55432,43.0,44.0,9.010853
9,stroke,2081.957,6.2683053,,47.5,1.7740839
13,stroke,2081.957,1.0068142,,49.0,0.2262923
14,stroke,2081.957,0.8349936,,22.5,0.2541396
2,stroke,2083.0935,11.892335,8.5,34.0,2.5132673
4,stroke,2083.0935,22.867575,49.0,50.0,2.5680203
9,stroke,2083.0935,6.6755958,36.5,37.5,1.4478176
13,stroke,2083.0935,0.95499754,,44.5,0.31095326
14,stroke,2083.0935,0.76520705,,47.0,0.24671239
2,stroke,2083.901,15.866289,7.0,47.0,3.3055031
4,stroke,2083.901,71.59256,33.0,33.5,10.782243
9,stroke,2083.901,8.144402,36.5,44.5,1.4377424
12,stroke,2083.901,5.8698163,9.5,27.5,1.0098714
13,stroke,2083.901,1.0350597,,36.5,0.2829626
14,stroke,2083.901,0.91989136,,18.5,0.2539286
2,stroke,2084.979,14.354047,5.5,29.0,3.0886047
4,stroke,2084.979,74.8743,14.5,45.0,3.645597
9,stroke,2084.979,4.3796406,5.0,43.0,1.2278879
12,stroke,2084.979,4.126575,15.0,39.5,0.79987043
13,stroke,2084.979,1.4472833,37.5,38.0,0.2670441
14,stroke,2084.979,0.68048906,,32.5,0.19629283
2,stroke,2085.7825,21.836412,23.0,38.0,4.9923763
13,stroke,2085.7825,1.0479798,,23.0,0.2269487
14,stroke,2085.7825,1.2372808,48.5,48.5,0.2588438
2,stroke,2086.662,15.410736,,43.0,4.155053
4,stroke,2086.662,16.024536,,28.0,3.4927866
9,stroke,2086.662,9.786563,35.0,35.5,1.8249266
13,stroke,2086.662,0.9053126,,36.5,0.2551251
14,stroke,2086.662,1.257534,,35.5,0.25632566
2,stroke,2087.463,37.995003,36.0,36.5,6.3358083
4,stroke,2087.463,60.83699,6.0,19.0,17.334654
12,stroke,2087.463,6.3518324,12.0,24.0,1.2681348
13,stroke,2087.463,1.4356434,21.5,22.0,0.25575566
14,stroke,2087.463,1.2921698,30.5,31.0,0.23353489
2,stroke,2088.2645,17.211943,,31.0,4.2293315
4,stroke,2088.2645,42.675617,,34.5,11.861663
9,stroke,2088.2645,7.8707123,41.0,42.0,2.4018826
12,stroke,2088.2645,6.3029695,7.0,15.0,1.5969726
13,stroke,2088.2645,1.141562,11.5,18.0,0.22180244
14,stroke,2088.2645,0.82897305,,37.0,0.22987375
2,stroke,2089.0655,25.059858,21.5,27.0,4.1168942
9,stroke,2089.0655,6.3565373,,35.5,2.1048865
12,stroke,2089.0655,10.338161,18.0,35.0,0.9662472
13,stroke,2089.0655,0.9098717,24.5,46.5,0.21180096
14,stroke,2089.0655,0.9232043,,23.5,0.2570245
2,stroke,2089.93,9.07161,32.0,32.5,1.8394672
4,stroke,2089.93,15.706724,,38.5,3.6168373
9,stroke,2089.93,8.083784,35.5,49.0,1.5347626
12,stroke,2089.93,6.6050115,5.0,15.0,1.9836751
14,stroke,2089.93,0.85216695,,49.0,0.2273792
2,stroke,2090.733,21.278196,11.5,23.5,5.191653
4,stroke,2090.733,199.34671,26.5,30.0,14.311127
9,stroke,2090.733,8.164442,34.0,34.0,1.7457671
13,stroke,2090.733,1.142516,,27.5,0.319002
14,stroke,2090.733,1.1567457,31.0,31.5,0.25106478
4,stroke,2091.5335,133.4779,,38.5,31.390137
9,stroke,2091.5335,7.8013945,32.5,46.5,1.2424072
12,stroke,2091.5335,9.5808735,5.0,47.0,1.1291671
13,stroke,2091.5335,1.4329374,5.5,38.5,0.25132856
2,stroke,2092.341,6.4635525,,42.0,1.5567838
4,stroke,2092.341,35.394234,,42.5,9.8829975
9,stroke,2092.341,10.760731,6.5,34.0,1.3896142
13,stroke,2092.341,0.86929464,,31.0,0.20263325
14,stroke,2092.341,0.8463809,,32.0,0.2750668
4,stroke,2093.4135,21.562798,16.5,18.5,3.279958
13,stroke,2093.4135,1.2182245,6.0,27.0,0.20586197
14,stroke,2093.4135,1.1458654,50.0,50.0,0.20158948
4,stroke,2094.262,16.309685,21.5,21.5,4.484749
12,stroke,2094.262,9.483808,24.0,37.5,2.3216639
13,stroke,2094.262,1.166373,28.5,28.5,0.20237827
14,stroke,2094.262,0.87649584,6.0,50.0,0.17116596
4,stroke,2095.675,50.948112,5.0,21.0,1.446609
9,stroke,2095.675,29.06897,27.0,27.0,6.7753277
12,stroke,2095.675,92.08258,5.0,44.0,2.3900373
13,stroke,2095.675,0.85752875,,40.5,0.23105672
14,stroke,2095.675,0.7821473,,24.0,0.21008438
4,stroke,2096.601,69.184326,5.0,40.0,2.183047
9,stroke,2096.601,29.35956,16.5,43.0,5.392475
13,stroke,2096.601,1.2546493,43.5,44.0,0.19797486
14,stroke,2096.601,0.96229756,,19.0,0.22991274
2,stroke,2097.403,55.069916,18.0,22.0,8.777412
4,stroke,2097.403,231.26033,49.0,49.5,39.73275
9,stroke,2097.403,34.67511,30.0,30.0,9.714788
13,stroke,2097.403,1.0100338,,47.0,0.2605115
14,stroke,2097.403,1.2273473,45.0,45.5,0.25741467
2,stroke,2098.2305,9.300328,,18.5,2.319342
4,stroke,2098.2305,35.693295,26.5,27.0,4.675625
9,stroke,2098.2305,58.267918,32.5,33.5,6.252286
12,stroke,2098.2305,9.967075,22.0,31.5,0.9319851
13,stroke,2098.2305,1.0793849,,19.0,0.25395063
14,stroke,2098.2305,0.90244716,,23.5,0.21465883
2,stroke,2099.0315,14.325693,,18.5,4.7094975
4,stroke,2099.0315,137.98288,9.5,48.0,14.448237
12,stroke,2099.0315,13.626413,8.0,15.0,1.4581208
13,stroke,2099.0315,1.3603165,45.0,45.0,0.23100294
14,stroke,2099.0315,1.0179938,10.0,37.5,0.28509066
2,stroke,2099.832,70.99391,46.0,46.5,12.989111
4,stroke,2099.832,234.11844,41.5,42.0,37.033703
9,stroke,2099.832,40.989353,38.0,38.0,8.851303
12,stroke,2099.832,10.497149,29.5,31.0,2.1975079
13,stroke,2099.832,1.1990309,,48.0,0.2964336
14,stroke,2099.832,0.88173497,,22.5,0.29193494
2,stroke,2100.6335,18.80698,,41.5,4.0095663
13,stroke,2100.6335,1.681894,14.0,21.5,0.21486455
14,stroke,2100.6335,1.0058383,,26.0,0.23953317
2,stroke,2101.436,37.24723,,30.0,11.940427
9,stroke,2101.436,69.69108,39.5,40.0,14.58344
13,stroke,2101.436,0.8417548,,32.5,0.2594269
14,stroke,2101.436,0.8899838,,21.0,0.2417698
2,stroke,2102.2395,30.52841,,27.5,8.035605
4,stroke,2102.2395,230.20184,31.0,31.5,49.529106
9,stroke,2102.2395,43.23073,12.5,33.0,9.607822
12,stroke,2102.2395,5.0900064,5.0,49.0,1.5414382
13,stroke,2102.2395,1.1414545,,31.5,0.30218917
14,stroke,2102.2395,1.2689859,,38.5,0.25797287
2,stroke,2103.04,20.278393,,17.5,5.6163316
4,stroke,2103.04,123.89334,40.0,40.0,29.899672
9,stroke,2103.04,31.155872,9.5,50.0,9.37906
13,stroke,2103.04,0.9385362,,46.0,0.24896102
14,stroke,2103.04,0.82968426,5.0,22.0,0.21586934
2,stroke,2103.843,36.944,10.0,38.0,6.9978743
4,stroke,2103.843,333.277,44.0,44.5,57.17877
9,stroke,2103.843,31.298054,11.5,24.5,5.9728065
13,stroke,2103.843,0.85063255,,38.0,0.23268531
14,stroke,2103.843,0.7925408,,17.5,0.24938372
2,stroke,2104.647,16.087296,5.0,26.0,3.5256724
4,stroke,2104.647,84.57813,32.5,35.0,14.520421
9,stroke,2104.647,48.98333,15.5,16.5,6.782196
12,stroke,2104.647,7.226744,10.0,38.5,0.6768341
13,stroke,2104.647,1.2272098,17.5,18.0,0.2718956
14,stroke,2104.647,0.98626626,,19.5,0.29751343
2,stroke,2105.4475,40.143658,9.5,47.0,3.9743042
4,stroke,2105.4475,289.91946,,42.5,62.54482
9,stroke,2105.4475,44.872227,28.0,28.5,7.3797255
12,stroke,2105.4475,2.7688546,7.5,20.0,0.6068724
14,stroke,2105.4475,0.91576123,,15.5,0.28438056
9,stroke,2106.249,23.429268,,28.0,6.3656116
12,stroke,2106.249,6.7148333,7.5,15.5,1.5365808
14,stroke,2106.249,1.2799013,,36.0,0.3227086
4,stroke,2107.05,333.1753,23.0,23.0,56.76793
12,stroke,2107.05,8.27115,31.5,43.5,1.9171458
13,stroke,2107.05,1.0206618,15.0,15.0,0.21093781
14,stroke,2107.05,0.854339,,43.5,0.27413368
2,stroke,2107.8525,24.010422,,15.0,5.689128
4,stroke,2107.8525,291.46973,5.0,36.5,66.01272
9,stroke,2107.8525,30.60358,,33.5,9.883203
12,stroke,2107.8525,6.7708497,,41.0,1.8452767
13,stroke,2107.8525,1.2186794,,35.5,0.3055513
14,stroke,2107.8525,1.1506107,32.0,32.0,0.22206408
2,stroke,2108.654,17.500153,,50.0,4.8947268
4,stroke,2108.654,198.7625,5.5,35.5,15.276587
9,stroke,2108.654,46.273487,44.0,49.5,5.3084393
12,stroke,2108.654,7.3178244,5.0,18.0,0.8279076
13,stroke,2108.654,1.244972,,43.5,0.3198767
14,stroke,2108.654,1.2971892,37.5,38.5,0.193374
2,stroke,2109.4585,29.938416,34.0,34.0,5.861229
9,stroke,2109.4585,21.954668,13.5,19.5,6.1329713
12,stroke,2109.4585,9.693043,12.0,21.0,1.2467483
13,stroke,2109.4585,1.3069787,18.5,18.5,0.26041153
14,stroke,2109.4585,1.2484113,50.0,50.0,0.2868829
2,stroke,2110.2615,31.164124,48.0,48.5,4.491921
4,stroke,2110.2615,228.7945,36.0,39.5,20.270132
9,stroke,2110.2615,41.162632,,19.5,9.85707
13,stroke,2110.2615,1.126256,,35.5,0.3298546
14,stroke,2110.2615,0.9708448,30.5,31.0,0.19394498
2,stroke,2111.0625,54.72264,44.0,44.5,9.614088
4,stroke,2111.0625,185.71217,21.5,22.0,33.474422
9,stroke,2111.0625,42.692894,7.5,48.0,6.7700024
12,stroke,2111.0625,3.9204586,5.5,37.0,0.72809213
14,stroke,2111.0625,1.3112736,,37.0,0.32523
2,stroke,2111.8685,12.075043,,19.0,4.01702
4,stroke,2111.8685,140.3345,,31.5,30.618357
9,stroke,2111.8685,34.111244,,23.5,8.912876
12,stroke,2111.8685,5.8442965,5.0,16.0,1.0751883
13,stroke,2111.8685,1.0764397,44.5,45.0,0.21786156
14,stroke,2111.8685,1.0225419,,25.0,0.26584327
2,stroke,2112.669,16.648735,,25.5,4.777574
4,stroke,2112.669,206.82782,42.5,43.0,33.666195
9,stroke,2112.669,33.134663,,48.0,9.028174
12,stroke,2112.669,5.6521025,25.5,44.5,1.1681712
13,stroke,2112.669,1.4154034,15.0,15.5,0.21970183
14,stroke,2112.669,1.419832,15.0,15.5,0.23312573
2,stroke,2113.4725,35.46264,40.5,41.0,9.310785
9,stroke,2113.4725,41.645763,15.5,16.0,9.338768
12,stroke,2113.4725,8.505486,19.5,21.5,1.7616106
13,stroke,2113.4725,1.0773091,,41.5,0.27546573
14,stroke,2113.4725,0.8704849,36.5,36.5,0.26610067
2,stroke,2114.274,15.513226,5.5,16.5,4.22392
4,stroke,2114.274,263.7334,7.5,34.5,56.028904
13,stroke,2114.274,0.8751863,,41.5,0.2702076
14,stroke,2114.274,0.95344317,8.0,38.5,0.20752798
2,stroke,2115.0775,18.452757,,23.0,4.8775496
4,stroke,2115.0775,82.29212,,26.0,25.040613
9,stroke,2115.0775,51.18392,,38.5,14.631199
12,stroke,2115.0775,3.8521473,10.5,35.5,0.7619685
13,stroke,2115.0775,1.2039397,24.0,26.0,0.1592613
14,stroke,2115.0775,0.91017026,,30.5,0.21264856
2,stroke,2116.149,19.505386,48.5,49.5,4.120755
9,stroke,2116.149,64.61296,21.5,22.5,8.9323015
12,stroke,2116.149,4.4730496,27.0,28.5,0.6000987
13,stroke,2116.149,1.399894,36.5,37.0,0.22690226
14,stroke,2116.149,0.9390497,,36.5,0.25512648
2,stroke,2116.9505,40.365406,7.5,15.5,4.3414326
4,stroke,2116.9505,365.18378,12.5,16.5,60.29071
9,stroke,2116.9505,41.751945,42.0,42.0,8.985501
12,stroke,2116.9505,6.4900503,5.0,34.0,1.6620822
13,stroke,2116.9505,0.97844136,,45.5,0.22396636
14,stroke,2116.9505,1.2122824,45.0,45.5,0.19457933
2,stroke,2117.7685,4.673993,,20.0,1.3240663
9,stroke,2117.7685,37.654446,34.5,34.5,8.462852
12,stroke,2117.7685,3.7386737,11.5,36.0,1.1676176
13,stroke,2117.7685,0.983492,7.5,41.5,0.23974176
14,stroke,2117.7685,1.1689878,12.0,33.5,0.2480294
2,stroke,2118.574,10.04306,30.0,30.0,2.7251654
4,stroke,2118.574,87.3401,5.0,42.5,8.083977
12,stroke,2118.574,76.48807,26.0,30.0,2.389214
13,stroke,2118.574,1.1852169,,45.0,0.29635242
14,stroke,2118.574,1.4122851,10.0,45.0,0.21013172
2,stroke,2119.3755,11.17808,,31.5,3.6421618
4,stroke,2119.3755,69.76906,9.0,15.0,14.71764
9,stroke,2119.3755,33.464035,16.5,35.5,5.6492357
12,stroke,2119.3755,8.50421,11.0,31.0,2.7713943
13,stroke,2119.3755,1.3989358,32.5,33.0,0.2664404
14,stroke,2119.3755,1.1698313,8.5,43.5,0.2214914
4,stroke,2120.6805,49.098637,5.0,34.0,3.36965
9,stroke,2120.6805,27.116104,,31.0,7.435134
12,stroke,2120.6805,9.159901,11.5,19.0,1.4907373
13,stroke,2120.6805,1.2109234,34.5,34.5,0.2272947
14,stroke,2120.6805,1.0578424,5.0,24.0,0.22954786
2,stroke,2121.482,19.469292,23.0,23.5,3.438544
4,stroke,2121.482,177.68196,32.0,32.5,29.69553
9,stroke,2121.482,28.096771,27.0,27.0,6.253601
12,stroke,2121.482,7.891494,5.0,16.0,1.2863877
13,stroke,2121.482,1.0761834,23.5,23.5,0.23247589
14,stroke,2121.482,0.72141016,,15.0,0.22256298
2,stroke,2122.7995,15.773863,28.5,30.0,1.5841782
4,stroke,2122.7995,75.03644,6.5,40.5,5.6565843
9,stroke,2122.7995,27.807358,,50.0,7.061507
12,stroke,2122.7995,8.849735,14.0,16.0,1.1230478
13,stroke,2122.7995,0.971366,,21.0,0.25987232
14,stroke,2122.7995,1.037349,33.5,34.0,0.21754903
2,stroke,2123.6,11.806105,,40.5,2.7136993
4,stroke,2123.6,233.15706,34.5,34.5,50.72152
9,stroke,2123.6,44.331375,27.0,28.0,4.9466844
13,stroke,2123.6,0.99611205,16.0,16.0,0.22404966
14,stroke,2123.6,1.0392202,19.0,19.5,0.20588934
2,stroke,2124.4265,6.706087,6.0,23.5,2.1952548
4,stroke,2124.4265,22.596256,7.5,37.5,5.7359657
9,stroke,2124.4265,25.737043,44.5,45.5,4.050851
12,stroke,2124.4265,7.112301,6.0,21.5,1.1125165
13,stroke,2124.4265,1.155812,21.5,22.0,0.15497789
14,stroke,2124.4265,0.8892803,,45.0,0.20532496
2,stroke,2125.2285,9.062543,19.0,28.0,2.1166856
4,stroke,2125.2285,125.18381,48.5,49.0,23.26132
9,stroke,2125.2285,24.497686,41.0,41.5,4.0619507
12,stroke,2125.2285,5.920247,5.0,15.0,1.8147192
13,stroke,2125.2285,0.895679,,42.0,0.26057717
2,stroke,2126.0295,17.741486,45.5,46.5,2.612813
4,stroke,2126.0295,174.21593,20.5,20.5,36.47448
9,stroke,2126.0295,14.42992,8.5,16.0,3.5891488
13,stroke,2126.0295,0.9558238,,39.0,0.21008438
14,stroke,2126.0295,1.388475,32.0,48.5,0.22313723
2,stroke,2126.83,9.330677,,27.5,2.2155352
4,stroke,2126.83,135.12709,,27.5,39.586395
9,stroke,2126.83,12.7795725,,33.0,3.4374871
13,stroke,2126.83,1.4655526,36.5,37.0,0.2863642
14,stroke,2126.83,0.9915813,,32.5,0.31738475
2,stroke,2127.647,5.8045907,21.5,22.0,1.6197033
9,stroke,2127.647,8.7091675,,46.5,2.5271456
12,stroke,2127.647,8.118007,32.0,46.5,0.95230114
14,stroke,2127.647,1.101593,39.5,39.5,0.22759579
2,stroke,2128.453,10.44664,37.5,41.5,2.517461
4,stroke,2128.453,78.08053,23.0,23.5,14.3014765
9,stroke,2128.453,27.594873,,48.5,8.40517
12,stroke,2128.453,5.657951,6.5,24.5,1.269153
13,stroke,2128.453,1.1151971,,47.0,0.25560036
14,stroke,2128.453,1.1372075,,49.5,0.3550116
2,stroke,2129.2555,15.017289,,44.0,3.7451665
9,stroke,2129.2555,40.27874,,41.5,8.207546
12,stroke,2129.2555,7.326238,12.5,50.0,1.236832
13,stroke,2129.2555,0.7451239,,20.5,0.23440883
14,stroke,2129.2555,1.1169319,,50.0,0.2413318
2,stroke,2130.0565,8.957061,27.0,28.0,1.4511122
4,stroke,2130.0565,47.81468,5.0,37.5,12.225823
9,stroke,2130.0565,26.318924,35.0,35.0,5.164557
12,stroke,2130.0565,10.227673,15.5,17.5,1.4747947
13,stroke,2130.0565,1.4215126,44.5,44.5,0.30191296
14,stroke,2130.0565,1.2104139,49.5,50.0,0.2595434
2,stroke,2130.859,10.836017,,16.5,2.9402251
9,stroke,2130.859,21.943012,,34.0,5.78434
12,stroke,2130.859,6.9867783,5.0,32.0,1.4896004
13,stroke,2130.859,1.1986225,27.0,27.5,0.25968006
14,stroke,2130.859,1.170529,40.0,41.0,0.19234419
2,stroke,2131.6615,11.745116,17.0,17.0,2.2390285
4,stroke,2131.6615,92.48799,16.5,17.0,13.594567
9,stroke,2131.6615,27.14694,,25.0,6.7061486
12,stroke,2131.6615,7.5359697,26.5,39.5,1.7319666
13,stroke,2131.6615,0.97968435,14.0,15.0,0.24966216
4,stroke,2132.494,50.135498,5.5,49.5,10.238014
9,stroke,2132.494,31.210398,27.0,27.0,7.0444093
12,stroke,2132.494,6.017382,45.0,48.5,1.4885652
13,stroke,2132.494,0.8898747,,24.0,0.27921423
14,stroke,2132.494,0.8945811,5.5,47.0,0.26334333
2,stroke,2133.3085,8.309719,44.0,44.5,2.0392964
4,stroke,2133.3085,30.797863,13.5,39.0,2.7206144
9,stroke,2133.3085,24.651138,47.0,50.0,2.3489716
13,stroke,2133.3085,1.1516181,,26.5,0.26746312
14,stroke,2133.3085,1.0506613,,17.0,0.25750607
4,stroke,2134.464,37.16206,33.5,37.0,4.3852134
9,stroke,2134.464,9.68621,39.5,40.0,2.1921883
12,stroke,2134.464,11.93128,16.5,20.0,2.488996
13,stroke,2134.464,1.1982772,,15.5,0.2597555
14,stroke,2134.464,1.1851811,23.0,23.5,0.254389
2,stroke,2135.266,11.532728,20.0,21.0,1.884086
4,stroke,2135.266,61.65085,5.5,23.0,8.109747
9,stroke,2135.266,9.754109,36.5,37.5,2.1916382
12,stroke,2135.266,4.576574,5.0,15.5,0.8126192
13,stroke,2135.266,0.8818579,,42.5,0.26675394
14,stroke,2135.266,1.0284548,,28.0,0.25045732
4,stroke,2136.2755,32.50924,10.5,30.5,2.9185953
9,stroke,2136.2755,10.122414,8.5,43.0,2.1350968
12,stroke,2136.2755,5.8822503,5.0,49.5,1.1006204
13,stroke,2136.2755,1.0456753,14.0,29.0,0.24504457
4,stroke,2137.0765,98.33545,,19.0,23.061615
9,stroke,2137.0765,11.596512,,38.0,3.10287
13,stroke,2137.0765,1.2298751,40.0,40.5,0.20821238
14,stroke,2137.0765,1.3266622,25.0,25.5,0.23962955
2,stroke,2138.048,272.19257,5.0,20.5,1.217867
4,stroke,2138.048,60.39481,5.0,20.5,2.0589385
9,stroke,2138.048,47.657585,5.0,20.5,3.5786915
12,stroke,2138.048,41.50251,5.0,21.0,1.3451382
13,stroke,2138.048,0.9731146,,25.0,0.32167476
2,stroke,2138.849,14.561058,25.5,26.5,2.854912
4,stroke,2138.849,109.90508,33.0,33.0,22.195526
9,stroke,2138.849,10.093655,43.5,44.0,2.7008157
13,stroke,2138.849,1.512626,44.0,44.5,0.2833055
14,stroke,2138.849,1.1107042,20.0,21.0,0.14250746
2,stroke,2139.8385,4.3181286,32.5,32.5,1.1136117
4,stroke,2139.8385,14.581125,8.5,35.5,3.7160404
9,stroke,2139.8385,7.894854,41.0,41.0,1.7469575
12,stroke,2139.8385,7.1338906,5.0,39.5,1.3167351
13,stroke,2139.8385,0.91250515,,37.5,0.28337926
14,stroke,2139.8385,0.9996788,35.0,35.0,0.19377312
2,stroke,2140.64,9.118797,,37.5,2.2288413
4,stroke,2140.64,175.99252,23.0,24.0,31.36254
9,stroke,2140.64,8.606367,,49.0,2.5969265
12,stroke,2140.64,9.208705,,28.0,2.8909287
13,stroke,2140.64,1.3668737,24.5,25.0,0.17274714
14,stroke,2140.64,0.9745218,,35.5,0.31041536
4,stroke,2141.441,185.48358,45.5,49.0,14.215648
9,stroke,2141.441,11.754544,46.5,47.5,2.0984786
13,stroke,2141.441,0.7720611,,20.5,0.2471773
14,stroke,2141.441,0.87065077,12.5,35.0,0.24755861
2,stroke,2142.251,264.37872,5.0,21.0,0.72260106
4,stroke,2142.251,63.865833,5.0,20.5,2.8343058
9,stroke,2142.251,41.23704,5.0,20.5,2.0561295
12,stroke,2142.251,36.017063,5.0,21.5,1.8348821
13,stroke,2142.251,1.3084812,18.5,18.5,0.2626754
14,stroke,2142.251,1.0095667,,24.0,0.22092664
2,stroke,2143.052,28.008762,5.0,21.0,2.2519925
4,stroke,2143.052,120.465645,,29.5,36.683323
9,stroke,2143.052,7.4989967,,15.5,2.4112184
12,stroke,2143.052,7.451007,,16.0,2.2407744
14,stroke,2143.052,0.79605675,,44.5,0.17328681
2,stroke,2144.4845,239.13597,5.0,20.5,0.9383151
4,stroke,2144.4845,54.459995,5.0,20.0,3.099673
9,stroke,2144.4845,37.256798,5.0,19.5,1.4903133
12,stroke,2144.4845,35.35098,5.0,21.0,2.071524
13,stroke,2144.4845,0.84460723,,41.5,0.20875159
14,stroke,2144.4845,0.94422805,,31.5,0.25568146
2,stroke,2145.286,9.601051,16.5,27.5,1.82533
4,stroke,2145.286,130.2258,,48.5,34.121796
9,stroke,2145.286,14.2595625,21.0,38.0,1.9994231
12,stroke,2145.286,8.610933,15.0,48.0,0.98078483
13,stroke,2145.286,0.72741336,7.0,48.0,0.23390532
14,stroke,2145.286,1.3140984,39.5,39.5,0.24072331
2,stroke,2146.6115,6.548871,36.5,38.0,1.2644335
4,stroke,2146.6115,28.983742,16.0,24.5,3.2156157
9,stroke,2146.6115,13.995497,47.0,48.0,2.1771495
12,stroke,2146.6115,7.5990014,19.5,33.0,1.4225082
13,stroke,2146.6115,0.8293228,,49.5,0.19061014
14,stroke,2146.6115,1.3339549,10.5,49.5,0.27425385
4,stroke,2147.4165,83.45369,33.5,34.0,12.180448
9,stroke,2147.4165,10.062273,24.0,25.0,2.1480768
12,stroke,2147.4165,3.8679461,14.0,15.5,0.87599134
13,stroke,2147.4165,1.1883543,6.0,45.0,0.23783842
14,stroke,2147.4165,1.3230752,16.5,16.5,0.25181732
2,stroke,2148.2215,7.635772,35.0,35.0,1.493361
4,stroke,2148.2215,127.187744,30.5,34.5,4.6716285
9,stroke,2148.2215,9.1619835,15.0,49.5,1.8334378
13,stroke,2148.2215,1.176784,23.0,28.5,0.16305178
14,stroke,2148.2215,1.2220452,24.5,25.0,0.21966559
4,stroke,2149.679,19.11377,5.0,49.5,2.6703234
9,stroke,2149.679,6.6003757,26.0,26.5,1.6795344
12,stroke,2149.679,7.203391,17.5,31.0,0.92553294
14,stroke,2149.679,1.1625456,40.0,40.5,0.21328332
4,stroke,2150.4795,221.28339,6.5,15.0,46.43819
9,stroke,2150.4795,8.159843,,48.0,2.5799162
12,stroke,2150.4795,4.3549895,12.0,32.5,1.1101682
13,stroke,2150.4795,0.9319134,5.0,29.5,0.20731053
14,stroke,2150.4795,0.91749907,,42.0,0.28200275
2,stroke,2151.5715,5.692724,37.0,45.0,1.3796695
4,stroke,2151.5715,16.46784,8.0,43.0,2.8542314
9,stroke,2151.5715,8.383423,43.5,44.0,2.3584394
13,stroke,2151.5715,0.88975614,47.5,47.5,0.20384909
14,stroke,2151.5715,0.955013,,22.0,0.28414607
4,stroke,2152.38,60.178703,35.5,35.5,12.180095
9,stroke,2152.38,9.294155,,21.0,2.9443543
12,stroke,2152.38,9.762758,28.5,40.0,3.0181592
13,stroke,2152.38,1.0916762,11.0,30.5,0.2129278
14,stroke,2152.38,1.0627728,11.5,19.5,0.2107103
2,stroke,2153.181,11.400384,8.0,48.0,1.1504539
4,stroke,2153.181,175.75864,9.5,48.5,19.76961
9,stroke,2153.181,10.5216465,21.0,21.5,2.3038092
12,stroke,2153.181,10.171214,5.5,42.5,0.84443074
13,stroke,2153.181,0.854144,6.0,46.0,0.22080177
14,stroke,2153.181,0.9551216,,39.5,0.28322902
2,stroke,2153.982,6.7207985,5.0,29.0,1.7250584
4,stroke,2153.982,121.72447,27.0,27.5,21.925177
9,stroke,2153.982,10.033224,49.0,50.0,2.2593148
13,stroke,2153.982,1.0814431,,47.5,0.30218625
14,stroke,2153.982,1.3882569,18.5,19.0,0.22469482
2,stroke,2154.7825,6.699197,,44.5,1.8970307
4,stroke,2154.7825,20.490017,29.5,30.0,3.2698607
12,stroke,2154.7825,8.844665,16.5,50.0,1.2874526
13,stroke,2154.7825,0.95591426,,35.5,0.2356403
14,stroke,2154.7825,0.77579725,7.0,27.0,0.23934759
2,stroke,2155.5845,6.276972,,24.0,1.6017885
4,stroke,2155.5845,322.95703,38.0,42.5,32.50157
9,stroke,2155.5845,12.073643,15.0,44.5,1.7184607
12,stroke,2155.5845,5.261627,,31.0,1.2428648
13,stroke,2155.5845,1.2719197,,43.5,0.28315735
14,stroke,2155.5845,0.8673333,44.5,44.5,0.16978246
2,stroke,2156.7635,7.18417,31.0,32.0,1.7107443
4,stroke,2156.7635,22.927076,13.5,19.5,2.6497626
9,stroke,2156.7635,8.313986,16.0,17.0,1.3895305
12,stroke,2156.7635,8.807816,47.5,48.0,2.6759124
13,stroke,2156.7635,1.1862648,21.5,21.5,0.2296664
14,stroke,2156.7635,0.81804395,,44.5,0.27261224
2,stroke,2157.566,6.6249523,9.0,46.0,1.6012508
9,stroke,2157.566,9.482227,8.0,50.0,1.3135976
13,stroke,2157.566,1.1489439,27.0,27.0,0.21930614
14,stroke,2157.566,1.0437611,,27.5,0.29663253
4,stroke,2158.449,16.560501,34.5,35.0,3.679122
9,stroke,2158.449,7.32917,20.0,20.0,1.8041172
12,stroke,2158.449,7.987047,5.0,15.0,1.2692231
13,stroke,2158.449,1.0685614,,32.5,0.26088196
14,stroke,2158.449,1.2944591,45.0,45.5,0.2131576
2,stroke,2159.2495,5.6710596,,32.5,1.5722703
4,stroke,2159.2495,66.12126,25.5,26.5,8.632045
9,stroke,2159.2495,6.3233204,,50.0,1.6393033
13,stroke,2159.2495,1.3393549,,44.0,0.27439752
14,stroke,2159.2495,1.1549308,16.0,17.0,0.2263462
2,stroke,2160.0525,11.620182,,50.0,3.467785
4,stroke,2160.0525,54.83571,,19.0,14.505117
9,stroke,2160.0525,8.571086,18.0,19.0,1.8966136
12,stroke,2160.0525,10.487007,,50.0,3.37135
13,stroke,2160.0525,1.2249885,,35.0,0.2884775
14,stroke,2160.0525,1.3397048,17.0,17.0,0.27393243
2,stroke,2160.853,9.630543,41.0,41.5,2.0432024
4,stroke,2160.853,176.58652,21.5,25.0,20.663345
9,stroke,2160.853,10.381578,19.5,21.0,2.2278867
12,stroke,2160.853,6.654397,,36.5,1.4479738
13,stroke,2160.853,1.1253202,,24.0,0.29244152
14,stroke,2160.853,1.1479303,40.0,40.5,0.2663482
13,stroke,2161.6705,0.8693278,,47.5,0.25158703
14,stroke,2161.6705,1.1304693,35.5,35.5,0.22395156
2,stroke,2162.471,8.856509,9.5,48.0,2.1704025
4,stroke,2162.471,471.4898,9.5,36.5,21.540462
9,stroke,2162.471,16.49038,13.0,50.0,1.748895
13,stroke,2162.471,1.3148708,25.5,26.0,0.26325974
14,stroke,2162.471,0.89398485,,16.5,0.24673283
2,stroke,2163.2715,12.655494,8.0,21.0,1.893893
4,stroke,2163.2715,390.05823,16.0,19.5,35.209564
12,stroke,2163.2715,12.087468,6.5,16.5,0.8804693
13,stroke,2163.2715,1.0298321,5.0,19.5,0.20964697
14,stroke,2163.2715,1.1624801,37.5,45.0,0.22579384
4,stroke,2164.385,23.47501,5.0,48.5,4.5894246
9,stroke,2164.385,10.602936,34.0,35.0,1.8127671
12,stroke,2164.385,5.2022905,12.5,22.5,1.1334531
13,stroke,2164.385,0.9171315,29.5,50.0,0.16819367
14,stroke,2164.385,0.9677044,,26.0,0.2188183
2,stroke,2165.187,10.02675,16.5,29.0,1.8284156
4,stroke,2165.187,289.19244,27.0,28.0,36.35874
9,stroke,2165.187,13.223507,11.0,47.0,1.7645926
12,stroke,2165.187,6.6907897,,36.5,2.1363854
13,stroke,2165.187,1.0572585,,35.0,0.2636644
14,stroke,2165.187,1.1653602,,45.5,0.2533979
2,stroke,2166.0335,8.741655,5.0,15.0,1.0346333
4,stroke,2166.0335,38.247696,21.0,50.0,5.9867916
9,stroke,2166.0335,5.814956,6.0,41.5,1.258632
12,stroke,2166.0335,6.353697,5.0,22.0,0.6092316
13,stroke,2166.0335,1.0050135,37.0,37.5,0.21010846
14,stroke,2166.0335,1.15798,,39.5,0.26451817
2,stroke,2166.835,13.319882,13.0,48.0,2.0077033
4,stroke,2166.835,502.88824,26.5,27.0,60.405754
9,stroke,2166.835,10.134524,45.5,45.5,2.038433
13,stroke,2166.835,0.95082045,16.0,16.0,0.19342981
14,stroke,2166.835,1.022573,,47.5,0.2252302
2,stroke,2167.6365,6.8322845,,48.5,1.758492
9,stroke,2167.6365,8.931751,22.5,24.5,1.4897599
12,stroke,2167.6365,3.6107373,5.0,48.5,0.9378889
13,stroke,2167.6365,1.2510655,21.0,21.5,0.23588674
14,stroke,2167.6365,1.4419512,15.5,16.0,0.2417968
2,stroke,2168.437,4.9865437,7.5,28.5,1.0823834
4,stroke,2168.437,152.52625,26.5,30.0,19.393064
9,stroke,2168.437,7.617835,6.0,41.5,1.5413672
12,stroke,2168.437,7.606857,5.0,18.5,1.3041679
13,stroke,2168.437,1.3107331,15.5,15.5,0.27582777
14,stroke,2168.437,1.2938538,36.0,36.5,0.24537355
2,stroke,2169.2385,11.5757675,26.5,42.5,1.7038715
4,stroke,2169.2385,148.21384,23.5,24.0,25.613241
9,stroke,2169.2385,7.3978615,,30.5,1.7734053
12,stroke,2169.2385,4.695976,7.0,16.0,1.0630282
13,stroke,2169.2385,0.7509083,,48.5,0.22345123
14,stroke,2169.2385,1.2371459,18.0,42.5,0.1682272
4,stroke,2170.0395,136.72214,23.0,23.5,28.326302
12,stroke,2170.0395,6.629369,31.0,37.5,1.1457816
13,stroke,2170.0395,1.4095759,30.5,31.5,0.20814167
14,stroke,2170.0395,0.9489126,8.5,49.5,0.2633531
2,stroke,2170.8405,10.3006525,,17.5,2.6443462
4,stroke,2170.8405,258.435,32.5,36.0,25.343153
9,stroke,2170.8405,6.5830116,13.5,47.5,1.6518698
12,stroke,2170.8405,4.5322905,12.0,16.0,0.83098495
13,stroke,2170.8405,1.277663,40.0,40.5,0.30517992
14,stroke,2170.8405,0.9144275,,24.5,0.21044436
2,stroke,2171.642,5.8915706,,41.0,1.5258725
4,stroke,2171.642,247.00845,,46.5,59.748325
9,stroke,2171.642,8.392191,22.5,22.5,1.8387449
12,stroke,2171.642,9.818705,15.5,27.0,1.363582
13,stroke,2171.642,0.9909389,,33.5,0.31653714
14,stroke,2171.642,1.245231,8.0,47.0,0.23691551
2,stroke,2172.451,7.0954537,,50.0,1.861771
4,stroke,2172.451,178.64803,39.0,39.5,27.042316
9,stroke,2172.451,6.0483003,27.5,27.5,1.6246984
13,stroke,2172.451,1.3109521,30.5,30.5,0.2996786
14,stroke,2172.451,1.2964213,20.0,21.0,0.20875457
2,stroke,2173.2835,6.599313,5.5,18.0,1.4833196
4,stroke,2173.2835,21.18217,41.0,41.5,3.550649
12,stroke,2173.2835,6.221163,5.0,25.0,0.90466297
13,stroke,2173.2835,1.0015342,,22.5,0.2585039
14,stroke,2173.2835,1.166738,,35.0,0.28480858
2,stroke,2174.087,7.42113,35.0,35.5,1.5276467
4,stroke,2174.087,312.0374,33.5,34.0,50.786747
9,stroke,2174.087,6.366505,29.5,47.5,1.3353608
13,stroke,2174.087,1.0182554,,26.5,0.25370017
14,stroke,2174.087,0.8821981,,30.5,0.22156925
2,stroke,2174.8875,10.399416,,31.0,2.7655904
9,stroke,2174.8875,7.3969407,47.5,49.0,1.5149711
12,stroke,2174.8875,8.883733,11.0,22.0,2.1177664
13,stroke,2174.8875,1.2149534,41.5,42.0,0.17194657
14,stroke,2174.8875,1.0290155,,30.5,0.2801576
2,stroke,2175.7725,6.786092,35.5,36.0,1.1601702
4,stroke,2175.7725,11.161488,,15.0,3.372279
9,stroke,2175.7725,8.456198,15.5,16.5,1.1456032
13,stroke,2175.7725,1.0624335,,35.0,0.23361868
2,stroke,2176.5755,6.5103636,45.5,46.0,1.7847115
4,stroke,2176.5755,370.5504,34.0,34.5,47.643562
9,stroke,2176.5755,8.61466,39.5,40.5,1.4397312
12,stroke,2176.5755,6.4296455,6.0,26.0,1.0749543
14,stroke,2176.5755,1.2483501,20.0,20.5,0.23786259
4,stroke,2177.5565,15.591727,22.5,23.0,3.1599758
9,stroke,2177.5565,4.4788303,13.0,34.5,1.2686969
13,stroke,2177.5565,1.3051875,15.0,41.5,0.23380803
14,stroke,2177.5565,0.9945662,46.0,46.0,0.25941694
2,stroke,2178.3585,5.063445,34.0,34.5,1.3770214
4,stroke,2178.3585,191.56902,,36.5,41.687836
9,stroke,2178.3585,6.721754,44.0,45.0,1.3158017
12,stroke,2178.3585,4.888168,5.0,38.5,1.3059474
13,stroke,2178.3585,1.0768595,10.0,22.5,0.18767607
14,stroke,2178.3585,1.1191236,27.0,27.5,0.21097478
4,stroke,2179.1645,46.155014,46.5,50.0,6.4693065
9,stroke,2179.1645,4.8954515,5.5,40.0,1.355862
12,stroke,2179.1645,6.4514856,24.0,28.5,1.1787807
13,stroke,2179.1645,1.3071258,42.0,42.5,0.20722179
2,stroke,2180.1955,6.1147017,,31.5,1.5128449
4,stroke,2180.1955,17.620222,18.5,18.5,4.0407944
9,stroke,2180.1955,5.66341,,15.0,1.6672442
12,stroke,2180.1955,9.313276,5.0,23.0,1.3564799
13,stroke,2180.1955,0.98358876,,36.5,0.28873342
14,stroke,2180.1955,1.2983067,26.5,27.0,0.20822784
2,stroke,2180.997,5.299918,,30.5,1.6368669
4,stroke,2180.997,31.507967,5.5,16.5,4.493021
9,stroke,2180.997,8.876578,26.0,50.0,1.8309702
12,stroke,2180.997,8.345629,13.0,22.5,1.4797913
13,stroke,2180.997,1.3090506,49.0,49.5,0.25212702
14,stroke,2180.997,0.971952,46.5,47.0,0.22236143
2,stroke,2181.802,6.807069,,17.5,2.1307209
4,stroke,2181.802,139.71092,8.0,28.5,8.349736
9,stroke,2181.802,5.7401342,18.0,18.0,1.1815735
12,stroke,2181.802,10.616873,5.0,15.0,0.98569506
13,stroke,2181.802,1.1092784,,46.0,0.27642396
14,stroke,2181.802,1.0366381,33.5,33.5,0.23528431
2,stroke,2182.616,6.144034,6.5,42.5,0.78853476
4,stroke,2182.616,21.905724,36.5,37.0,3.4533916
9,stroke,2182.616,7.235038,44.5,50.0,1.5096949
12,stroke,2182.616,10.216296,15.5,16.5,2.3729014
13,stroke,2182.616,1.0124123,,49.0,0.22110556
14,stroke,2182.616,1.1994274,,41.0,0.25544617
2,stroke,2183.617,6.7832747,,38.0,1.4792956
4,stroke,2183.617,12.905685,11.0,17.0,2.3991168
9,stroke,2183.617,5.812113,27.0,32.5,1.3894131
12,stroke,2183.617,8.10981,35.0,49.0,2.4934545
13,stroke,2183.617,0.9404818,,41.5,0.25645405
14,stroke,2183.617,0.63859487,,19.0,0.20129162
2,stroke,2184.478,5.9876223,5.0,20.5,1.502305
4,stroke,2184.478,14.719255,39.5,40.0,2.9192376
9,stroke,2184.478,6.684926,25.5,25.5,1.8075905
13,stroke,2184.478,0.93605316,22.5,22.5,0.19762254
14,stroke,2184.478,1.0174866,,30.0,0.2549422
2,stroke,2185.279,11.624825,35.5,42.0,1.3773412
4,stroke,2185.279,205.91075,16.0,19.0,32.903294
9,stroke,2185.279,7.8648763,22.5,33.0,0.91152644
12,stroke,2185.279,5.443889,22.5,24.0,1.0404898
13,stroke,2185.279,0.99123937,,49.5,0.22802365
14,stroke,2185.279,1.053941,,25.5,0.2592151
4,stroke,2186.263,19.30261,48.5,49.5,3.5518007
9,stroke,2186.263,9.520449,14.5,15.0,1.6262822
13,stroke,2186.263,1.2626371,42.5,43.0,0.2518358
14,stroke,2186.263,0.93274707,,48.0,0.2825364
2,stroke,2187.066,4.1762066,37.5,49.0,1.0042179
4,stroke,2187.066,99.29732,7.0,15.5,28.8544
9,stroke,2187.066,5.5617228,21.5,22.0,1.1635171
14,stroke,2187.066,1.2133868,,33.0,0.31432885
2,stroke,2188.3635,5.4257317,37.5,37.5,1.0510514
4,stroke,2188.3635,10.927916,45.5,45.5,3.0974505
9,stroke,2188.3635,7.1935024,10.0,15.0,1.5223175
12,stroke,2188.3635,5.9406877,5.0,17.0,1.6717572
13,stroke,2188.3635,1.1941702,20.5,21.0,0.22329304
14,stroke,2188.3635,1.001834,21.0,21.0,0.2601731
2,stroke,2189.2705,6.4330764,,18.0,1.9811305
4,stroke,2189.2705,13.687957,16.5,17.0,2.951384
9,stroke,2189.2705,6.4717636,,41.0,1.9032053
13,stroke,2189.2705,0.8164902,,15.0,0.19536929
14,stroke,2189.2705,0.96582675,,45.0,0.27494004
2,stroke,2190.3165,4.9393616,47.0,47.0,1.1760536
4,stroke,2190.3165,14.788867,45.5,45.5,3.3815649
9,stroke,2190.3165,7.563428,16.5,37.5,1.058621
14,stroke,2190.3165,0.84212434,,27.5,0.2556605
2,stroke,2191.126,6.34873,13.0,15.0,1.5974898
4,stroke,2191.126,19.52708,,32.5,5.431805
9,stroke,2191.126,6.0381775,11.0,48.0,1.3989508
12,stroke,2191.126,5.8350296,17.0,18.0,1.2329552
13,stroke,2191.126,1.1373968,18.5,19.0,0.22390844
14,stroke,2191.126,1.1735238,42.5,43.0,0.2621714
2,stroke,2192.07,6.381069,19.0,19.5,1.430109
4,stroke,2192.07,17.833735,5.0,35.5,3.602845
9,stroke,2192.07,5.2973824,7.5,36.0,1.0643371
12,stroke,2192.07,12.217118,5.0,49.5,2.662028
13,stroke,2192.07,1.0216305,,50.0,0.27624217
14,stroke,2192.07,1.0246598,,39.5,0.27591679
2,stroke,2192.882,6.9138346,,26.5,1.9030151
4,stroke,2192.882,20.600441,14.0,15.0,2.8304188
12,stroke,2192.882,9.386974,5.0,21.5,2.371945
13,stroke,2192.882,1.3652244,43.5,43.5,0.26535952
14,stroke,2192.882,1.3333681,26.0,26.5,0.25823763
2,stroke,2193.948,6.090629,47.0,47.0,1.6423205
4,stroke,2193.948,28.031555,41.5,47.0,3.037812
9,stroke,2193.948,8.199956,23.5,24.0,1.3378085
12,stroke,2193.948,16.564934,15.5,44.5,2.2112792
13,stroke,2193.948,1.551113,,17.0,0.37009904
14,stroke,2193.948,1.6769586,9.0,23.0,0.19280164
2,stroke,2194.827,10.01948,11.5,17.0,1.4437468
4,stroke,2194.827,9.5359,19.5,20.5,1.5028307
9,stroke,2194.827,9.061283,18.0,19.0,1.5291142
13,stroke,2194.827,1.41549,41.0,41.0,0.28164765
14,stroke,2194.827,0.8954733,,38.5,0.23383678
2,stroke,2195.633,11.395254,18.0,19.0,1.8115904
4,stroke,2195.633,33.974663,,25.0,9.827566
13,stroke,2195.633,0.85405767,,50.0,0.24605805
14,stroke,2195.633,1.1974356,,42.5,0.32779342
2,stroke,2196.8345,10.873742,21.0,22.0,1.7687843
4,stroke,2196.8345,15.544982,40.0,40.5,3.0278103
9,stroke,2196.8345,5.014909,5.0,38.5,1.1481031
13,stroke,2196.8345,1.0751913,8.0,22.0,0.25145468
14,stroke,2196.8345,1.2729305,,39.0,0.2858352
2,stroke,2197.6405,8.474089,,46.5,2.275885
13,stroke,2197.6405,0.8882408,,21.0,0.27154866
14,stroke,2197.6405,1.490356,26.0,26.5,0.30816266
2,stroke,2198.8975,12.919545,,50.0,2.7351959
4,stroke,2198.8975,18.271738,41.5,42.5,4.1986346
9,stroke,2198.8975,2.958649,16.5,17.5,0.9825776
12,stroke,2198.8975,7.8724923,39.0,40.0,1.5542021
13,stroke,2198.8975,1.0923145,,28.5,0.29848942
14,stroke,2198.8975,1.3962901,16.5,41.5,0.21604727
9,stroke,2199.866,5.9820333,5.0,45.5,1.5809822
12,stroke,2199.866,28.312979,5.0,19.5,3.0292683
13,stroke,2199.866,0.8807321,,17.5,0.27293336
14,stroke,2199.866,0.7710898,,29.5,0.24726354
2,stroke,2202.4105,12.105815,40.5,41.5,2.3701372
4,stroke,2202.4105,16.78028,,15.0,3.6812742
9,stroke,2202.4105,6.6705513,26.5,50.0,1.4850817
12,stroke,2202.4105,5.408018,5.0,30.5,1.4395841
13,stroke,2202.4105,1.2350198,33.0,33.5,0.26229256
14,stroke,2202.4105,0.98477685,42.0,42.0,0.2123729
2,stroke,2203.294,15.514017,5.0,25.5,2.4270215
4,stroke,2203.294,15.713123,,50.0,4.0237017
9,stroke,2203.294,3.8617127,,49.0,1.2396089
12,stroke,2203.294,14.742269,5.0,44.5,0.85914856
13,stroke,2203.294,1.3325198,22.5,23.5,0.22516307
14,stroke,2203.294,1.0099876,,42.5,0.24207519
2,stroke,2204.1895,14.3064575,15.0,21.0,2.1792653
4,stroke,2204.1895,29.238182,37.5,40.5,3.4415987
9,stroke,2204.1895,7.8457794,38.0,39.0,1.6633307
13,stroke,2204.1895,0.9008799,,30.5,0.26160675
14,stroke,2204.1895,0.9393361,,28.5,0.20739475
9,stroke,2205.136,5.8956804,5.0,22.0,1.0501851
12,stroke,2205.136,9.253172,5.0,27.5,1.2579378
13,stroke,2205.136,1.0248721,,36.5,0.25947767
14,stroke,2205.136,1.4291354,26.0,27.0,0.19569433
2,stroke,2205.982,6.8022194,5.5,39.5,1.4892564
4,stroke,2205.982,24.78614,37.5,41.5,1.9829757
9,stroke,2205.982,6.0434027,33.5,34.0,1.2894557
13,stroke,2205.982,1.3331318,6.5,26.5,0.21085955
14,stroke,2205.982,0.9395237,9.0,41.0,0.25649875
2,stroke,2206.8795,4.9480076,5.0,25.5,1.1163939
4,stroke,2206.8795,12.200548,42.5,43.0,3.0739894
9,stroke,2206.8795,5.1283183,,35.5,1.6252902
12,stroke,2206.8795,6.20764,18.5,50.0,1.1327503
13,stroke,2206.8795,1.0279136,,49.0,0.281421
14,stroke,2206.8795,1.2520014,47.0,47.5,0.25014424
2,stroke,2208.1415,3.4401603,5.0,15.0,0.69431275
4,stroke,2208.1415,12.07148,8.0,18.0,2.8641846
9,stroke,2208.1415,8.028689,43.5,44.5,1.5212512
12,stroke,2208.1415,6.733411,32.5,39.5,1.3528626
14,stroke,2208.1415,0.9722624,13.0,34.0,0.1844137
2,stroke,2209.143,2.2443743,7.0,24.0,0.4432221
4,stroke,2209.143,35.855576,31.5,35.5,3.049403
9,stroke,2209.143,5.1869993,9.0,27.5,1.0868939
12,stroke,2209.143,5.279237,35.5,40.0,1.3631982
13,stroke,2209.143,0.94262075,26.5,26.5,0.21438414
14,stroke,2209.143,1.4146311,27.0,27.5,0.28177327
2,stroke,2209.9445,4.3254642,19.0,50.0,0.48795754
9,stroke,2209.9445,5.6518307,21.5,22.0,1.2835834
12,stroke,2209.9445,6.3335576,5.0,17.0,1.8730226
13,stroke,2209.9445,1.2410052,,39.0,0.28014067
14,stroke,2209.9445,0.95627296,9.0,24.5,0.2434672
2,stroke,2210.747,7.64174,5.0,17.5,1.4920511
4,stroke,2210.747,104.481514,39.5,40.0,17.293867
9,stroke,2210.747,10.980217,6.5,46.0,1.2284576
13,stroke,2210.747,0.96313953,,21.5,0.24692155
14,stroke,2210.747,1.1390655,10.0,23.0,0.28671676
2,stroke,2211.548,6.4684906,,15.0,1.5568333
4,stroke,2211.548,213.49469,44.5,44.5,45.235634
9,stroke,2211.548,5.492005,16.0,18.5,1.7400094
13,stroke,2211.548,0.99858963,37.5,37.5,0.25781178
14,stroke,2211.548,1.1849312,48.5,48.5,0.23845509
4,stroke,2212.349,43.84825,,47.0,12.87661
12,stroke,2212.349,15.558498,47.5,48.5,4.0258017
13,stroke,2212.349,0.87533975,9.5,26.5,0.27338442
14,stroke,2212.349,1.053179,,48.0,0.27366048
4,stroke,2213.15,125.456375,29.0,33.0,20.329575
9,stroke,2213.15,7.071661,5.0,38.0,1.2488947
14,stroke,2213.15,1.1738164,14.0,21.0,0.24229865
2,stroke,2213.9555,5.3585024,11.0,29.5,0.9959918
4,stroke,2213.9555,56.103035,,24.5,12.9337
9,stroke,2213.9555,5.052065,,35.5,1.4850522
12,stroke,2213.9555,8.452806,21.0,25.5,1.5122819
13,stroke,2213.9555,0.64076823,,37.5,0.20676878
14,stroke,2213.9555,1.1355498,,44.5,0.27413794
2,stroke,2214.7565,6.7032185,11.5,15.5,1.9315689
4,stroke,2214.7565,218.7272,38.0,42.0,28.666988
9,stroke,2214.7565,5.5651345,9.0,46.5,1.1983835
12,stroke,2214.7565,11.301826,5.0,48.0,1.0672557
13,stroke,2214.7565,1.0897502,,42.0,0.28471413
14,stroke,2214.7565,1.1035259,5.0,32.0,0.17388546
4,stroke,2215.5575,122.76324,5.0,34.5,17.115402
13,stroke,2215.5575,0.89479697,,24.5,0.23290423
14,stroke,2215.5575,1.4640415,24.5,25.0,0.26563254
2,stroke,2216.37,7.6841884,5.0,21.5,1.453877
4,stroke,2216.37,36.19011,8.0,42.0,2.626732
9,stroke,2216.37,5.406652,,44.5,1.6345984
12,stroke,2216.37,4.518726,5.0,20.0,1.3696705
13,stroke,2216.37,1.0777137,,45.5,0.29112765
14,stroke,2216.37,1.2353668,22.0,22.0,0.24521413
2,stroke,2217.1735,6.6509404,20.0,34.0,1.6728925
4,stroke,2217.1735,103.0643,,22.5,21.474007
9,stroke,2217.1735,7.2771645,30.0,30.0,1.4700651
12,stroke,2217.1735,10.752557,5.0,46.0,1.9808115
13,stroke,2217.1735,1.0024132,49.0,49.5,0.21963206
2,stroke,2218.0085,6.0589266,,49.0,1.7124656
4,stroke,2218.0085,27.012102,5.0,18.0,3.185512
9,stroke,2218.0085,10.738803,5.5,21.0,1.3066083
13,stroke,2218.0085,0.98123145,7.5,26.5,0.19911927
14,stroke,2218.0085,1.3629994,35.0,35.5,0.1992743
4,stroke,2219.003,10.92138,,19.5,3.4922028
9,stroke,2219.003,7.416714,23.0,23.5,1.502032
12,stroke,2219.003,5.032467,5.0,17.0,1.6178975
13,stroke,2219.003,0.8076409,6.5,22.0,0.18851085
14,stroke,2219.003,1.5793743,48.5,49.0,0.237389
2,stroke,2219.8035,3.053099,5.0,15.0,0.99879855
4,stroke,2219.8035,191.67871,9.0,29.5,45.086563
9,stroke,2219.8035,7.1186934,,40.0,1.5127459
13,stroke,2219.8035,1.247921,,37.5,0.34033543
14,stroke,2219.8035,1.3055558,34.5,35.0,0.25953287
2,stroke,2221.1185,7.6720805,44.5,49.5,1.1439428
4,stroke,2221.1185,35.79674,5.0,39.5,2.646387
9,stroke,2221.1185,4.3789463,15.0,34.5,1.163367
13,stroke,2221.1185,0.9192326,,31.5,0.21058926
14,stroke,2221.1185,1.3010577,15.0,15.5,0.21665595
2,stroke,2221.9195,4.437542,41.0,48.0,1.4042962
4,stroke,2221.9195,152.54839,,48.5,36.4921
9,stroke,2221.9195,5.74967,11.5,19.5,1.6772912
13,stroke,2221.9195,0.8512417,,31.5,0.19199888
14,stroke,2221.9195,1.1235397,21.0,21.5,0.23794799
2,stroke,2222.839,6.138143,47.0,48.0,1.0027936
4,stroke,2222.839,14.275983,11.0,26.5,2.4476273
9,stroke,2222.839,4.6409335,5.0,38.5,1.3188635
12,stroke,2222.839,15.465083,40.0,49.5,2.3808446
13,stroke,2222.839,1.4033983,15.0,28.5,0.15787557
14,stroke,2222.839,0.8365241,,15.0,0.23237874
4,stroke,2224.057,15.454554,42.0,42.5,3.239884
9,stroke,2224.057,5.7461853,8.5,41.5,1.2191845
9,stroke,2224.8585,5.6020665,9.0,43.5,0.9234348
12,stroke,2224.8585,10.691578,7.5,49.0,0.9606418
13,stroke,2224.8585,0.8919285,13.5,38.0,0.29461133
14,stroke,2224.8585,1.0826482,45.5,46.0,0.226192
2,stroke,2225.6955,4.052439,16.5,23.0,1.0314007
4,stroke,2225.6955,19.38049,12.0,49.0,6.4410176
9,stroke,2225.6955,7.3919735,47.0,48.5,1.6251538
13,stroke,2225.6955,1.4990758,29.5,30.5,0.23050724
14,stroke,2225.6955,1.0898584,8.0,29.0,0.28734088
2,stroke,2226.4975,5.200855,33.5,34.0,1.3126585
4,stroke,2226.4975,216.2247,21.5,27.0,20.15199
9,stroke,2226.4975,5.6402473,10.0,43.0,1.2821425
13,stroke,2226.4975,0.75264,,48.0,0.2367959
14,stroke,2226.4975,1.2545986,37.0,37.5,0.20493603
2,stroke,2227.302,3.7358649,10.5,48.5,0.7274448
4,stroke,2227.302,68.743515,46.5,47.0,10.403437
9,stroke,2227.302,8.529276,9.5,24.5,1.5823767
12,stroke,2227.302,8.380806,20.5,26.5,1.3300626
13,stroke,2227.302,1.0687699,,33.0,0.23804137
14,stroke,2227.302,0.9790894,,24.0,0.24409217
2,stroke,2228.1025,4.697414,,23.0,1.4270535
4,stroke,2228.1025,137.73654,11.0,25.5,17.781597
9,stroke,2228.1025,6.122047,26.5,27.5,1.120899
13,stroke,2228.1025,0.9541776,,44.0,0.2684412
14,stroke,2228.1025,1.004463,,43.0,0.23299542
4,stroke,2228.904,132.74844,,19.5,38.615067
9,stroke,2228.904,6.7905264,,35.0,1.591456
12,stroke,2228.904,6.221003,21.5,26.0,1.1656857
13,stroke,2228.904,1.0716377,34.5,34.5,0.20971641
14,stroke,2228.904,1.007055,,23.5,0.32006764
2,stroke,2229.7085,6.9869566,7.0,15.5,1.1191621
4,stroke,2229.7085,91.838776,16.5,16.5,18.260895
9,stroke,2229.7085,8.081968,12.0,46.0,1.0807925
12,stroke,2229.7085,6.446062,16.5,17.0,1.3902028
13,stroke,2229.7085,1.301235,18.5,18.5,0.26616183
14,stroke,2229.7085,0.7642157,,48.0,0.17016631
2,stroke,2230.5105,4.256621,,16.5,1.3172746
4,stroke,2230.5105,339.30246,18.5,45.5,50.93791
9,stroke,2230.5105,6.375227,10.5,39.5,0.99979883
12,stroke,2230.5105,3.5772305,,32.0,1.0764834
13,stroke,2230.5105,0.84035444,,23.0,0.2302057
14,stroke,2230.5105,1.2680168,29.0,39.0,0.24708347
2,stroke,2231.3145,6.5547795,5.0,24.5,1.4158509
4,stroke,2231.3145,50.724533,34.0,34.0,12.238669
9,stroke,2231.3145,6.723055,36.0,36.0,1.3198087
12,stroke,2231.3145,11.979588,36.5,45.5,3.0565615
13,stroke,2231.3145,1.3412983,,43.5,0.27210003
4,stroke,2232.2615,51.117737,7.5,31.0,3.578869
9,stroke,2232.2615,5.948934,15.5,17.5,1.2436928
12,stroke,2232.2615,5.296584,43.5,44.0,1.7270899
13,stroke,2232.2615,0.83485353,,41.0,0.23388658
14,stroke,2232.2615,1.1678295,,47.0,0.2918912
2,stroke,2234.45,2.439513,5.0,18.0,0.616752
4,stroke,2234.45,31.919899,14.5,37.5,2.2055914
9,stroke,2234.45,5.9888277,,49.5,1.6807154
14,stroke,2234.45,0.82646525,12.0,18.5,0.24478038
4,stroke,2236.9405,29.123331,9.5,18.0,3.1322398
9,stroke,2236.9405,5.9666853,19.5,39.0,1.4845014
12,stroke,2236.9405,6.1290607,35.5,36.5,1.1643429
13,stroke,2236.9405,1.2550651,,16.0,0.34314516
14,stroke,2236.9405,1.0040451,,48.0,0.29619592
4,stroke,2238.3035,32.579716,12.5,39.5,1.7541561
9,stroke,2238.3035,4.4762554,44.5,44.5,1.0038599
13,stroke,2238.3035,1.080428,,28.0,0.246807
14,stroke,2238.3035,1.1876683,,26.0,0.27922112
2,stroke,2239.104,2.1628337,5.0,36.5,0.71349096
4,stroke,2239.104,52.865875,19.0,20.0,8.568659
9,stroke,2239.104,4.899872,,27.5,1.4520217
13,stroke,2239.104,0.989513,8.5,48.5,0.27156678
14,stroke,2239.104,0.8927729,13.0,36.5,0.21949434
2,stroke,2239.9085,3.3622787,13.5,27.5,0.78424
4,stroke,2239.9085,13.940102,7.5,21.0,1.5555224
9,stroke,2239.9085,5.5330253,48.0,49.0,0.96771365
12,stroke,2239.9085,4.255844,5.0,18.5,1.238527
13,stroke,2239.9085,1.1305254,10.0,43.0,0.17783095
14,stroke,2239.9085,0.97814286,,50.0,0.25493684
2,stroke,2240.7095,3.7758594,5.0,50.0,0.383768
4,stroke,2240.7095,72.88382,27.5,30.5,12.147977
9,stroke,2240.7095,5.1461186,,23.0,1.4483758
12,stroke,2240.7095,5.119534,13.5,16.0,1.2194947
13,stroke,2240.7095,1.1303489,7.5,38.0,0.25032035
14,stroke,2240.7095,1.2007945,50.0,50.0,0.24152096
4,stroke,2241.563,50.21424,14.5,45.0,1.6443845
12,stroke,2241.563,6.2963276,,46.0,2.0191193
13,stroke,2241.563,1.0166306,,41.0,0.31028777
14,stroke,2241.563,0.91712284,,36.5,0.28061628
4,stroke,2242.3685,55.677094,9.5,33.5,12.618694
9,stroke,2242.3685,5.097112,5.0,35.5,1.1687379
13,stroke,2242.3685,1.0125134,,29.5,0.24596661
14,stroke,2242.3685,0.7700025,13.5,23.5,0.20279656
4,stroke,2243.174,73.36052,14.0,18.0,6.8589864
9,stroke,2243.174,6.704168,,37.5,1.706927
13,stroke,2243.174,0.87401354,,18.5,0.2519637
4,stroke,2247.1125,24.018276,12.5,18.0,2.6777506
12,stroke,2247.1125,11.580302,21.5,33.5,2.4981666
13,stroke,2247.1125,1.228273,14.0,15.0,0.24340579
14,stroke,2247.1125,1.4248242,39.0,40.0,0.25567842
2,stroke,2247.913,13.580844,26.0,26.5,2.826421
4,stroke,2247.913,173.62154,12.0,19.0,19.216633
9,stroke,2247.913,17.5583,,50.0,4.616611
14,stroke,2247.913,0.73642576,,32.5,0.23176394
2,stroke,2248.7135,15.269192,32.0,32.5,2.5092144
4,stroke,2248.7135,111.03894,13.0,43.5,13.506241
9,stroke,2248.7135,18.750736,46.5,47.5,3.991878
12,stroke,2248.7135,9.866946,5.0,16.0,2.9163241
13,stroke,2248.7135,1.0130236,23.5,24.0,0.2128699
14,stroke,2248.7135,1.2371409,32.5,32.5,0.24249229
2,stroke,2249.514,14.815075,,24.5,4.146261
12,stroke,2249.514,14.588733,5.5,18.5,2.164474
13,stroke,2249.514,1.3319111,,26.5,0.32708684
14,stroke,2249.514,1.0882856,40.5,40.5,0.21336089
2,stroke,2250.341,13.330538,47.5,48.5,2.7258217
4,stroke,2250.341,66.35698,14.5,42.5,11.867295
13,stroke,2250.341,1.460968,28.5,28.5,0.30446687
14,stroke,2250.341,1.038425,16.5,16.5,0.2573864
2,stroke,2251.142,13.452395,,27.0,3.514059
12,stroke,2251.142,38.943516,27.0,40.0,4.445952
13,stroke,2251.142,1.1069844,48.0,48.5,0.22310436
14,stroke,2251.142,1.5149614,38.0,38.0,0.2721201
2,stroke,2251.943,13.171278,12.5,49.0,2.9056566
4,stroke,2251.943,43.428055,,48.0,9.0328865
9,stroke,2251.943,15.1171875,,23.5,4.3995037
13,stroke,2251.943,1.0798317,,30.5,0.26068228
14,stroke,2251.943,1.4057504,31.5,49.0,0.16695398
4,stroke,2252.745,87.49359,,15.0,20.95632
9,stroke,2252.745,18.590603,5.5,41.0,3.9233232
13,stroke,2252.745,1.122624,,34.0,0.25405887
2,stroke,2253.5455,18.959858,5.0,15.5,3.6480176
4,stroke,2253.5455,94.13231,7.5,49.0,19.908516
9,stroke,2253.5455,25.326996,20.5,29.5,4.5884085
13,stroke,2253.5455,1.3098493,27.0,27.5,0.19869837
2,stroke,2254.346,25.805885,,33.5,6.0147877
4,stroke,2254.346,83.89311,,28.5,22.781261
13,stroke,2254.346,1.0942183,,38.5,0.2588334
14,stroke,2254.346,1.2295458,29.0,29.5,0.22431983
4,stroke,2255.166,53.60102,15.0,15.5,5.847234
9,stroke,2255.166,24.472164,5.0,15.0,2.2977574
13,stroke,2255.166,0.8523072,,33.5,0.25816348
14,stroke,2255.166,1.0354261,,27.5,0.28788888
2,stroke,2255.9685,25.34062,,39.5,6.4976015
4,stroke,2255.9685,229.79666,34.5,35.5,27.385294
9,stroke,2255.9685,31.533543,17.0,18.5,3.5729687
13,stroke,2255.9685,1.097728,,41.0,0.2557328
14,stroke,2255.9685,0.9956499,35.0,35.5,0.22701944
2,stroke,2256.7705,20.57743,42.5,44.5,4.1232505
4,stroke,2256.7705,473.0119,19.0,22.5,70.65947
9,stroke,2256.7705,12.544562,,50.0,4.175505
12,stroke,2256.7705,9.79167,14.5,18.5,2.0133035
13,stroke,2256.7705,1.1830804,46.5,46.5,0.25641406
14,stroke,2256.7705,1.2989323,25.5,34.0,0.20366898
2,stroke,2257.5805,13.635702,10.0,40.0,2.959808
4,stroke,2257.5805,59.460064,,42.5,13.585179
9,stroke,2257.5805,28.296322,6.5,44.0,2.9990246
12,stroke,2257.5805,4.444699,5.0,15.5,1.4099815
13,stroke,2257.5805,1.1591358,,45.0,0.31093636
14,stroke,2257.5805,1.3379545,16.0,16.5,0.21334828
2,stroke,2258.385,30.10831,41.0,45.0,3.7719276
9,stroke,2258.385,18.862812,8.5,46.5,2.855609
12,stroke,2258.385,7.6157427,5.0,43.5,2.1290846
13,stroke,2258.385,0.9787799,,32.5,0.26522696
14,stroke,2258.385,1.0717065,,23.5,0.30375206
2,stroke,2259.1875,25.13968,29.5,45.0,4.6431074
4,stroke,2259.1875,333.9013,5.0,49.0,46.312572
9,stroke,2259.1875,19.829529,15.0,20.5,4.6710854
12,stroke,2259.1875,8.56078,5.0,32.0,1.4609329
13,stroke,2259.1875,1.7089765,7.0,37.5,0.27637526
14,stroke,2259.1875,0.9225173,35.0,35.5,0.21175545
2,stroke,2259.9885,13.557667,10.5,44.0,2.9584546
4,stroke,2259.9885,41.200424,,50.0,12.572908
9,stroke,2259.9885,8.714337,,24.5,2.8113773
13,stroke,2259.9885,1.0771208,41.5,42.0,0.18876012
14,stroke,2259.9885,1.0391867,5.0,30.5,0.20473665
2,stroke,2260.789,22.072111,44.0,44.5,4.0096903
4,stroke,2260.789,162.39249,46.5,49.0,27.71477
13,stroke,2260.789,1.140332,44.0,44.0,0.24165338
14,stroke,2260.789,1.0399427,,39.5,0.25084764
2,stroke,2261.59,15.022175,9.5,15.0,4.057527
4,stroke,2261.59,82.32582,12.0,43.0,16.50313
9,stroke,2261.59,13.312374,5.0,16.5,2.788581
12,stroke,2261.59,6.827873,22.5,50.0,1.6750662
13,stroke,2261.59,1.3207669,36.5,36.5,0.26613337
14,stroke,2261.59,1.029551,22.0,22.0,0.24450156
2,stroke,2262.3905,12.990064,5.0,37.0,1.5814753
4,stroke,2262.3905,71.15334,,16.0,16.529287
9,stroke,2262.3905,9.738741,22.5,22.5,2.4819808
13,stroke,2262.3905,1.520318,39.0,39.5,0.23264565
14,stroke,2262.3905,0.7748277,9.5,27.0,0.20673224
2,stroke,2263.1945,18.613667,,45.5,5.250406
4,stroke,2263.1945,127.533066,36.0,36.5,22.951805
9,stroke,2263.1945,10.868846,,30.0,3.58796
13,stroke,2263.1945,0.9423084,,42.5,0.29599595
14,stroke,2263.1945,1.1618967,43.5,44.0,0.21486321
2,stroke,2263.996,24.49458,15.0,49.5,4.723555
4,stroke,2263.996,321.65176,,26.0,78.003624
12,stroke,2263.996,8.92782,14.0,42.5,2.0976062
13,stroke,2263.996,1.1001515,14.5,27.0,0.23966058
14,stroke,2263.996,0.9167454,,29.5,0.24306741
2,stroke,2264.798,16.366585,13.0,43.0,5.2914505
4,stroke,2264.798,79.388,46.5,46.5,17.132723
9,stroke,2264.798,167.95287,5.0,15.0,14.046951
13,stroke,2264.798,0.87859946,,16.5,0.23164216
14,stroke,2264.798,0.9288496,,33.0,0.2580911
2,stroke,2265.6005,13.913216,,47.5,4.51807
4,stroke,2265.6005,117.20758,25.0,25.5,20.582226
9,stroke,2265.6005,136.6456,5.0,50.0,5.389784
12,stroke,2265.6005,12.094424,22.5,40.5,1.561507
13,stroke,2265.6005,1.1979737,,50.0,0.28520444
14,stroke,2265.6005,0.9998788,41.5,42.0,0.2508441
2,stroke,2266.4015,27.275887,10.5,31.0,4.951103
9,stroke,2266.4015,13.131981,11.0,27.5,3.0519986
12,stroke,2266.4015,5.579309,5.0,15.0,1.5789644
13,stroke,2266.4015,1.1807346,,25.5,0.3208814
2,stroke,2267.2025,13.78803,,27.0,3.2990108
4,stroke,2267.2025,77.28995,14.0,15.0,11.676377
9,stroke,2267.2025,94.60657,31.0,38.0,6.528783
13,stroke,2267.2025,1.12624,49.5,49.5,0.24387148
14,stroke,2267.2025,1.1590348,22.0,22.0,0.25006276
2,stroke,2268.0045,28.053478,24.5,25.0,5.40208
4,stroke,2268.0045,169.71237,,42.0,42.04594
13,stroke,2268.0045,1.2115202,,15.0,0.303337
14,stroke,2268.0045,1.2481229,22.5,23.5,0.21693884
2,stroke,2268.806,28.60067,,49.0,6.478821
4,stroke,2268.806,305.71906,28.5,28.5,63.18721
9,stroke,2268.806,16.396294,14.5,38.5,3.058979
12,stroke,2268.806,9.322906,44.5,50.0,2.5612838
13,stroke,2268.806,1.3322154,23.5,24.0,0.27403575
14,stroke,2268.806,0.89394915,,30.5,0.27130902
2,stroke,2269.607,21.974642,10.0,40.5,3.9110582
4,stroke,2269.607,371.28265,48.0,50.0,56.279903
13,stroke,2269.607,0.9429232,,28.5,0.23436595
14,stroke,2269.607,1.1132493,46.5,47.0,0.2251221
2,stroke,2270.408,28.672546,21.0,33.0,5.3698363
4,stroke,2270.408,151.91377,30.0,30.5,22.89569
9,stroke,2270.408,25.4258,7.5,39.5,3.0070176
12,stroke,2270.408,49.015793,10.0,16.0,3.494923
13,stroke,2270.408,1.4517022,28.5,32.5,0.20778663
14,stroke,2270.408,1.1169678,,35.0,0.2943652
2,stroke,2271.21,32.95242,13.0,43.0,4.2879367
4,stroke,2271.21,121.16319,33.0,36.0,20.199387
9,stroke,2271.21,12.930865,,38.5,3.3775
12,stroke,2271.21,7.4362803,10.0,18.5,1.8309419
13,stroke,2271.21,1.0070369,34.5,35.0,0.21370211
2,stroke,2272.013,18.992268,,35.5,6.0620112
4,stroke,2272.013,176.01901,44.5,45.0,26.77627
9,stroke,2272.013,12.550753,,26.5,3.9373384
12,stroke,2272.013,3.6627338,24.5,24.5,0.7881955
13,stroke,2272.013,0.7374207,,42.5,0.19665997
14,stroke,2272.013,0.9146279,,32.0,0.23174138
2,stroke,2272.8155,19.417288,5.5,36.5,3.0433183
4,stroke,2272.8155,240.113,40.5,41.0,29.683817
9,stroke,2272.8155,9.143883,,38.0,2.6012764
13,stroke,2272.8155,0.83879584,,20.0,0.24040456
14,stroke,2272.8155,1.1651273,35.0,35.5,0.21671116
2,stroke,2273.6165,14.524564,34.5,34.5,3.9862952
4,stroke,2273.6165,144.22525,28.0,28.5,25.185513
9,stroke,2273.6165,9.301529,12.0,15.5,2.2841387
13,stroke,2273.6165,1.1280391,31.5,32.0,0.20521688
14,stroke,2273.6165,0.89500755,,32.5,0.19609858
2,stroke,2274.4175,22.064247,16.0,17.0,4.1439834
4,stroke,2274.4175,182.67175,18.0,18.5,20.694426
9,stroke,2274.4175,14.997597,22.5,23.0,2.7598252
12,stroke,2274.4175,9.429556,8.0,19.0,1.9012263
13,stroke,2274.4175,0.8706408,,46.5,0.2536322
14,stroke,2274.4175,1.140563,,33.0,0.31107244
2,stroke,2275.219,30.866653,45.0,49.5,3.9949021
4,stroke,2275.219,105.39651,17.5,18.0,18.10038
9,stroke,2275.219,12.051565,6.0,30.5,2.7647586
13,stroke,2275.219,1.1634862,,50.0,0.29194394
14,stroke,2275.219,1.3121032,12.5,46.0,0.29187432
2,stroke,2276.0235,22.43779,5.0,45.0,3.678165
4,stroke,2276.0235,61.06064,36.5,39.5,7.1105247
12,stroke,2276.0235,9.26096,46.5,47.5,1.897866
13,stroke,2276.0235,1.1997521,21.0,21.0,0.22455376
14,stroke,2276.0235,0.8868934,11.0,21.5,0.27241254
2,stroke,2276.824,19.623724,42.5,43.5,3.0544782
4,stroke,2276.824,50.22829,,21.0,13.184806
12,stroke,2276.824,8.205402,5.0,47.5,2.3252506
13,stroke,2276.824,1.3053534,31.0,31.5,0.18928707
14,stroke,2276.824,1.3817284,,31.5,0.32826164
2,stroke,2277.625,17.759056,,15.0,5.879548
9,stroke,2277.625,8.989513,11.0,47.0,2.455851
12,stroke,2277.625,16.809174,5.0,50.0,0.64033854
13,stroke,2277.625,1.1219786,,41.0,0.26633206
2,stroke,2278.4435,9.933622,18.0,34.5,1.8400042
4,stroke,2278.4435,21.661537,31.0,33.5,3.9718263
9,stroke,2278.4435,13.686895,,41.0,4.1805506
13,stroke,2278.4435,0.98199385,,24.5,0.29567778
14,stroke,2278.4435,0.8186207,,38.0,0.17335415
2,stroke,2279.2465,13.616001,31.0,32.0,2.2376108
4,stroke,2279.2465,93.252716,36.5,40.0,14.081922
9,stroke,2279.2465,9.595965,5.0,19.5,2.8577418
13,stroke,2279.2465,1.1521525,37.5,37.5,0.22559588
14,stroke,2279.2465,1.1272621,,17.0,0.2622786
2,stroke,2280.047,16.60807,38.5,39.0,3.4063277
4,stroke,2280.047,94.40105,16.5,17.0,11.565915
9,stroke,2280.047,10.186863,23.0,45.5,2.6627238
13,stroke,2280.047,1.6007822,20.0,21.5,0.18379426
14,stroke,2280.047,1.0590963,,31.0,0.25078675
2,stroke,2280.871,7.734671,,34.5,2.3047857
4,stroke,2280.871,83.65658,24.0,27.0,7.794827
9,stroke,2280.871,9.619811,,18.0,2.382437
12,stroke,2280.871,4.8001413,5.0,32.5,0.60400283
14,stroke,2280.871,0.9821294,,49.5,0.2865541
2,stroke,2281.6765,16.766235,14.0,38.5,2.3090446
4,stroke,2281.6765,62.28257,,35.5,18.319714
9,stroke,2281.6765,27.710268,5.0,17.0,2.8513124
13,stroke,2281.6765,0.95167637,,38.5,0.30060077
14,stroke,2281.6765,0.9591435,38.0,24.0,0.18972477
2,stroke,2282.48,9.365917,7.0,42.5,0.9773171
4,stroke,2282.48,54.226707,14.0,21.0,13.108481
9,stroke,2282.48,199590.7,20.0,24.0,6130.838
12,stroke,2282.48,7.449601,22.0,23.5,1.8325732
13,stroke,2282.48,1.0434902,,44.5,0.32284206
2,stroke,2283.307,10.582893,11.0,16.0,2.6743252
4,stroke,2283.307,62.381607,6.0,15.5,8.580663
9,stroke,2283.307,5351.803,,41.5,1358.512
12,stroke,2283.307,8.262848,5.0,49.5,1.3888249
13,stroke,2283.307,1.0925063,,37.0,0.30208507
14,stroke,2283.307,0.9347721,,37.5,0.2454753
2,stroke,2284.108,20.726475,13.5,47.5,2.8520868
4,stroke,2284.108,172.71585,,46.0,50.986214
9,stroke,2284.108,85684.77,5.0,29.5,7093.7876
13,stroke,2284.108,0.87500906,,33.0,0.26428777
14,stroke,2284.108,0.86952925,12.5,17.5,0.18137477
2,stroke,2284.9095,6.167346,7.0,40.5,1.4548508
4,stroke,2284.9095,22.890467,16.5,16.5,4.186185
9,stroke,2284.9095,91955.92,5.0,15.0,15412.704
14,stroke,2284.9095,0.8448471,,35.5,0.23091003
2,stroke,2285.71,28.18871,33.5,34.0,5.0007744
4,stroke,2285.71,175.43895,36.5,37.0,31.226768
13,stroke,2285.71,1.0555139,,24.0,0.24179116
14,stroke,2285.71,1.1008776,25.0,25.0,0.23546353
2,stroke,2286.5125,23.414059,5.5,24.0,3.6654646
4,stroke,2286.5125,253.50983,31.0,34.5,19.984024
12,stroke,2286.5125,69.491974,27.0,39.5,3.080356
13,stroke,2286.5125,1.5589563,39.5,40.0,0.26825437
14,stroke,2286.5125,1.2011476,30.5,50.0,0.20231746
2,stroke,2287.314,34.476738,,15.5,10.649525
13,stroke,2287.314,1.1608515,45.0,45.5,0.23874131
14,stroke,2287.314,0.90502024,7.5,49.5,0.22435924
2,stroke,2288.1425,45.18073,5.0,16.5,12.425172
4,stroke,2288.1425,310836.38,5.0,15.0,8142.8765
9,stroke,2288.1425,12245.67,5.0,16.5,2481.3706
12,stroke,2288.1425,9.545502,19.0,43.5,1.3157673
13,stroke,2288.1425,1.0276344,37.0,37.5,0.23787746
14,stroke,2288.1425,1.0522269,10.5,31.5,0.2649943
2,stroke,2288.9435,7.912243,10.5,30.0,2.3254204
4,stroke,2288.9435,153741.34,13.0,48.0,11033.482
9,stroke,2288.9435,21210.143,12.0,21.5,3345.571
12,stroke,2288.9435,12787.284,5.0,41.5,678.0571
13,stroke,2288.9435,0.9067016,,16.5,0.26516905
14,stroke,2288.9435,0.8569617,,36.0,0.25477576
2,stroke,2289.7475,47.35034,27.5,47.0,6.1945415
9,stroke,2289.7475,4970.116,9.0,26.5,1435.4249
13,stroke,2289.7475,1.1561931,21.5,22.0,0.20791821
14,stroke,2289.7475,1.1327611,,33.5,0.25148362
2,stroke,2290.552,12.468218,28.0,28.5,3.087113
13,stroke,2290.552,0.9438689,12.0,15.0,0.25207525
14,stroke,2290.552,1.0474932,44.5,44.5,0.21972962
4,stroke,2291.3645,7019.1484,17.0,19.0,1321.5383
9,stroke,2291.3645,10133.001,16.0,36.0,821.58276
13,stroke,2291.3645,1.1880168,,36.0,0.24602354
14,stroke,2291.3645,0.86488867,,47.0,0.21381867
2,stroke,2292.17,32.19781,,29.5,9.240651
4,stroke,2292.17,14115.41,,50.0,4268.1406
9,stroke,2292.17,1403.5002,10.0,35.0,287.89618
13,stroke,2292.17,1.5888696,18.5,39.5,0.248536
14,stroke,2292.17,0.9882332,7.0,33.5,0.2650035
2,stroke,2292.971,156471.03,5.5,15.0,46004.043
4,stroke,2292.971,119503.266,,20.0,28655.312
12,stroke,2292.971,16441.938,29.0,29.0,3919.1814
14,stroke,2292.971,1.063318,22.5,23.0,0.19033563
4,stroke,2293.799,7236.5483,5.0,31.0,794.0878
12,stroke,2293.799,53933.312,,50.0,11456.535
13,stroke,2293.799,0.8865813,,45.0,0.26903403
14,stroke,2293.799,0.9705554,29.0,29.0,0.2022597
9,stroke,2294.6035,44184.793,5.0,21.0,13304.766
12,stroke,2294.6035,14022.985,10.0,17.5,3936.9783
13,stroke,2294.6035,1.111062,27.0,27.0,0.2392242
14,stroke,2294.6035,1.0443372,35.5,36.0,0.23314568
13,stroke,2295.405,0.85592055,,23.0,0.2671681
14,stroke,2295.405,1.2198808,24.5,25.0,0.20572269
2,stroke,2296.206,106108.5,12.5,29.5,2606.6292
4,stroke,2296.206,153227.22,7.0,28.0,4303.157
9,stroke,2296.206,113850.33,5.0,20.0,8113.8228
12,stroke,2296.206,54401.867,10.0,47.5,3467.4495
13,stroke,2296.206,1.0642991,9.0,24.0,0.18927841
2,stroke,2297.0075,17143.496,27.0,28.0,3479.2622
4,stroke,2297.0075,9004.754,19.5,37.0,1385.6772
9,stroke,2297.0075,165869.78,6.0,16.0,15104.466
12,stroke,2297.0075,52339.344,10.5,27.5,12918.673
13,stroke,2297.0075,1.5875833,24.5,25.0,0.2767866
14,stroke,2297.0075,0.9645511,,24.0,0.27259213
2,stroke,2297.8145,57947.74,5.0,26.0,12762.398
4,stroke,2297.8145,39207.723,19.5,20.0,7207.177
9,stroke,2297.8145,48775.49,28.5,36.5,5322.3174
12,stroke,2297.8145,51046.79,,21.0,14165.338
13,stroke,2297.8145,1.0705738,,16.0,0.3125751
14,stroke,2297.8145,1.2742138,14.5,15.0,0.23950084
2,stroke,2298.6175,44848.68,,42.0,10542.726
9,stroke,2298.6175,15630.494,5.0,39.0,2489.928
13,stroke,2298.6175,1.0563498,35.5,36.0,0.20612532
14,stroke,2298.6175,1.2084495,7.5,20.0,0.23339798
4,stroke,2299.4185,114325.99,,33.5,36692.605
9,stroke,2299.4185,22347.922,,47.0,5598.925
12,stroke,2299.4185,68161.266,24.5,24.5,13711.514
13,stroke,2299.4185,0.9553952,13.0,49.5,0.17197934
14,stroke,2299.4185,1.532337,37.5,40.5,0.20063956
2,stroke,2300.224,8151.8643,,36.0,2181.0032
4,stroke,2300.224,54839.414,,37.5,17727.125
9,stroke,2300.224,63455.625,7.5,34.5,5918.065
12,stroke,2300.224,67689.1,11.0,45.0,4383.396
13,stroke,2300.224,1.0388458,,16.0,0.25540623
14,stroke,2300.224,1.1577818,28.0,29.0,0.15939784
2,stroke,2301.0265,18445.95,25.5,43.0,2859.027
4,stroke,2301.0265,38795.22,,32.0,9359.297
9,stroke,2301.0265,22992.086,16.5,16.5,6941.4087
13,stroke,2301.0265,1.0709057,,25.5,0.29959548
14,stroke,2301.0265,1.1938006,44.0,44.5,0.23089023
4,stroke,2301.8315,11611.271,13.5,47.5,2841.6208
9,stroke,2301.8315,30870.46,11.0,36.5,3868.321
12,stroke,2301.8315,30956.068,21.5,21.5,6480.781
13,stroke,2301.8315,1.1347928,25.0,25.5,0.22816497
14,stroke,2301.8315,1.089728,45.5,46.0,0.20054717
2,stroke,2302.634,8853.969,,49.0,2623.9292
4,stroke,2302.634,44940.15,27.0,30.5,7013.7207
12,stroke,2302.634,20572.953,,27.0,6616.8906
13,stroke,2302.634,0.8569293,,47.5,0.266745
14,stroke,2302.634,0.74928766,,36.5,0.23641449
13,stroke,2303.4405,0.84024274,12.5,36.5,0.20858736
14,stroke,2303.4405,1.1929533,49.5,49.5,0.28734997
2,stroke,2304.243,69927.61,10.0,36.0,2361.9878
9,stroke,2304.243,88906.4,50.0,50.0,25286.004
13,stroke,2304.243,0.93139744,,28.5,0.22561541
14,stroke,2304.243,1.1066084,,39.5,0.25277957
9,stroke,2305.0455,25447.55,7.0,41.5,4381.945
13,stroke,2305.0455,1.2665936,21.5,21.5,0.24319144
14,stroke,2305.0455,1.2220954,49.5,49.5,0.2618454
2,stroke,2305.848,6574.008,,26.0,1528.1725
4,stroke,2305.848,5825.1523,,18.5,1389.2911
9,stroke,2305.848,54704.062,38.0,38.5,10231.029
12,stroke,2305.848,10645.073,,22.5,2569.7178
13,stroke,2305.848,0.9336369,32.5,32.5,0.19414541
14,stroke,2305.848,1.2806433,36.5,37.0,0.23353979
4,stroke,2306.6495,29223.475,,15.0,8224.68
9,stroke,2306.6495,7901.1895,,47.5,2628.2056
13,stroke,2306.6495,0.94191456,14.0,21.0,0.20178063
14,stroke,2306.6495,1.0839082,6.5,26.5,0.22397271
2,stroke,2307.451,102145.66,,29.5,33800.31
4,stroke,2307.451,121798.42,,46.0,40085.215
9,stroke,2307.451,33636.027,45.0,45.0,6920.0547
13,stroke,2307.451,0.8375628,,35.0,0.24633807
14,stroke,2307.451,0.8514079,,44.5,0.25694597
2,stroke,2308.255,48642.195,8.0,26.0,8732.261
12,stroke,2308.255,27234.719,,17.5,7215.4487
13,stroke,2308.255,1.1620744,38.0,38.0,0.21851343
14,stroke,2308.255,0.8689016,5.0,45.0,0.22148983
4,stroke,2309.072,71808.8,40.5,42.5,8844.337
13,stroke,2309.072,0.90966904,,22.5,0.2819892
14,stroke,2309.072,1.1450689,6.0,29.5,0.15206535
2,stroke,2309.8755,12241.691,8.5,43.0,1750.0345
4,stroke,2309.8755,15819.07,9.5,26.5,4423.766
9,stroke,2309.8755,42391.33,20.5,21.5,6334.1895
13,stroke,2309.8755,0.77862716,9.5,41.0,0.23832352
14,stroke,2309.8755,1.6599901,25.5,39.0,0.24569575
2,stroke,2310.676,9574.8,29.0,29.5,2178.0613
4,stroke,2310.676,12681.052,26.5,26.5,3168.13
12,stroke,2310.676,11135.639,26.0,29.5,1554.6843
13,stroke,2310.676,1.2815728,31.5,32.0,0.2074527
14,stroke,2310.676,1.4505925,49.0,50.0,0.22094028
2,stroke,2311.4765,5107.607,,47.5,1172.7963
4,stroke,2311.4765,5363.35,,26.5,1425.8347
12,stroke,2311.4765,9405.586,13.5,31.0,1502.915
13,stroke,2311.4765,1.2064995,8.5,47.0,0.22610512
14,stroke,2311.4765,1.231709,7.5,20.5,0.26489374
2,stroke,2312.2775,12559.391,46.5,47.0,2181.6396
4,stroke,2312.2775,8267.418,,42.5,2337.955
9,stroke,2312.2775,2112.4866,,48.5,653.5519
12,stroke,2312.2775,7202.1494,30.0,47.0,1394.2157
13,stroke,2312.2775,1.1903158,,20.0,0.28118747
14,stroke,2312.2775,1.3398666,40.5,41.0,0.2142875
4,stroke,2313.0845,19105.684,,15.0,4157.1636
9,stroke,2313.0845,7252.421,46.5,46.5,1642.3542
12,stroke,2313.0845,5357.212,,31.5,1697.538
13,stroke,2313.0845,1.066637,,42.0,0.29403728
14,stroke,2313.0845,1.7856525,16.0,34.0,0.17634241
2,stroke,2313.886,6887.8115,5.5,22.5,1559.7003
4,stroke,2313.886,9783.733,30.0,47.0,1132.2975
12,stroke,2313.886,9891.084,5.0,45.5,1512.5885
13,stroke,2313.886,1.0702219,41.5,44.5,0.17830896
14,stroke,2313.886,1.1965227,39.5,39.5,0.28409198
4,stroke,2314.691,15200.772,,49.0,4386.6226
13,stroke,2314.691,1.1608332,41.0,41.0,0.21312085
14,stroke,2314.691,0.99258137,37.0,37.0,0.24732217
2,stroke,2315.493,3677.96,,40.5,1050.9106
4,stroke,2315.493,3793.1367,6.5,23.5,960.11005
12,stroke,2315.493,4993.113,,24.0,1567.0596
13,stroke,2315.493,0.9031084,,23.0,0.23835927
14,stroke,2315.493,1.1641294,42.5,42.5,0.24784611
4,stroke,2316.2955,52240.273,,38.0,13729.421
9,stroke,2316.2955,12092.021,29.5,46.5,2241.9001
13,stroke,2316.2955,0.7213352,,34.0,0.21076968
14,stroke,2316.2955,0.74788463,12.5,42.0,0.17844583
9,stroke,2317.102,1081.6063,15.5,16.0,257.55518
13,stroke,2317.102,1.5160134,19.0,19.0,0.29406375
14,stroke,2317.102,0.81846976,,24.0,0.25642556
2,stroke,2317.906,4277.327,,48.5,1182.0422
4,stroke,2317.906,5816.619,,15.5,1885.9558
12,stroke,2317.906,5906.6143,,45.0,1842.6523
13,stroke,2317.906,1.1658188,,23.5,0.2919283
14,stroke,2317.906,1.1013826,16.5,16.5,0.22201198
2,stroke,2318.7065,4169.0913,,25.5,984.5453
4,stroke,2318.7065,2524.879,19.5,36.5,519.3679
9,stroke,2318.7065,3110.5786,11.5,45.0,702.77234
12,stroke,2318.7065,4279.542,,36.5,1414.6042
13,stroke,2318.7065,1.0634322,,50.0,0.23332092
14,stroke,2318.7065,1.1735182,24.5,36.5,0.22277522
13,stroke,2319.507,1.0250632,,19.0,0.28271753
14,stroke,2319.507,1.2580025,,20.0,0.3055272
9,stroke,2320.3075,5185.5234,43.5,44.0,773.9922
12,stroke,2320.3075,4658.049,,21.0,1517.1624
13,stroke,2320.3075,1.0176982,,48.5,0.31644356
14,stroke,2320.3075,0.8524898,,18.5,0.21685678
2,stroke,2321.1115,7470.927,14.5,15.0,1528.5239
4,stroke,2321.1115,8374.911,10.0,27.0,1808.0303
12,stroke,2321.1115,7908.788,15.0,15.0,1731.4711
13,stroke,2321.1115,0.7542989,,47.5,0.21916832
14,stroke,2321.1115,1.0453224,,36.0,0.2542914
4,stroke,2321.914,55435.113,19.0,20.5,7675.2573
9,stroke,2321.914,12371.332,6.5,37.5,365.0213
12,stroke,2321.914,15423.836,20.5,37.5,2508.504
14,stroke,2321.914,1.1393211,40.0,41.0,0.24656254
2,stroke,2322.7145,24335.406,11.0,29.5,2749.2659
4,stroke,2322.7145,5057.3975,,23.0,1573.8196
9,stroke,2322.7145,2678.8784,11.0,29.5,266.65588
13,stroke,2322.7145,1.1813278,25.0,25.5,0.23159698
14,stroke,2322.7145,1.0759425,,21.5,0.2505299
4,stroke,2323.52,13085.259,,32.0,3720.7466
9,stroke,2323.52,7312.377,29.5,30.5,884.8062
12,stroke,2323.52,8295.925,15.0,15.5,1404.339
14,stroke,2323.52,0.71296424,,38.0,0.23581791
2,stroke,2324.322,3964.721,,42.5,1047.1
4,stroke,2324.322,5177.1875,47.0,47.0,1041.8134
9,stroke,2324.322,5916.0903,,45.0,1407.9194
12,stroke,2324.322,4859.0957,,30.5,1298.5316
13,stroke,2324.322,1.2696259,35.5,36.0,0.21567076
14,stroke,2324.322,1.0748224,29.0,29.0,0.22193675
2,stroke,2325.1245,8623.328,7.5,19.5,1239.4695
4,stroke,2325.1245,16813.018,6.0,15.5,3375.2153
9,stroke,2325.1245,5238.702,,34.5,1566.1434
12,stroke,2325.1245,7690.9478,19.0,19.5,1188.0793
13,stroke,2325.1245,1.1515262,16.5,28.0,0.18647712
14,stroke,2325.1245,1.492327,17.0,17.5,0.23203622
2,stroke,2325.9265,4775.359,,42.5,1147.1157
4,stroke,2325.9265,11773.809,,43.0,3743.139
9,stroke,2325.9265,4607.572,,40.5,1314.1367
12,stroke,2325.9265,4395.792,,22.0,1435.3203
13,stroke,2325.9265,1.1695709,21.5,22.0,0.24863727
14,stroke,2325.9265,1.3743426,13.5,31.5,0.3238194
2,stroke,2326.731,11805.603,12.5,46.5,1137.314
4,stroke,2326.731,12148.891,11.0,37.5,1190.2882
9,stroke,2326.731,5150.158,29.5,30.0,950.9828
12,stroke,2326.731,11111.977,,28.0,2520.9973
13,stroke,2326.731,1.1926748,,41.5,0.27565607
14,stroke,2326.731,1.0224463,,40.5,0.27674988
2,stroke,2327.532,38929.598,38.5,40.5,4301.092
4,stroke,2327.532,4984.717,44.0,48.0,1157.5951
9,stroke,2327.532,50874.344,10.5,43.0,7061.521
12,stroke,2327.532,4684.5103,,50.0,1396.6606
13,stroke,2327.532,1.2811258,38.5,38.5,0.2965061
14,stroke,2327.532,0.9959477,,33.0,0.27363247
2,stroke,2328.34,6860.8853,,46.5,1756.0452
9,stroke,2328.34,4191.1445,,19.5,1149.7662
13,stroke,2328.34,1.0677861,13.0,42.0,0.21453406
14,stroke,2328.34,0.8646784,6.0,30.0,0.22662885
2,stroke,2329.142,5713.6846,,28.0,1706.9402
9,stroke,2329.142,2944.0693,18.0,18.5,636.24133
12,stroke,2329.142,7867.493,27.5,27.5,1480.1957
13,stroke,2329.142,1.3630965,13.5,37.5,0.2294771
14,stroke,2329.142,1.3161539,12.5,15.5,0.25643912
4,stroke,2329.9485,128933.22,9.0,36.0,13385.72
9,stroke,2329.9485,4584.589,10.5,44.5,896.12634
12,stroke,2329.9485,6164.0996,12.5,17.0,1870.7239
13,stroke,2329.9485,1.0972917,,43.5,0.29707295
2,stroke,2330.7505,3076.2515,19.5,19.5,625.31433
4,stroke,2330.7505,33327.746,12.5,18.5,3707.6052
12,stroke,2330.7505,11413.912,10.5,15.0,2642.0825
13,stroke,2330.7505,0.9774765,,20.5,0.22323208
14,stroke,2330.7505,1.3093971,26.0,26.5,0.2513078
2,stroke,2331.551,18350.701,17.5,44.0,1032.9229
4,stroke,2331.551,14568.467,,43.5,4463.9595
9,stroke,2331.551,8218.232,,34.0,2680.6912
12,stroke,2331.551,14471.705,33.0,44.0,1697.0543
13,stroke,2331.551,1.1458559,14.0,17.0,0.24888408
14,stroke,2331.551,1.2287822,13.0,42.0,0.2693709
2,stroke,2332.3555,4870.578,13.5,30.0,1296.3688
4,stroke,2332.3555,11605.756,13.5,15.0,2191.7102
12,stroke,2332.3555,8769.702,,38.0,2173.2769
13,stroke,2332.3555,1.2475781,39.5,40.0,0.23416007
14,stroke,2332.3555,0.9764744,,38.5,0.2702598
2,stroke,2333.156,1080.9155,,39.5,289.10037
9,stroke,2333.156,3951.7642,,29.0,1252.8293
12,stroke,2333.156,8536.145,30.5,31.0,1495.3553
13,stroke,2333.156,1.1391861,30.0,30.0,0.20686267
14,stroke,2333.156,1.0526545,,36.5,0.24733128
2,stroke,2333.9565,7234.6836,46.0,46.5,1628.7518
9,stroke,2333.9565,1105.4833,6.5,24.0,160.8243
13,stroke,2333.9565,1.0295527,6.5,37.0,0.23731117
14,stroke,2333.9565,1.0236858,36.0,36.0,0.22610176
2,stroke,2334.757,8452.996,9.5,20.0,2076.203
4,stroke,2334.757,9979.298,19.5,20.0,2815.879
12,stroke,2334.757,6891.1562,27.0,27.0,1305.6008
13,stroke,2334.757,0.89675057,9.0,45.5,0.22475564
14,stroke,2334.757,0.85933864,7.0,40.5,0.20046242
9,stroke,2335.5645,960.6167,5.0,31.0,250.07428
13,stroke,2335.5645,1.3501034,21.0,22.0,0.26424313
14,stroke,2335.5645,0.8026122,,32.0,0.22955854
2,stroke,2336.365,11406.16,35.0,38.5,2275.79
14,stroke,2336.365,1.0851936,,38.5,0.3388794
13,stroke,2337.1655,0.9774537,,41.0,0.23643702
14,stroke,2337.1655,0.9010122,,43.5,0.2073637
2,stroke,2337.966,8401.955,17.0,45.0,1300.5896
4,stroke,2337.966,6776.1978,,38.5,1933.5428
9,stroke,2337.966,3290.178,,30.0,1089.7119
12,stroke,2337.966,7952.5723,,30.0,2280.277
13,stroke,2337.966,1.3544478,48.0,48.5,0.21828328
14,stroke,2337.966,1.1899347,46.5,46.5,0.25134262
2,stroke,2338.7665,8387.4375,28.0,28.0,1676.409
4,stroke,2338.7665,5636.19,,40.5,1247.3462
9,stroke,2338.7665,5837.6387,,46.5,1360.2938
12,stroke,2338.7665,8203.963,,28.0,2031.1625
13,stroke,2338.7665,0.74841654,10.5,41.5,0.19041307
14,stroke,2338.7665,1.0774301,,28.5,0.23814678
4,stroke,2339.5675,3686.5525,,29.0,1023.9671
9,stroke,2339.5675,3530.9468,,45.5,1067.5768
12,stroke,2339.5675,7006.6216,,27.0,2295.7156
14,stroke,2339.5675,0.7568078,8.0,46.5,0.23267813
2,stroke,2340.369,1121.6418,,19.5,336.62256
4,stroke,2340.369,3564.381,,34.5,852.72107
9,stroke,2340.369,2481.0823,10.0,27.5,536.31287
12,stroke,2340.369,9356.728,27.0,44.0,1565.0743
13,stroke,2340.369,0.8380171,,47.5,0.26594928
14,stroke,2340.369,1.3393815,28.5,29.5,0.2051885
2,stroke,2341.174,4977.1187,38.0,38.5,994.74225
4,stroke,2341.174,16402.74,12.0,46.0,1989.6725
9,stroke,2341.174,2543.379,5.0,22.5,436.43008
13,stroke,2341.174,1.319994,37.0,37.5,0.22290893
14,stroke,2341.174,0.99915284,,19.5,0.27731013
4,stroke,2341.983,28960.4,11.5,45.0,4319.69
9,stroke,2341.983,1106.8285,20.5,21.0,208.46332
13,stroke,2341.983,0.92269546,8.5,44.5,0.19415332
14,stroke,2341.983,1.3231792,17.5,18.0,0.2545523
2,stroke,2342.784,6444.2407,,34.0,1892.6608
9,stroke,2342.784,961.9205,,18.5,290.62317
12,stroke,2342.784,5597.8657,,46.5,1529.216
13,stroke,2342.784,1.1006421,6.5,36.5,0.27269277
14,stroke,2342.784,1.0680547,36.0,36.5,0.23391193
4,stroke,2343.587,8647.912,48.5,48.5,1744.4879
12,stroke,2343.587,9297.744,9.5,27.0,1063.9681
13,stroke,2343.587,1.2136873,18.0,18.0,0.2296077
14,stroke,2343.587,0.8757112,,22.0,0.24277705
2,stroke,2344.3885,3134.7422,,45.0,710.98157
4,stroke,2344.3885,9777.598,,15.5,2846.5156
9,stroke,2344.3885,854.5906,14.0,31.0,223.65636
12,stroke,2344.3885,7967.456,,25.5,2179.5576
13,stroke,2344.3885,1.2299197,15.5,16.0,0.25761506
14,stroke,2344.3885,1.4911858,37.5,38.0,0.26175392
4,stroke,2345.1905,6549.28,15.5,15.5,1579.9177
9,stroke,2345.1905,591.2623,25.0,29.0,168.20074
12,stroke,2345.1905,5091.3594,,22.0,1548.0746
13,stroke,2345.1905,0.87039113,,36.0,0.26628318
14,stroke,2345.1905,0.7945893,43.5,43.5,0.17189163
2,stroke,2345.993,6749.167,9.0,26.0,1291.7681
4,stroke,2345.993,10455.117,29.0,46.5,1679.6224
9,stroke,2345.993,4955.1025,,42.5,1088.599
12,stroke,2345.993,7143.616,38.0,38.0,1591.2258
13,stroke,2345.993,1.4755765,17.5,41.0,0.22419868
14,stroke,2345.993,0.97416914,24.0,25.0,0.21639094
2,stroke,2346.8,9768.168,,29.0,2916.5352
4,stroke,2346.8,140820.38,11.5,46.5,8249.706
12,stroke,2346.8,169576.16,10.0,19.5,21514.443
13,stroke,2346.8,1.1572351,12.0,49.5,0.27673572
14,stroke,2346.8,1.0648634,,48.0,0.32660562
4,stroke,2347.6055,37958.91,8.5,26.0,10661.386
13,stroke,2347.6055,1.1251022,8.0,33.5,0.2577623
14,stroke,2347.6055,0.94487655,,31.5,0.26342076
12,stroke,2348.4085,34712.453,21.0,22.0,5945.858
13,stroke,2348.4085,1.021454,,28.0,0.29067323
14,stroke,2348.4085,1.1174233,20.5,20.5,0.2107657
4,stroke,2349.209,30125.488,,35.5,7960.3994
9,stroke,2349.209,13552.703,13.0,31.0,2396.5754
12,stroke,2349.209,12894.055,5.5,22.5,3978.5654
13,stroke,2349.209,0.8976737,5.0,18.0,0.16284898
14,stroke,2349.209,1.1099733,15.0,15.5,0.21577519
2,stroke,2350.0165,6021.1895,,19.5,1373.6051
4,stroke,2350.0165,9477.141,40.0,40.5,1697.1771
9,stroke,2350.0165,849.46814,,32.0,210.14543
12,stroke,2350.0165,5089.2715,,17.5,1409.8251
13,stroke,2350.0165,0.88131046,,29.5,0.25668016
14,stroke,2350.0165,0.90806985,8.0,24.5,0.2455995
2,stroke,2350.818,9145.459,,29.0,2296.3706
4,stroke,2350.818,16111.098,35.0,35.0,3415.6035
9,stroke,2350.818,7107.3423,,20.5,1937.8655
12,stroke,2350.818,5304.133,,47.5,1289.7562
13,stroke,2350.818,1.0791261,,47.5,0.24260288
14,stroke,2350.818,1.1912359,37.0,37.0,0.22703783
2,stroke,2351.6215,9584.127,10.0,27.5,1699.4635
4,stroke,2351.6215,6603.785,10.0,18.5,1398.1178
9,stroke,2351.6215,4751.212,,40.0,1261.2336
12,stroke,2351.6215,5531.448,11.0,27.5,1595.3451
13,stroke,2351.6215,1.2011569,,15.0,0.28345132
14,stroke,2351.6215,1.2686956,30.5,39.5,0.25178665
2,stroke,2352.4275,31575.598,,37.0,7416.687
14,stroke,2352.4275,1.0825322,7.5,23.0,0.25447857
4,stroke,2353.2365,53613.6,,20.0,17300.656
9,stroke,2353.2365,17288.145,11.5,27.5,3525.483
12,stroke,2353.2365,8350.132,,44.5,1962.1956
13,stroke,2353.2365,1.2164295,5.0,44.5,0.29746726
14,stroke,2353.2365,1.079257,,43.5,0.2648961
2,stroke,2354.0375,5490.588,16.0,37.0,1137.6646
9,stroke,2354.0375,8523.395,,26.5,2016.094
12,stroke,2354.0375,4868.332,,49.5,1460.1195
13,stroke,2354.0375,1.1982272,16.5,22.5,0.21855015
14,stroke,2354.0375,0.9523936,,32.5,0.22498572
2,stroke,2354.845,4678.446,,42.5,1465.6628
9,stroke,2354.845,5483.6016,11.5,30.0,135.28069
12,stroke,2354.845,4654.4424,12.5,30.0,950.9583
13,stroke,2354.845,1.0377395,,43.5,0.2791063
14,stroke,2354.845,1.1647849,44.5,45.0,0.2857241
13,stroke,2355.6465,1.2408535,,40.5,0.29497653
14,stroke,2355.6465,1.3124448,,27.0,0.28082114
2,stroke,2356.447,3854.8574,,44.5,1126.7308
9,stroke,2356.447,3444.7988,,26.0,931.5004
12,stroke,2356.447,4269.4756,,24.0,1358.9487
13,stroke,2356.447,1.1950665,,15.0,0.37067822
14,stroke,2356.447,1.0439254,,16.0,0.3232977
12,stroke,2357.2515,5201.6353,,45.0,1503.3718
13,stroke,2357.2515,1.2146835,34.0,34.5,0.24177977
14,stroke,2357.2515,0.8612237,6.0,16.5,0.17977996
2,stroke,2358.0535,3799.9387,,49.0,967.1067
4,stroke,2358.0535,2494.9204,,34.5,759.73315
9,stroke,2358.0535,2141.0664,,20.0,645.27423
12,stroke,2358.0535,4643.0464,,26.5,1413.4518
13,stroke,2358.0535,1.1561284,5.0,42.5,0.30584273
14,stroke,2358.0535,1.0594767,6.5,43.0,0.18191768
2,stroke,2358.857,3548.2,,27.0,891.02313
4,stroke,2358.857,3408.4902,10.0,44.0,438.2866
9,stroke,2358.857,1021.5885,9.5,43.5,177.55106
12,stroke,2358.857,4683.523,,27.0,1329.9072
13,stroke,2358.857,0.9572358,,26.0,0.24818532
14,stroke,2358.857,1.1001284,7.5,39.5,0.24812125
2,stroke,2359.6585,3184.2446,,30.0,853.26465
4,stroke,2359.6585,2471.6958,,21.5,748.2347
12,stroke,2359.6585,4711.3066,,17.5,1164.0366
13,stroke,2359.6585,1.409382,39.0,39.5,0.25027707
14,stroke,2359.6585,1.0020516,,45.5,0.31767818
2,stroke,2360.4605,2862.3428,,28.0,845.2088
4,stroke,2360.4605,6336.519,,16.0,1831.1396
12,stroke,2360.4605,6056.224,,32.5,1711.7356
13,stroke,2360.4605,1.3915536,38.5,39.5,0.25086913
14,stroke,2360.4605,0.8392064,10.0,44.0,0.18232676
2,stroke,2361.261,3019.1606,,23.5,835.7981
4,stroke,2361.261,6528.6562,,49.0,1975.0557
9,stroke,2361.261,3.9577484e-05,25.0,42.0,7.2888884e-06
12,stroke,2361.261,10976.361,46.5,47.5,1485.7257
14,stroke,2361.261,1.1093152,49.0,49.5,0.21254899
4,stroke,2362.063,5836.0347,,20.0,1925.9188
9,stroke,2362.063,2476.3938,,16.0,696.0941
12,stroke,2362.063,12297.065,,20.0,3369.076
14,stroke,2362.063,1.1762125,19.0,19.5,0.23414603
2,stroke,2362.8655,4312.3853,19.5,19.5,896.3057
4,stroke,2362.8655,6905.4727,,26.0,1937.5664
9,stroke,2362.8655,4131.1763,,26.5,931.06476
12,stroke,2362.8655,8398.847,11.0,28.0,1628.4846
13,stroke,2362.8655,0.7901411,,19.5,0.2035757
14,stroke,2362.8655,0.9257138,,23.0,0.22437082
