channel,hemisphere,stimulus_time,amplitude,latency,peak_time,baseline_std
1,healthy,1.199,2.6477237,7.0,19.5,0.6445653
3,healthy,1.199,3.2901092,33.0,39.5,0.7655371
4,healthy,1.199,116.537674,39.0,39.5,20.724472
5,healthy,1.199,2.6569889,40.5,41.0,0.7649889
6,healthy,1.199,1.3427091,30.5,31.0,0.28059334
7,healthy,1.199,5.9698973,6.5,41.5,1.0837383
1,healthy,2.143,18.444014,5.0,42.5,0.3888838
2,healthy,2.143,5.2773323,21.5,23.0,1.6665131
3,healthy,2.143,8.747311,10.0,42.5,0.4606504
4,healthy,2.143,103.71662,46.5,47.0,20.314543
5,healthy,2.143,18.098776,5.0,42.5,0.7388846
6,healthy,2.143,1.3748106,5.5,24.0,0.20490386
7,healthy,2.143,22.492437,5.0,42.5,2.6976194
1,healthy,3.1865,16.51001,5.0,42.0,1.3486372
2,healthy,3.1865,6.8540807,5.0,41.0,1.124214
3,healthy,3.1865,6.87307,7.5,19.0,1.1048459
4,healthy,3.1865,100.35575,37.5,38.0,16.37095
5,healthy,3.1865,17.04297,5.0,42.5,0.6741114
6,healthy,3.1865,1.1206486,,21.5,0.23989016
7,healthy,3.1865,20.291988,5.0,42.0,0.9655728
2,healthy,4.6625,9.14537,5.5,21.0,0.91401905
3,healthy,4.6625,3.6547031,,41.5,0.861105
4,healthy,4.6625,106.11783,30.0,30.0,20.900501
5,healthy,4.6625,2.9805968,,16.5,0.93694603
6,healthy,4.6625,0.9595369,,40.5,0.29964986
1,healthy,5.66,3.6352377,37.0,43.0,1.1074136
3,healthy,5.66,3.5711377,7.5,22.5,0.44712973
4,healthy,5.66,92.692726,40.0,40.5,17.58422
5,healthy,5.66,4.0244913,5.0,44.5,0.8786501
7,healthy,5.66,9.004865,,43.5,2.4119983
3,healthy,6.61,4.038164,,20.5,1.3294247
4,healthy,6.61,142.03891,35.0,36.0,20.55324
5,healthy,6.61,4.246952,5.0,17.0,0.95600325
6,healthy,6.61,1.0791504,47.5,47.5,0.21869713
2,healthy,8.346,6.667534,43.5,47.5,1.5090477
3,healthy,8.346,3.6099687,6.5,42.0,0.9231381
4,healthy,8.346,85.95561,,15.5,21.210417
5,healthy,8.346,3.0633426,,31.0,0.87559944
6,healthy,8.346,1.3016784,,17.5,0.2894067
1,healthy,9.216,2.7533624,19.0,20.5,0.55993813
2,healthy,9.216,10.518359,,37.5,3.2660134
3,healthy,9.216,71.06471,44.0,47.5,3.623064
4,healthy,9.216,92.14626,46.5,47.0,17.182064
5,healthy,9.216,5.4673343,12.0,48.5,0.8132894
6,healthy,9.216,0.9228312,,31.5,0.2912938
1,healthy,10.067,6.127181,22.5,47.0,0.7588571
2,healthy,10.067,6.3770595,38.5,46.0,1.6817172
3,healthy,10.067,4.210865,11.0,17.5,0.70219785
4,healthy,10.067,131.84244,32.5,33.5,15.16649
6,healthy,10.067,0.76612926,,43.0,0.24599265
1,healthy,10.894,3.2244549,5.0,21.0,0.9026498
4,healthy,10.894,103.08238,31.5,34.5,19.940666
5,healthy,10.894,3.9043405,5.5,22.0,1.0658655
6,healthy,10.894,0.90842396,,43.5,0.19714737
1,healthy,11.8345,2.6793442,,50.0,0.75466365
2,healthy,11.8345,3.6771283,,43.0,1.0971617
4,healthy,11.8345,107.16425,5.5,45.5,20.50013
5,healthy,11.8345,4.4839306,5.0,24.5,1.1175265
6,healthy,11.8345,0.8897511,,24.5,0.27969134
7,healthy,11.8345,4.472349,30.5,31.5,0.77777493
6,healthy,12.6425,1.2557827,24.0,24.5,0.22913072
1,healthy,13.528,3.7108839,7.5,35.0,0.4722553
3,healthy,13.528,3.186483,12.0,21.0,0.96368784
4,healthy,13.528,97.47729,42.0,42.5,20.987066
5,healthy,13.528,3.2463417,,18.0,0.97069657
6,healthy,13.528,1.0749466,11.0,17.5,0.2024662
7,healthy,13.528,6.5368676,10.5,32.0,1.0661477
2,healthy,15.572,6.9023814,47.5,48.5,1.2854711
3,healthy,15.572,25.918858,15.0,19.0,0.5677393
4,healthy,15.572,111.206024,6.5,46.0,18.72181
5,healthy,15.572,5.083747,5.0,28.5,0.68646693
6,healthy,15.572,0.82993865,6.0,28.0,0.22839324
1,healthy,16.594,4.0351586,6.0,37.5,0.6851999
4,healthy,16.594,94.97333,15.5,18.5,18.003723
5,healthy,16.594,3.5094333,7.5,44.5,0.5758499
6,healthy,16.594,0.9730035,,33.5,0.2779855
7,healthy,16.594,4.467028,,35.0,0.92717254
2,healthy,17.396,6.874087,9.0,41.5,0.91666526
4,healthy,17.396,77.0551,49.5,50.0,17.549898
5,healthy,17.396,4.2614355,14.0,15.0,0.92529
6,healthy,17.396,1.1205833,,22.5,0.25128594
7,healthy,17.396,4.024095,21.5,22.0,1.1544423
2,healthy,18.5795,8.805239,43.0,44.0,1.7788152
3,healthy,18.5795,4.997253,14.5,37.0,0.5408909
4,healthy,18.5795,77.942825,14.5,15.0,18.502302
5,healthy,18.5795,4.883589,7.0,21.0,0.5644542
6,healthy,18.5795,1.1009942,38.0,38.5,0.22103965
7,healthy,18.5795,6.132517,8.5,36.5,1.0940775
1,healthy,19.628,4.37848,22.5,23.0,0.9715
2,healthy,19.628,5.9214582,20.0,34.0,0.9540314
3,healthy,19.628,2.9289398,34.5,35.0,0.7499607
4,healthy,19.628,102.9516,,20.5,25.721972
5,healthy,19.628,3.3940074,33.5,33.5,0.7898898
6,healthy,19.628,0.976271,,44.5,0.2658921
7,healthy,19.628,8.667929,20.5,49.5,0.7599026
1,healthy,20.702,2.1935277,5.0,39.5,0.689284
3,healthy,20.702,154.83966,5.0,25.0,2.3556163
4,healthy,20.702,106.412964,11.0,50.0,19.193895
5,healthy,20.702,3.007951,17.5,38.0,0.7792528
6,healthy,20.702,1.0892451,,38.0,0.3170168
1,healthy,21.521,3.621089,10.5,32.5,0.4617476
4,healthy,21.521,112.11416,36.0,36.5,15.907171
5,healthy,21.521,3.0792816,7.0,40.5,0.70298797
6,healthy,21.521,1.1885109,27.0,27.5,0.22675343
7,healthy,21.521,5.1864357,25.5,33.0,0.93745834
1,healthy,23.4555,4.37233,42.5,43.0,1.0037581
3,healthy,23.4555,2.9766586,33.0,49.0,0.8953757
4,healthy,23.4555,103.00128,34.5,35.5,15.974147
5,healthy,23.4555,2.3272548,37.0,41.0,0.69515055
6,healthy,23.4555,1.2287402,31.0,31.5,0.23791155
2,healthy,25.025,5.8783693,7.0,17.5,1.3968713
3,healthy,25.025,70.29432,6.5,36.0,4.786371
4,healthy,25.025,87.96212,,38.0,22.824997
5,healthy,25.025,2.3262744,5.0,50.0,0.6004343
6,healthy,25.025,1.4032943,,27.5,0.33478475
7,healthy,25.025,5.4644613,,46.0,1.165219
1,healthy,27.118,3.0420022,5.0,27.5,0.4495302
4,healthy,27.118,98.96715,44.5,44.5,21.403616
5,healthy,27.118,4.697171,37.0,38.0,0.75376004
6,healthy,27.118,1.1154859,24.5,24.5,0.24170828
1,healthy,29.3885,2.7997782,5.0,15.0,0.42619732
3,healthy,29.3885,132.25888,15.0,16.0,15.361125
4,healthy,29.3885,102.54129,46.5,47.0,18.31059
5,healthy,29.3885,3.992325,47.5,47.5,0.9608357
6,healthy,29.3885,0.7933049,11.5,47.0,0.18445614
7,healthy,29.3885,6.5476027,37.0,38.0,1.8343072
1,healthy,33.229,3.1104028,5.0,47.5,0.8600345
3,healthy,33.229,150.06094,,45.0,33.91947
4,healthy,33.229,106.41446,8.5,46.5,14.154358
6,healthy,33.229,1.0719099,,35.5,0.24674056
7,healthy,33.229,7.313779,,32.5,1.7624762
1,healthy,40.047,5.277491,13.0,18.0,0.6236892
3,healthy,40.047,40.827026,8.0,29.5,2.0182679
5,healthy,40.047,3.4765177,46.0,46.5,0.8065091
6,healthy,40.047,0.93669426,14.0,20.0,0.2018309
7,healthy,40.047,3.5962884,8.0,48.5,0.7004552
3,healthy,40.866,201.04779,6.0,24.0,47.120735
4,healthy,40.866,121.50325,36.5,37.5,16.91398
6,healthy,40.866,1.151122,12.5,40.0,0.2697304
1,healthy,43.979,1.8159806,5.0,19.0,0.55452836
2,healthy,43.979,10.879502,40.5,48.0,1.5520961
4,healthy,43.979,98.68518,15.5,49.0,9.050997
5,healthy,43.979,4.168515,5.0,50.0,0.60746604
6,healthy,43.979,1.0573118,,25.5,0.3010144
7,healthy,43.979,3.7748303,19.0,33.0,0.924364
1,healthy,44.8505,30.95853,5.0,21.5,1.2010303
2,healthy,44.8505,83.871376,5.0,20.5,1.4262912
3,healthy,44.8505,16.61533,5.0,19.5,1.0699273
4,healthy,44.8505,103.06635,23.5,24.0,19.189333
5,healthy,44.8505,32.580193,5.0,22.0,0.6400102
6,healthy,44.8505,0.94017804,,49.0,0.283398
7,healthy,44.8505,18.813042,5.0,19.5,1.107578
2,healthy,45.752,4.657804,8.0,48.5,1.1311743
3,healthy,45.752,274.58673,15.5,19.5,18.433428
4,healthy,45.752,89.506744,34.0,34.5,20.343147
5,healthy,45.752,2.7702582,5.0,15.0,0.7778268
6,healthy,45.752,1.4817705,38.5,39.0,0.25373685
7,healthy,45.752,5.6731777,,34.0,1.8625375
3,healthy,47.2815,136.805,41.5,46.5,1.6138549
4,healthy,47.2815,98.86656,16.0,17.0,14.6804695
5,healthy,47.2815,3.7661533,5.0,27.5,0.7045242
6,healthy,47.2815,1.2898397,16.5,17.0,0.25077218
1,healthy,49.405,44.93457,5.0,20.5,0.4596386
2,healthy,49.405,128.00954,5.0,20.0,2.1275408
4,healthy,49.405,106.34697,,15.0,25.616116
5,healthy,49.405,39.523605,5.0,21.0,0.602807
7,healthy,49.405,19.62679,5.0,19.0,0.7160441
2,healthy,50.894,6.7058253,5.0,24.0,1.2826306
3,healthy,50.894,6.359663,23.5,24.0,1.618418
4,healthy,50.894,74.78328,,47.0,22.743977
6,healthy,50.894,0.7731898,5.0,34.5,0.23319885
7,healthy,50.894,3.1149085,5.0,18.5,1.030831
1,healthy,51.9585,40.155502,5.0,20.5,0.72201735
2,healthy,51.9585,160.2927,5.0,19.0,1.7523847
3,healthy,51.9585,230.93475,5.0,20.0,4.5918736
4,healthy,51.9585,104.038284,7.0,43.5,16.454737
5,healthy,51.9585,38.614315,5.0,21.5,0.77116954
7,healthy,51.9585,15.410681,5.0,19.0,1.5038853
1,healthy,54.6505,33.6944,5.0,20.5,0.50934845
2,healthy,54.6505,101.34674,5.0,16.5,2.5394297
3,healthy,54.6505,363.37097,17.0,18.5,31.644114
4,healthy,54.6505,72.88555,6.5,36.5,11.355763
5,healthy,54.6505,37.71572,5.0,21.0,0.51962405
6,healthy,54.6505,0.83459127,8.5,29.0,0.19547972
7,healthy,54.6505,16.17689,6.5,19.0,1.4113667
1,healthy,55.813,2.611852,50.0,50.0,0.80795294
2,healthy,55.813,26.078556,43.5,44.5,5.4334607
4,healthy,55.813,119.72851,19.0,23.0,16.37683
5,healthy,55.813,2.6233387,17.5,18.5,0.5022528
6,healthy,55.813,0.9901202,10.0,39.0,0.28146684
7,healthy,55.813,5.7363076,42.0,45.5,1.2032574
1,healthy,56.6505,2.8135967,5.0,17.0,0.5799904
3,healthy,56.6505,51.844482,18.0,20.0,5.4702764
4,healthy,56.6505,158.52086,37.0,38.0,25.113607
5,healthy,56.6505,5.2794347,,36.0,1.3948401
6,healthy,56.6505,0.8573178,,36.5,0.21645348
7,healthy,56.6505,4.0603123,,17.5,1.3365464
1,healthy,57.522,4.3132014,,48.0,1.365883
2,healthy,57.522,8.511827,5.0,40.5,1.963814
3,healthy,57.522,54.643806,18.5,19.5,6.690342
4,healthy,57.522,90.529495,10.0,30.0,25.71768
5,healthy,57.522,5.092308,44.5,45.0,1.1762773
6,healthy,57.522,0.8970697,,48.5,0.29804832
1,healthy,58.3525,4.2720246,27.0,43.0,1.1257461
2,healthy,58.3525,13.513714,5.0,36.0,1.5861278
3,healthy,58.3525,170.25027,34.5,38.0,25.29806
4,healthy,58.3525,81.29376,,30.5,19.594723
5,healthy,58.3525,3.4085102,26.5,27.0,0.91429424
6,healthy,58.3525,0.94341075,,19.0,0.27510336
1,healthy,59.231,3.2912495,10.0,40.5,0.5258324
2,healthy,59.231,18.038952,12.0,30.5,4.178353
3,healthy,59.231,112.76481,17.0,17.5,20.096186
4,healthy,59.231,86.79168,44.5,45.0,15.607848
5,healthy,59.231,3.9366484,30.0,30.5,0.97488797
6,healthy,59.231,0.8501574,,41.0,0.27663365
3,healthy,60.1495,143.45087,17.5,39.5,12.982451
4,healthy,60.1495,76.15071,,47.5,17.14378
5,healthy,60.1495,3.8676982,,43.0,1.0046557
6,healthy,60.1495,0.8688036,49.5,50.0,0.20465577
1,healthy,60.99,3.9702816,5.0,17.5,0.46277887
5,healthy,60.99,3.5702426,19.5,27.5,0.69516313
6,healthy,60.99,1.0095911,7.0,42.0,0.22164361
7,healthy,60.99,4.6372137,6.0,43.0,0.94819266
1,healthy,61.916,5.2999372,5.0,44.0,0.4876225
4,healthy,61.916,89.24332,,33.0,23.313194
5,healthy,61.916,5.640764,16.0,44.0,0.92487377
6,healthy,61.916,0.8884461,,42.5,0.21108289
3,healthy,62.7235,106.266525,35.0,35.5,15.739124
4,healthy,62.7235,125.44168,13.0,16.0,28.419405
5,healthy,62.7235,8.2973995,24.0,30.5,1.2220644
6,healthy,62.7235,1.2541096,5.0,43.5,0.26954228
7,healthy,62.7235,7.5588093,5.0,16.5,1.0810839
2,healthy,63.571,26.015972,5.0,16.0,2.771537
4,healthy,63.571,104.488556,,39.0,32.840622
5,healthy,63.571,5.810851,33.0,34.0,1.120953
6,healthy,63.571,1.008703,,16.0,0.24672405
1,healthy,64.397,3.1249256,,41.5,0.928067
3,healthy,64.397,5.676344,32.5,33.5,1.2730951
4,healthy,64.397,95.005936,,46.5,27.765574
6,healthy,64.397,0.9537982,,50.0,0.31214145
4,healthy,65.199,137.65488,5.5,50.0,17.231697
5,healthy,65.199,7.6592836,45.5,46.5,1.4570045
6,healthy,65.199,0.8491316,,37.0,0.2322334
1,healthy,66.051,4.373002,7.0,35.5,0.5866742
2,healthy,66.051,15.548197,14.5,48.0,3.0977411
3,healthy,66.051,12.528593,34.5,35.0,3.1111643
5,healthy,66.051,4.826516,30.0,30.5,0.95707536
6,healthy,66.051,1.24546,21.0,21.5,0.22526287
7,healthy,66.051,8.79257,21.0,23.5,0.6326401
1,healthy,66.8705,3.5292501,14.5,15.0,0.89257634
2,healthy,66.8705,7.743639,,32.5,2.2304177
3,healthy,66.8705,4.489709,33.0,33.0,0.92175543
4,healthy,66.8705,120.158905,15.0,15.5,24.046103
5,healthy,66.8705,5.5102167,,29.0,1.349704
6,healthy,66.8705,0.88870895,,20.5,0.2918598
7,healthy,66.8705,5.88629,9.5,27.0,1.2240555
1,healthy,67.703,7.2830544,,47.5,1.8781404
2,healthy,67.703,6.7940826,12.0,37.5,1.981561
3,healthy,67.703,4.1904516,49.5,49.5,1.2468343
4,healthy,67.703,116.528275,26.0,26.0,25.229229
5,healthy,67.703,7.7800717,5.0,33.5,1.6334574
6,healthy,67.703,1.0543178,,38.0,0.2711974
1,healthy,68.5035,5.4137025,,20.5,1.1811854
2,healthy,68.5035,14.140066,36.5,42.5,1.2321271
3,healthy,68.5035,2.8115063,16.0,46.5,0.5248094
4,healthy,68.5035,130.62637,26.0,26.5,24.559084
5,healthy,68.5035,7.323182,,31.5,1.998496
6,healthy,68.5035,0.9950548,,24.5,0.22917442
7,healthy,68.5035,6.3643074,5.0,37.0,0.9251748
1,healthy,69.304,27.00623,20.5,18.5,4.274944
3,healthy,69.304,55.650238,36.5,45.0,1.6682088
4,healthy,69.304,126.330154,42.0,42.5,25.598703
7,healthy,69.304,7.362118,19.0,43.0,1.211848
1,healthy,70.14,53.562256,46.0,46.5,7.812008
2,healthy,70.14,12.772306,,26.5,3.8169096
4,healthy,70.14,97.91584,,22.5,23.429308
5,healthy,70.14,5.9432,,21.5,1.3030633
1,healthy,71.0285,28.176445,,23.0,6.4824276
3,healthy,71.0285,59.157883,5.0,39.5,8.099985
4,healthy,71.0285,101.58905,31.0,31.0,23.573458
5,healthy,71.0285,6.6488295,,42.5,1.4508017
6,healthy,71.0285,1.0849849,,48.5,0.27205133
7,healthy,71.0285,4.0689235,28.5,35.5,0.63354045
1,healthy,71.8295,29.074306,40.5,41.0,6.4357376
2,healthy,71.8295,10.693823,21.5,26.5,2.4842894
3,healthy,71.8295,175.31023,29.5,33.0,16.633923
4,healthy,71.8295,144.0964,40.5,41.5,14.853155
5,healthy,71.8295,6.0855,,31.5,1.5513685
6,healthy,71.8295,1.3151126,46.0,46.5,0.22761056
7,healthy,71.8295,8.39149,,42.5,2.2183843
1,healthy,72.6335,41.044678,35.0,35.5,6.0917244
2,healthy,72.6335,13.764458,36.0,46.0,1.2862343
3,healthy,72.6335,3.0411162,5.0,25.5,0.81494856
4,healthy,72.6335,161.1991,18.5,49.5,30.788824
5,healthy,72.6335,5.69466,,19.0,1.6033747
6,healthy,72.6335,1.363636,33.5,33.5,0.30335143
7,healthy,72.6335,5.4002705,5.0,21.5,0.5594366
3,healthy,73.434,18.758905,27.0,42.0,0.94874424
4,healthy,73.434,213.00339,21.5,22.5,37.635433
5,healthy,73.434,6.9156694,26.5,27.0,1.4883761
6,healthy,73.434,1.314826,49.0,49.0,0.25581682
7,healthy,73.434,7.0378995,40.5,42.0,1.4730805
2,healthy,74.2355,26.558735,8.0,18.0,3.5133033
3,healthy,74.2355,208.3978,23.5,23.5,40.715714
4,healthy,74.2355,289.28778,,36.0,68.141174
5,healthy,74.2355,10.510298,17.5,17.5,2.3245351
6,healthy,74.2355,1.091887,,27.0,0.2790011
7,healthy,74.2355,181.30351,15.0,19.0,6.8692083
1,healthy,75.053,27.59637,17.5,17.5,5.6247354
2,healthy,75.053,11.817349,5.0,22.5,1.273958
3,healthy,75.053,69.00923,8.0,42.5,21.579529
4,healthy,75.053,277.50348,32.5,35.0,50.78648
5,healthy,75.053,10.04459,18.0,18.0,2.3893638
2,healthy,75.8625,15.030634,,46.5,3.8892388
3,healthy,75.8625,180.00717,33.5,37.0,22.871653
4,healthy,75.8625,269.78937,28.0,39.0,50.82741
5,healthy,75.8625,7.4928527,26.5,26.5,2.0185733
7,healthy,75.8625,56.24421,15.5,29.0,1.3124391
1,healthy,76.685,79.030594,,16.5,21.325417
2,healthy,76.685,31.807245,36.5,37.0,6.09841
4,healthy,76.685,351.664,48.5,49.0,54.229362
5,healthy,76.685,4.247938,29.0,34.0,0.9939587
6,healthy,76.685,1.0544116,6.0,34.0,0.24708478
1,healthy,77.538,122.87195,13.5,16.0,19.317375
2,healthy,77.538,23.834892,8.5,45.5,4.4390655
4,healthy,77.538,276.19714,18.0,18.0,51.51764
5,healthy,77.538,5.087314,13.0,47.5,1.0082073
6,healthy,77.538,1.2747157,29.0,29.0,0.25231746
7,healthy,77.538,12.669746,50.0,50.0,2.978372
1,healthy,78.3445,7.8108706,6.5,26.5,2.4559474
2,healthy,78.3445,10.292005,27.0,36.5,1.4577384
4,healthy,78.3445,226.63498,18.0,46.0,41.462894
5,healthy,78.3445,4.2493625,6.5,50.0,0.981844
6,healthy,78.3445,0.8113134,5.5,37.5,0.25808987
1,healthy,79.1615,24.729464,36.0,36.5,4.186224
2,healthy,79.1615,8.052392,40.5,42.5,2.1190016
3,healthy,79.1615,19.665909,5.0,25.0,0.71551263
4,healthy,79.1615,322.2035,26.0,26.0,63.87075
5,healthy,79.1615,5.582826,,19.5,1.3027319
6,healthy,79.1615,0.94568545,48.0,48.0,0.2237825
1,healthy,79.971,30.92804,37.5,37.5,5.9432507
2,healthy,79.971,11.044745,30.0,31.5,1.3462182
3,healthy,79.971,17.662075,11.0,15.0,3.942471
4,healthy,79.971,279.51782,,27.0,61.585026
5,healthy,79.971,5.7183456,42.5,42.5,1.165975
6,healthy,79.971,0.85572594,,44.0,0.2846841
7,healthy,79.971,4.1248384,6.0,15.0,1.0767975
1,healthy,80.7725,47.63579,37.5,41.0,6.3136377
2,healthy,80.7725,25.201126,13.5,19.5,3.5517592
3,healthy,80.7725,93.88438,49.0,50.0,18.37261
4,healthy,80.7725,236.43903,42.5,42.5,47.67638
5,healthy,80.7725,6.255312,31.0,31.5,1.2883692
6,healthy,80.7725,0.8418507,,41.0,0.25826064
1,healthy,81.5945,125.91718,,18.5,31.65243
2,healthy,81.5945,47.135582,,37.5,11.197739
3,healthy,81.5945,175.07236,24.0,24.5,25.523684
4,healthy,81.5945,280.79544,10.5,42.0,61.964005
5,healthy,81.5945,9.576554,33.5,40.5,1.1947919
6,healthy,81.5945,1.0584178,16.0,16.0,0.25677812
1,healthy,82.414,133.50032,5.5,27.5,28.536896
2,healthy,82.414,41.3347,,37.0,9.919654
3,healthy,82.414,45.320744,13.0,15.0,5.5710483
4,healthy,82.414,371.3455,22.0,25.5,46.63106
5,healthy,82.414,7.376363,37.5,38.0,1.2860994
6,healthy,82.414,1.3298774,22.5,45.5,0.18940558
7,healthy,82.414,19.835562,5.0,19.0,2.3499324
1,healthy,83.2585,203.3325,27.0,27.5,28.735004
3,healthy,83.2585,77.35422,50.0,50.0,21.437916
4,healthy,83.2585,211.30766,,48.5,63.533047
5,healthy,83.2585,7.126624,17.0,17.5,1.4609408
6,healthy,83.2585,0.70594776,12.0,18.5,0.21286646
1,healthy,84.0925,119.954926,11.0,25.5,29.221308
2,healthy,84.0925,37.68141,,20.0,9.094308
4,healthy,84.0925,299.90363,11.5,36.0,48.334927
5,healthy,84.0925,4.607786,,29.0,1.289288
6,healthy,84.0925,1.0465188,,38.5,0.27216122
7,healthy,84.0925,56.821144,27.0,28.5,1.9859767
1,healthy,84.945,47.98762,,49.0,14.208292
2,healthy,84.945,15.396344,37.0,41.5,3.1551044
3,healthy,84.945,3.9590478,30.5,40.0,0.7434873
4,healthy,84.945,329.62405,20.0,23.5,51.40322
5,healthy,84.945,5.218311,6.0,17.0,0.9730194
6,healthy,84.945,1.2268617,29.5,44.0,0.18783143
7,healthy,84.945,4.4588623,39.5,49.5,1.0568167
1,healthy,85.756,35.452488,21.0,21.5,5.759713
2,healthy,85.756,11.529555,,49.0,3.1619735
4,healthy,85.756,358.84662,7.5,39.0,38.262554
5,healthy,85.756,6.1999197,,15.0,1.785501
6,healthy,85.756,0.8925024,,25.5,0.2674522
1,healthy,86.567,25.787064,,21.5,7.905518
3,healthy,86.567,5.301568,22.5,31.5,0.9208558
4,healthy,86.567,290.14392,26.5,29.5,54.925446
5,healthy,86.567,5.6528797,,32.5,1.1884503
6,healthy,86.567,1.0574505,22.0,22.5,0.23897651
7,healthy,86.567,5.7215757,42.0,50.0,1.293675
1,healthy,87.401,212.69107,18.5,19.0,40.583965
2,healthy,87.401,28.444496,21.0,21.5,4.8067727
3,healthy,87.401,2.5448291,5.0,33.0,0.7001073
4,healthy,87.401,281.6646,45.0,45.5,44.792133
5,healthy,87.401,10.9231205,21.0,22.5,1.1046034
6,healthy,87.401,1.1272587,17.0,17.0,0.2362736
1,healthy,88.328,158.11516,22.0,22.0,31.690023
2,healthy,88.328,33.491135,,30.5,7.582922
3,healthy,88.328,2.6571436,8.0,37.0,0.6288398
4,healthy,88.328,215.54059,39.5,40.0,38.355618
5,healthy,88.328,5.3137527,14.0,17.5,1.0282396
6,healthy,88.328,1.1275609,50.0,50.0,0.204064
7,healthy,88.328,3.4870033,5.0,33.5,0.6272025
1,healthy,89.151,160.9997,20.0,32.5,22.409454
2,healthy,89.151,22.524208,21.0,28.0,5.413777
3,healthy,89.151,4.244841,5.5,16.0,0.91583097
4,healthy,89.151,336.91647,11.0,32.5,44.24529
5,healthy,89.151,4.971201,,28.0,1.4682986
6,healthy,89.151,0.9213879,,49.5,0.23325059
7,healthy,89.151,8.0847645,38.0,42.0,1.3572438
1,healthy,89.9715,52.296684,14.0,15.0,13.187643
4,healthy,89.9715,170.99162,6.0,38.5,47.579086
5,healthy,89.9715,4.514949,6.5,48.5,1.0965676
6,healthy,89.9715,1.0354236,,23.0,0.27497888
7,healthy,89.9715,5.4825373,43.0,45.0,1.7737237
1,healthy,90.855,50.77213,5.0,42.5,3.7714648
2,healthy,90.855,335.38315,26.0,36.0,5.6719275
4,healthy,90.855,294.1253,5.0,33.0,51.781338
5,healthy,90.855,4.2700925,19.0,45.5,0.9492224
1,healthy,91.665,30.973892,21.5,21.5,6.551983
3,healthy,91.665,3.4509416,26.5,43.5,0.46701172
4,healthy,91.665,169.292,,49.0,52.68613
5,healthy,91.665,7.0412908,29.0,29.5,1.2650994
6,healthy,91.665,0.76510406,,43.0,0.25401983
1,healthy,92.4695,54.729332,40.0,40.5,10.093117
3,healthy,92.4695,4.9030185,27.0,37.5,1.0462807
4,healthy,92.4695,310.84314,5.0,18.5,46.066887
5,healthy,92.4695,6.970139,5.0,17.5,0.62472147
6,healthy,92.4695,1.1943636,19.0,19.0,0.24561572
7,healthy,92.4695,5.278697,5.0,46.0,0.8724567
1,healthy,93.34,48.0663,10.0,32.5,11.497707
2,healthy,93.34,10.028737,,49.0,3.2544363
4,healthy,93.34,317.00922,,48.5,70.239006
5,healthy,93.34,5.080188,33.0,34.0,1.2611319
6,healthy,93.34,0.8142576,,41.0,0.21183324
7,healthy,93.34,6.151686,8.0,20.5,1.1652267
1,healthy,94.1515,66.301735,,34.0,15.86811
2,healthy,94.1515,17.13766,25.5,45.0,3.0428426
3,healthy,94.1515,9.771688,30.0,31.5,0.8098094
4,healthy,94.1515,263.88208,44.0,44.5,42.20774
5,healthy,94.1515,6.006215,45.5,45.5,1.1650562
6,healthy,94.1515,1.0536861,16.5,16.5,0.22939005
1,healthy,94.966,70.71648,,17.5,18.883928
2,healthy,94.966,13.071731,23.0,24.0,2.3093503
4,healthy,94.966,261.91754,36.0,36.5,53.475155
5,healthy,94.966,6.640991,37.0,37.5,1.188778
6,healthy,94.966,1.1802444,34.0,34.5,0.20730567
7,healthy,94.966,6.027202,5.0,48.0,0.86772466
1,healthy,95.8065,78.06906,32.5,32.5,17.163977
2,healthy,95.8065,10.339597,,39.5,2.9692695
4,healthy,95.8065,251.78665,,40.5,68.195496
5,healthy,95.8065,5.170936,,27.0,1.355991
6,healthy,95.8065,0.7898724,,35.5,0.21967426
1,healthy,96.6265,40.669724,33.5,34.0,8.967265
2,healthy,96.6265,32.304268,22.0,27.0,5.1784177
3,healthy,96.6265,290.06717,12.0,36.5,4.0649924
4,healthy,96.6265,278.32776,26.5,27.0,45.047703
5,healthy,96.6265,5.746978,9.5,25.5,1.3765684
6,healthy,96.6265,1.0031607,5.0,26.5,0.22295402
7,healthy,96.6265,3.7765894,,36.0,1.2412647
1,healthy,97.4555,27.569838,,17.5,7.529708
4,healthy,97.4555,212.91583,23.5,23.5,43.280525
5,healthy,97.4555,9.4613085,22.5,23.5,1.766847
6,healthy,97.4555,0.9450849,13.0,24.5,0.21857996
7,healthy,97.4555,2.8838172,7.5,26.0,0.8620776
1,healthy,98.2765,28.04237,,22.5,8.543661
3,healthy,98.2765,3.8560138,6.0,18.0,0.799129
4,healthy,98.2765,294.62003,29.5,29.5,58.066273
5,healthy,98.2765,6.405698,48.0,48.5,1.1529245
6,healthy,98.2765,0.9465715,,36.5,0.24349387
7,healthy,98.2765,5.052538,49.5,49.5,1.0628778
1,healthy,99.0785,27.111202,38.0,38.5,4.096016
2,healthy,99.0785,8.735492,,45.5,2.7799368
3,healthy,99.0785,5.765416,5.0,16.0,0.6257269
4,healthy,99.0785,354.07935,38.0,39.0,47.934322
5,healthy,99.0785,5.506988,,29.5,1.6683667
6,healthy,99.0785,0.9955309,,30.0,0.25281677
7,healthy,99.0785,7.726071,5.0,18.0,1.8567387
1,healthy,99.9065,27.03332,39.5,40.0,6.8480387
4,healthy,99.9065,173.63107,6.0,33.0,39.014328
5,healthy,99.9065,5.3590717,,23.0,1.5467288
6,healthy,99.9065,0.8649552,,47.5,0.21721481
1,healthy,100.7155,66.23083,44.0,47.5,8.308455
2,healthy,100.7155,6.908252,14.0,17.5,1.3483256
3,healthy,100.7155,135.185,32.5,36.0,18.32607
4,healthy,100.7155,424.27283,25.5,29.5,66.3608
5,healthy,100.7155,4.7841578,8.0,27.5,1.1715053
6,healthy,100.7155,1.0602341,,44.5,0.26469782
7,healthy,100.7155,3.132896,12.5,25.5,1.0094066
1,healthy,101.5385,35.09169,,22.0,8.278073
2,healthy,101.5385,21.280218,7.5,28.5,4.849937
4,healthy,101.5385,285.72003,23.0,23.5,51.3526
5,healthy,101.5385,11.167162,20.5,21.5,1.1674811
6,healthy,101.5385,1.1353825,,48.5,0.26570702
1,healthy,102.3435,43.632713,36.5,41.0,5.0489974
2,healthy,102.3435,108.44274,26.5,30.0,16.219551
4,healthy,102.3435,165.54735,5.0,16.0,33.727936
6,healthy,102.3435,0.9148716,,36.0,0.267751
7,healthy,102.3435,5.9636354,13.5,24.0,1.3466872
3,healthy,103.146,77.98685,17.5,33.5,1.7615882
4,healthy,103.146,217.75404,,35.5,51.112354
5,healthy,103.146,9.31591,25.5,26.5,1.424293
6,healthy,103.146,1.6031587,32.5,33.5,0.24201804
7,healthy,103.146,9.942675,22.5,29.5,1.0593021
1,healthy,103.949,38.756165,,50.0,8.905869
2,healthy,103.949,11.340313,21.5,41.5,1.7314923
4,healthy,103.949,466.896,28.5,32.0,55.962494
5,healthy,103.949,7.5942836,,27.5,2.086665
6,healthy,103.949,0.9908999,,25.0,0.3272354
7,healthy,103.949,51.72001,40.0,41.0,3.5848386
1,healthy,104.7505,68.32289,43.0,43.5,13.403453
3,healthy,104.7505,191.50343,24.5,28.5,9.625655
4,healthy,104.7505,251.39984,14.0,15.0,46.91449
5,healthy,104.7505,11.711536,23.5,23.5,2.3993585
6,healthy,104.7505,0.93199944,,24.5,0.25095257
1,healthy,105.5535,66.36094,41.5,45.0,9.678476
4,healthy,105.5535,322.70154,18.5,19.5,41.981018
5,healthy,105.5535,10.415612,23.0,24.5,1.8020922
6,healthy,105.5535,1.0619273,26.5,26.5,0.23347804
2,healthy,106.3545,23.368229,,46.0,6.1863503
4,healthy,106.3545,227.14597,,43.5,58.249287
5,healthy,106.3545,15.011067,31.5,32.5,1.8616776
6,healthy,106.3545,0.93264437,,17.5,0.29501292
7,healthy,106.3545,19.093327,8.0,17.5,2.3661692
1,healthy,107.155,82.299355,5.0,22.5,11.444042
2,healthy,107.155,29.667057,50.0,50.0,8.066399
4,healthy,107.155,215.74904,,32.5,64.134224
6,healthy,107.155,1.0297592,17.5,17.5,0.22421098
7,healthy,107.155,51.583824,42.5,44.0,5.7628245
1,healthy,107.965,79.82904,28.0,28.5,17.396902
2,healthy,107.965,26.629011,21.0,24.0,4.9387593
3,healthy,107.965,217.7626,22.5,30.0,23.384548
4,healthy,107.965,252.01762,24.5,25.0,45.51353
5,healthy,107.965,9.522567,5.0,22.5,1.7185917
6,healthy,107.965,1.2085476,5.0,23.5,0.16368884
7,healthy,107.965,19.613762,6.0,44.0,2.887224
1,healthy,108.7675,84.929016,,16.5,17.866259
4,healthy,108.7675,256.8876,25.5,26.0,53.198284
5,healthy,108.7675,10.3406315,44.5,45.0,1.8746507
6,healthy,108.7675,1.6080422,31.5,35.5,0.20174147
7,healthy,108.7675,48.6875,34.5,36.0,3.6362474
1,healthy,109.572,78.565384,46.0,50.0,11.327917
4,healthy,109.572,176.29443,,17.0,46.81102
5,healthy,109.572,7.991332,,20.0,2.0228338
6,healthy,109.572,0.8119748,,49.5,0.2285417
1,healthy,110.3755,5.522037,5.0,48.5,1.128333
3,healthy,110.3755,361.9892,25.0,29.0,14.195925
4,healthy,110.3755,269.83423,25.0,25.0,48.710663
6,healthy,110.3755,1.1853024,19.0,19.0,0.26528984
7,healthy,110.3755,67.923355,34.5,35.0,7.4251328
1,healthy,111.1795,63.079475,35.0,38.5,7.262636
3,healthy,111.1795,175.9282,,24.0,51.786263
4,healthy,111.1795,253.35898,19.5,32.5,50.55473
5,healthy,111.1795,11.450245,,41.0,3.2901149
6,healthy,111.1795,1.028252,,28.5,0.26551375
7,healthy,111.1795,72.84429,26.0,26.5,13.513168
1,healthy,111.991,35.857647,6.0,42.5,7.126782
2,healthy,111.991,5.204294,48.0,50.0,1.6032852
5,healthy,111.991,6.8487372,,37.5,2.2582786
6,healthy,111.991,1.1212246,50.0,50.0,0.2631592
7,healthy,111.991,74.45215,30.5,31.0,10.670977
1,healthy,112.8295,81.25647,39.0,43.0,13.443878
2,healthy,112.8295,5.926605,19.5,29.0,1.4903989
3,healthy,112.8295,133.95605,41.0,46.0,10.816496
4,healthy,112.8295,126.51853,,38.0,33.88277
5,healthy,112.8295,4.3965216,34.5,35.0,1.0688368
6,healthy,112.8295,0.84494036,,26.0,0.27759364
1,healthy,113.713,156.50916,,50.0,44.882
2,healthy,113.713,90.45065,26.0,44.5,5.9637136
3,healthy,113.713,220.59547,18.0,19.5,9.953229
4,healthy,113.713,174.02579,5.0,31.0,49.46713
5,healthy,113.713,9.047156,18.5,35.5,1.423761
6,healthy,113.713,1.2611364,25.0,25.0,0.28253478
1,healthy,114.5155,143.78014,,32.5,46.48994
3,healthy,114.5155,182.85019,14.5,18.0,27.152
5,healthy,114.5155,7.128413,,16.5,1.8731225
6,healthy,114.5155,1.123962,,46.0,0.23907033
1,healthy,115.3315,153.75621,22.0,22.5,24.360128
3,healthy,115.3315,109.763824,5.0,15.5,33.1069
5,healthy,115.3315,7.0270643,22.0,22.5,1.4116477
6,healthy,115.3315,1.3378274,43.5,44.0,0.25667045
1,healthy,116.138,134.20723,,27.0,32.6358
2,healthy,116.138,17.012634,17.0,43.0,3.59949
3,healthy,116.138,76.47472,26.5,27.0,11.231879
4,healthy,116.138,158.91492,,37.0,47.808044
6,healthy,116.138,1.4047489,5.5,31.5,0.2445579
7,healthy,116.138,15.824247,,28.0,4.609559
1,healthy,116.94,216.36852,11.5,36.5,37.252888
2,healthy,116.94,12.75202,8.0,18.0,2.6573908
4,healthy,116.94,146.51006,20.5,20.5,31.39033
5,healthy,116.94,8.017174,48.0,48.5,1.4574624
6,healthy,116.94,0.9174931,,20.0,0.26643932
7,healthy,116.94,20.111168,7.0,15.0,2.4424803
1,healthy,117.8345,230.30693,18.5,19.0,38.616253
2,healthy,117.8345,15.359397,7.5,18.5,3.138167
4,healthy,117.8345,126.5452,,38.5,34.24536
5,healthy,117.8345,5.77742,8.5,22.0,1.4285735
6,healthy,117.8345,1.0231552,25.0,25.5,0.2118407
7,healthy,117.8345,71.972115,37.0,38.0,4.654988
1,healthy,118.6745,128.41193,,25.5,37.961506
2,healthy,118.6745,28.22916,5.0,47.0,6.910775
3,healthy,118.6745,220.32587,,36.5,65.70726
4,healthy,118.6745,188.90703,12.5,20.5,33.393787
5,healthy,118.6745,9.092567,18.0,19.0,1.4978708
6,healthy,118.6745,0.96461,,46.5,0.27047113
7,healthy,118.6745,75.62839,14.5,20.0,2.7751822
1,healthy,119.4755,144.53207,27.5,27.5,34.857357
3,healthy,119.4755,572.45276,19.5,47.5,11.608001
5,healthy,119.4755,11.397634,,15.5,2.6771586
6,healthy,119.4755,0.7969714,,37.0,0.24074684
7,healthy,119.4755,73.865974,35.5,36.5,7.4576716
1,healthy,120.276,187.57137,22.5,23.0,25.228136
2,healthy,120.276,49.45791,29.5,30.0,7.5035467
3,healthy,120.276,290.1675,43.0,46.0,39.762943
4,healthy,120.276,176.2473,38.0,38.0,35.20155
5,healthy,120.276,12.091124,17.5,40.0,1.3282512
6,healthy,120.276,1.0222561,,35.5,0.29454115
7,healthy,120.276,75.46624,30.0,33.0,2.9581046
1,healthy,121.077,167.87541,9.0,34.0,42.359493
2,healthy,121.077,53.46418,14.0,42.0,7.1351447
4,healthy,121.077,131.8839,8.0,47.5,26.735548
6,healthy,121.077,1.2737801,34.0,34.5,0.24105401
1,healthy,121.8975,119.51236,13.5,35.5,27.518925
2,healthy,121.8975,26.142876,21.5,22.5,7.145115
3,healthy,121.8975,171.34866,6.5,43.5,24.730394
4,healthy,121.8975,137.47073,13.5,15.0,31.500013
6,healthy,121.8975,1.1820959,12.0,15.5,0.25413352
7,healthy,121.8975,25.829027,48.0,48.5,4.9697213
1,healthy,122.723,140.03171,,28.0,29.192638
3,healthy,122.723,178.33826,35.5,38.0,32.13727
4,healthy,122.723,142.15439,37.0,37.5,26.10764
5,healthy,122.723,6.5272017,,32.0,1.468095
6,healthy,122.723,0.9041198,,33.5,0.27209008
7,healthy,122.723,19.786488,7.5,21.0,1.248612
1,healthy,123.5455,170.7916,37.5,37.5,32.469494
2,healthy,123.5455,34.53107,49.0,50.0,6.482514
3,healthy,123.5455,183.53528,46.5,46.5,38.70727
4,healthy,123.5455,133.3303,29.5,29.5,27.622972
5,healthy,123.5455,5.846454,19.5,30.0,1.1343861
6,healthy,123.5455,1.1976337,,47.0,0.2743031
7,healthy,123.5455,75.46199,16.5,19.5,3.0297267
1,healthy,124.355,82.52499,7.5,42.0,21.546738
2,healthy,124.355,16.307407,,46.0,5.1553206
3,healthy,124.355,2.479112,,20.0,0.65456975
4,healthy,124.355,81.03608,,41.0,24.960075
5,healthy,124.355,4.646486,,48.5,1.5211117
6,healthy,124.355,1.0981674,19.0,19.5,0.2195619
1,healthy,125.168,3.3240051,13.0,38.5,1.0012012
3,healthy,125.168,373.93506,33.5,34.5,38.34761
4,healthy,125.168,163.63835,,24.0,41.967533
6,healthy,125.168,1.1328821,34.0,48.5,0.19134577
7,healthy,125.168,77.9339,15.5,19.0,2.4314384
1,healthy,126.0035,36.762474,26.0,26.0,6.318105
2,healthy,126.0035,22.564022,6.5,34.0,3.9928145
4,healthy,126.0035,189.3688,24.5,25.5,26.288118
5,healthy,126.0035,8.044231,37.0,37.5,1.0799259
6,healthy,126.0035,0.99951005,,50.0,0.26549658
7,healthy,126.0035,76.01525,40.5,41.0,11.385498
1,healthy,126.809,60.550323,35.5,37.0,7.4819984
2,healthy,126.809,156.33601,34.0,36.0,5.848378
3,healthy,126.809,144.37135,6.5,50.0,7.16582
4,healthy,126.809,162.68172,28.5,29.0,24.378283
5,healthy,126.809,75.89831,7.0,37.0,1.5664238
6,healthy,126.809,1.242718,18.0,19.0,0.20900363
7,healthy,126.809,57.297874,35.0,35.0,10.856506
1,healthy,127.6475,99.72159,,30.5,27.731354
2,healthy,127.6475,45.024796,5.5,31.0,6.3661137
4,healthy,127.6475,207.23553,33.0,33.5,32.5314
5,healthy,127.6475,7.075616,23.5,48.5,1.3336326
6,healthy,127.6475,1.035176,36.0,36.0,0.2296541
1,healthy,128.5365,196.29385,37.5,38.0,26.04269
3,healthy,128.5365,76.2455,7.0,28.5,4.4028926
4,healthy,128.5365,146.0798,14.5,15.0,27.139826
5,healthy,128.5365,7.176432,9.5,46.0,1.0231222
6,healthy,128.5365,0.87042797,,22.0,0.27250862
1,healthy,129.338,135.93771,22.0,44.5,21.098001
2,healthy,129.338,46.54269,27.5,31.0,5.113235
4,healthy,129.338,157.14551,16.0,16.5,26.274355
5,healthy,129.338,7.5215015,24.5,24.5,1.4682881
6,healthy,129.338,0.9273294,,47.0,0.22576918
7,healthy,129.338,57.742966,49.0,49.5,5.214461
1,healthy,130.146,164.76376,39.0,39.0,35.361355
2,healthy,130.146,45.83023,14.0,40.5,7.8812437
4,healthy,130.146,167.36401,5.5,24.0,43.705345
5,healthy,130.146,9.074131,,29.0,2.1272187
6,healthy,130.146,1.0985855,,32.5,0.27753505
7,healthy,130.146,74.88593,18.0,21.0,3.973561
1,healthy,130.9765,213.67761,18.5,35.5,36.403645
2,healthy,130.9765,37.286892,17.0,17.0,11.622039
4,healthy,130.9765,151.8587,34.0,34.0,35.38466
5,healthy,130.9765,7.509081,23.5,24.0,1.4008065
6,healthy,130.9765,1.4915931,30.5,47.5,0.2844674
7,healthy,130.9765,14.362074,5.0,28.0,3.1683333
1,healthy,131.788,97.31926,11.0,42.0,14.476251
2,healthy,131.788,20.291195,22.0,23.0,3.8645158
5,healthy,131.788,4.722028,5.0,43.0,1.0912938
6,healthy,131.788,0.90650296,35.5,36.0,0.19050342
7,healthy,131.788,74.62746,20.0,23.5,2.3966167
1,healthy,132.5955,89.67134,43.0,43.5,13.974181
2,healthy,132.5955,10.181399,8.5,25.5,2.042054
3,healthy,132.5955,163.63112,8.5,45.0,0.8235131
4,healthy,132.5955,175.22278,34.5,40.0,20.952478
5,healthy,132.5955,12.902544,38.0,41.5,1.562019
1,healthy,133.3995,85.561844,10.0,30.5,17.52866
6,healthy,133.3995,0.8676404,,15.0,0.23841226
7,healthy,133.3995,20.254175,6.0,28.5,3.428619
1,healthy,134.222,187.94246,17.0,17.5,33.043125
2,healthy,134.222,34.135918,28.5,28.5,8.226287
3,healthy,134.222,57.38126,20.0,20.5,9.873728
5,healthy,134.222,6.092314,44.0,44.0,1.4756753
6,healthy,134.222,1.0285045,11.0,23.5,0.18115422
7,healthy,134.222,75.87021,23.0,26.5,2.9879515
1,healthy,135.0255,195.79364,21.0,21.5,44.381847
2,healthy,135.0255,46.841072,29.0,29.5,10.978858
4,healthy,135.0255,154.50499,30.5,31.0,41.866413
5,healthy,135.0255,6.559348,5.0,35.0,1.5355749
6,healthy,135.0255,1.0647653,,17.5,0.26811263
7,healthy,135.0255,76.40181,35.5,38.5,3.7586873
1,healthy,135.8325,166.48526,23.5,23.5,34.433018
2,healthy,135.8325,50.20893,,42.0,13.384763
3,healthy,135.8325,140.20145,29.5,30.0,21.708597
4,healthy,135.8325,109.960205,,46.0,27.714664
5,healthy,135.8325,8.296539,5.5,27.5,2.5644689
6,healthy,135.8325,0.7737458,,41.5,0.25079107
1,healthy,136.672,139.2366,,19.5,45.80485
4,healthy,136.672,163.34389,11.0,29.5,20.043495
5,healthy,136.672,6.9640803,14.0,47.0,1.1443328
6,healthy,136.672,1.1682458,,50.0,0.2374941
1,healthy,137.497,178.4063,32.0,32.5,35.853703
2,healthy,137.497,34.490612,,46.5,8.84549
3,healthy,137.497,73.26731,39.0,42.5,8.589658
4,healthy,137.497,187.23956,23.0,23.5,26.971502
6,healthy,137.497,1.0862173,49.0,49.0,0.22027665
7,healthy,137.497,17.332117,9.5,27.0,2.7326047
1,healthy,138.2975,160.89331,35.0,35.5,24.18058
2,healthy,138.2975,27.676151,25.5,27.5,5.1987257
3,healthy,138.2975,159.99994,30.0,34.0,8.411758
4,healthy,138.2975,90.28807,5.5,18.0,24.109358
5,healthy,138.2975,8.5421715,47.5,48.5,1.6725396
6,healthy,138.2975,1.0472023,46.0,46.5,0.22996777
1,healthy,139.104,163.05688,7.5,33.0,29.027662
2,healthy,139.104,24.52413,11.0,50.0,4.0263696
3,healthy,139.104,101.58984,12.0,15.5,13.736334
4,healthy,139.104,95.77757,6.5,35.5,22.123697
5,healthy,139.104,7.464779,6.5,25.5,2.2974033
6,healthy,139.104,1.2208357,35.5,35.5,0.24533929
1,healthy,139.919,221.9392,29.5,30.0,29.786144
2,healthy,139.919,17.647738,,16.0,5.0653954
3,healthy,139.919,207.45206,37.0,40.5,22.033081
4,healthy,139.919,119.782364,,15.5,25.423176
5,healthy,139.919,6.908471,,16.0,2.1966386
6,healthy,139.919,1.2509624,26.5,26.5,0.26613837
1,healthy,140.732,65.382095,34.0,34.0,12.888363
2,healthy,140.732,21.286535,32.5,34.0,3.541111
4,healthy,140.732,102.69075,10.0,15.0,27.973215
5,healthy,140.732,10.706619,49.0,49.5,2.102514
7,healthy,140.732,72.60189,21.0,24.5,4.0250807
2,healthy,141.5505,11.1042,,21.5,2.7512527
3,healthy,141.5505,44.677845,6.0,27.0,2.9666066
4,healthy,141.5505,108.472,7.0,33.5,26.515451
5,healthy,141.5505,6.4178886,40.5,41.0,1.6266202
7,healthy,141.5505,77.40479,20.0,24.0,1.5855964
1,healthy,142.356,49.431854,37.5,38.0,8.915363
2,healthy,142.356,12.69294,5.5,17.5,3.2154381
4,healthy,142.356,121.32208,33.0,34.0,26.261312
5,healthy,142.356,6.512483,,39.0,2.0801907
6,healthy,142.356,1.1529802,,31.0,0.2511498
1,healthy,143.179,81.510605,15.0,15.5,15.452155
2,healthy,143.179,14.546168,23.0,30.5,2.5653207
3,healthy,143.179,184.92836,35.0,39.5,5.34197
4,healthy,143.179,136.87132,36.5,37.0,23.010868
5,healthy,143.179,8.489209,38.0,38.5,1.5891393
6,healthy,143.179,1.1931341,,15.5,0.2986004
7,healthy,143.179,25.959352,24.5,44.0,2.2742105
1,healthy,143.9795,125.56524,46.5,46.5,25.590258
2,healthy,143.9795,14.359282,33.0,33.0,3.6217859
3,healthy,143.9795,153.16304,30.0,34.0,10.416063
4,healthy,143.9795,143.89952,33.5,34.5,24.009064
5,healthy,143.9795,6.2649813,46.0,46.5,1.7422168
6,healthy,143.9795,0.88019276,6.5,41.0,0.28690308
7,healthy,143.9795,2.951045,5.0,43.0,0.43340883
1,healthy,144.8175,198.13693,24.0,24.5,38.738045
2,healthy,144.8175,11.0443735,20.5,21.0,3.5218146
3,healthy,144.8175,215.50075,44.5,47.5,23.004326
4,healthy,144.8175,148.98026,31.0,31.5,27.974607
5,healthy,144.8175,6.881514,38.5,39.0,1.5461032
6,healthy,144.8175,0.8514534,,39.5,0.26662263
7,healthy,144.8175,5.6731696,41.5,46.5,1.2210939
1,healthy,145.6235,90.12491,44.0,44.5,14.416348
4,healthy,145.6235,124.469345,29.5,29.5,25.606901
5,healthy,145.6235,5.3622932,22.0,22.5,1.5967951
6,healthy,145.6235,0.83484036,,47.0,0.22643976
1,healthy,146.436,5.3336563,27.0,50.0,0.94634104
2,healthy,146.436,5.619118,34.5,35.0,1.6768092
3,healthy,146.436,3.0491216,5.0,34.5,0.7421767
4,healthy,146.436,114.70889,36.5,41.0,14.812871
5,healthy,146.436,11.81704,25.0,44.5,1.4745163
6,healthy,146.436,1.2310183,11.0,27.0,0.24617463
1,healthy,147.273,9.490612,10.5,18.5,1.1876917
2,healthy,147.273,9.64757,5.5,15.0,0.6356427
4,healthy,147.273,113.38747,,47.0,27.54555
5,healthy,147.273,9.115036,41.0,45.0,1.1535202
6,healthy,147.273,1.12238,29.0,31.5,0.21668746
1,healthy,148.084,57.518852,,38.0,17.041473
2,healthy,148.084,8.783068,5.0,17.5,1.6335149
3,healthy,148.084,37.172222,14.5,18.5,5.662039
4,healthy,148.084,120.88965,47.0,47.5,26.47115
5,healthy,148.084,7.2168303,19.0,20.0,1.0123938
6,healthy,148.084,1.0177693,,19.5,0.25756606
7,healthy,148.084,6.9636545,17.5,31.0,0.82909155
1,healthy,148.899,73.03343,,28.0,17.671793
4,healthy,148.899,102.5914,,16.0,28.736506
5,healthy,148.899,5.7903843,,47.5,1.9262182
6,healthy,148.899,0.84186774,,33.5,0.2341358
7,healthy,148.899,6.7769365,5.0,44.0,0.52767164
1,healthy,149.701,91.05778,,50.0,25.453558
2,healthy,149.701,11.744363,,37.5,3.583795
3,healthy,149.701,70.34653,,39.0,20.231552
4,healthy,149.701,132.52597,7.5,38.0,18.905388
3,healthy,150.514,5.2535253,16.5,16.5,1.0485576
4,healthy,150.514,88.34808,11.5,18.0,27.465143
5,healthy,150.514,8.437848,35.5,36.0,1.6340609
6,healthy,150.514,1.2255335,,34.5,0.25807026
7,healthy,150.514,5.0491776,14.0,15.5,1.1000385
1,healthy,151.3205,153.67714,40.5,41.0,24.512012
2,healthy,151.3205,10.883644,39.0,45.0,3.004145
3,healthy,151.3205,147.8177,29.5,30.5,20.371323
4,healthy,151.3205,116.98187,,47.0,27.689003
5,healthy,151.3205,5.5229645,,40.5,1.8266032
1,healthy,152.148,91.33574,13.0,50.0,26.990957
2,healthy,152.148,12.984431,48.5,49.0,2.4444509
4,healthy,152.148,94.60814,,47.5,28.401798
5,healthy,152.148,5.5077467,28.0,28.5,1.2321502
6,healthy,152.148,0.9358455,,38.0,0.30095318
7,healthy,152.148,4.633115,5.0,25.0,0.63987535
1,healthy,152.9665,100.79033,,34.0,22.053833
2,healthy,152.9665,10.105747,6.0,20.5,1.970898
3,healthy,152.9665,149.28882,17.5,39.5,9.53956
4,healthy,152.9665,156.05243,46.5,47.0,30.562553
6,healthy,152.9665,1.2873967,24.5,24.5,0.2465724
1,healthy,153.81,104.951965,14.5,15.0,19.001097
3,healthy,153.81,112.04901,42.0,42.5,22.511276
5,healthy,153.81,3.9774864,11.0,15.0,1.1762367
6,healthy,153.81,1.0145631,,31.5,0.25639504
1,healthy,154.655,104.28891,19.5,26.5,18.173634
2,healthy,154.655,6.936577,,31.0,1.9704934
3,healthy,154.655,153.4356,41.0,44.5,20.987535
4,healthy,154.655,107.268105,48.0,43.0,21.164827
5,healthy,154.655,7.3285775,30.5,31.0,1.3438845
6,healthy,154.655,1.04177,,43.0,0.2929262
1,healthy,155.464,6.1118965,12.5,37.0,1.6692268
4,healthy,155.464,82.338394,,34.5,20.003914
5,healthy,155.464,3.8900158,38.5,39.0,0.9808577
6,healthy,155.464,1.1681154,,17.0,0.34306479
7,healthy,155.464,4.7319317,,34.5,1.19188
1,healthy,156.4,18.835016,11.5,38.5,1.9683564
2,healthy,156.4,102.21028,8.5,15.0,18.684418
3,healthy,156.4,6.642145,36.5,38.5,1.939211
4,healthy,156.4,103.69685,42.5,42.5,20.670586
5,healthy,156.4,4.728636,,32.0,1.1628995
6,healthy,156.4,0.935369,6.5,40.0,0.23123531
7,healthy,156.4,4.4024186,15.0,34.0,0.70266545
1,healthy,157.2185,26.837704,,48.5,7.879686
2,healthy,157.2185,5.678781,,24.5,1.7618661
3,healthy,157.2185,145.90335,20.5,23.5,16.781511
4,healthy,157.2185,130.69553,39.0,39.5,23.33353
6,healthy,157.2185,1.0163729,39.0,39.5,0.22979014
7,healthy,157.2185,4.6153173,46.5,47.5,1.1344649
1,healthy,158.1815,35.150932,35.0,39.0,4.8951154
3,healthy,158.1815,110.206894,5.0,22.0,15.014799
4,healthy,158.1815,119.113785,,28.5,29.696047
5,healthy,158.1815,5.0454698,11.5,30.5,1.1763774
6,healthy,158.1815,1.0229588,,26.5,0.24265291
7,healthy,158.1815,4.910488,38.5,44.0,1.1535376
1,healthy,158.993,8.203984,6.0,23.5,1.7697351
2,healthy,158.993,4.591525,6.5,50.0,0.87186265
3,healthy,158.993,147.96967,42.0,45.5,8.866717
4,healthy,158.993,70.18206,,19.5,20.532152
5,healthy,158.993,9.680999,21.0,28.5,1.2220348
6,healthy,158.993,1.0201683,9.0,27.0,0.23869424
1,healthy,159.796,5.947027,28.5,29.0,1.1725125
2,healthy,159.796,5.633649,31.5,32.5,1.5482962
4,healthy,159.796,101.02173,,26.5,32.231407
5,healthy,159.796,6.383863,,41.0,1.7432692
6,healthy,159.796,1.1229248,,34.5,0.24073134
7,healthy,159.796,4.071463,,50.0,1.030466
1,healthy,160.653,5.6168265,22.0,22.0,1.2764772
2,healthy,160.653,2.9101284,5.0,29.0,0.7424941
3,healthy,160.653,54.8592,34.0,37.0,8.56013
4,healthy,160.653,105.006836,35.5,35.5,22.639864
5,healthy,160.653,4.6572685,36.5,36.5,1.1508746
6,healthy,160.653,1.0064445,43.0,43.5,0.21464224
7,healthy,160.653,6.6564264,5.0,37.0,0.7882803
1,healthy,161.4795,7.3005905,29.5,30.0,1.4648091
2,healthy,161.4795,5.7237535,28.5,29.5,1.6603837
3,healthy,161.4795,293.70782,15.5,48.0,20.412159
4,healthy,161.4795,98.81854,,19.0,24.554007
5,healthy,161.4795,4.2915497,,42.5,1.1383122
6,healthy,161.4795,1.1065401,18.0,18.5,0.21755539
7,healthy,161.4795,3.4777071,36.5,36.5,0.89310896
1,healthy,162.323,2.5157819,,27.5,0.7521364
2,healthy,162.323,9.864094,,24.5,3.0866182
3,healthy,162.323,116.140656,25.5,30.0,1.1504656
4,healthy,162.323,92.64372,14.5,15.0,26.9852
5,healthy,162.323,5.595929,25.0,25.5,1.2084231
6,healthy,162.323,0.94144046,5.0,25.0,0.21790466
7,healthy,162.323,4.411145,8.5,16.5,1.1202875
1,healthy,163.2825,2.430612,5.0,16.5,0.4504064
4,healthy,163.2825,70.80748,7.0,15.0,17.622566
5,healthy,163.2825,4.7295823,,26.5,1.0285276
6,healthy,163.2825,0.8940096,5.0,28.0,0.2456623
7,healthy,163.2825,4.403052,6.0,35.5,0.6398201
1,healthy,164.093,2.1782954,,15.5,0.45770985
3,healthy,164.093,53.391975,34.5,34.5,10.813639
4,healthy,164.093,75.032745,13.0,15.0,20.411081
5,healthy,164.093,4.214911,15.0,16.0,0.7641169
6,healthy,164.093,1.0794945,,19.5,0.25289723
7,healthy,164.093,7.869828,29.0,35.5,1.2961107
1,healthy,164.911,2.9566135,14.5,18.5,0.75225866
2,healthy,164.911,5.748602,5.0,24.0,1.394297
3,healthy,164.911,137.9497,20.5,23.5,6.7722936
4,healthy,164.911,97.0428,12.5,46.0,22.39506
5,healthy,164.911,3.635902,,49.5,0.97126466
6,healthy,164.911,0.84802115,,24.5,0.25008792
4,healthy,165.7305,97.507996,25.5,25.5,20.171507
6,healthy,165.7305,0.95701885,,16.0,0.22038259
7,healthy,165.7305,4.6561227,13.0,15.0,0.9252861
1,healthy,166.653,2.4296503,46.0,47.0,0.7589107
2,healthy,166.653,4.6575785,,49.5,1.2560793
3,healthy,166.653,158.61516,30.0,30.5,24.285099
5,healthy,166.653,5.154438,,33.0,1.2386329
6,healthy,166.653,1.2200922,14.0,15.0,0.19889745
4,healthy,167.568,125.59633,26.0,26.5,27.190704
5,healthy,167.568,6.28366,7.5,34.0,0.8882244
6,healthy,167.568,1.1572711,32.5,33.0,0.20737825
7,healthy,167.568,3.875499,5.0,39.5,1.0769837
2,healthy,168.492,18.12493,5.0,28.5,1.4659168
3,healthy,168.492,70.88243,39.5,43.0,8.821158
4,healthy,168.492,120.1467,,33.0,26.059855
5,healthy,168.492,4.4890804,,45.5,1.0639614
6,healthy,168.492,0.8915597,,30.0,0.23720783
1,healthy,169.3145,4.757424,38.0,38.5,1.2234613
3,healthy,169.3145,30.594116,5.0,22.5,7.0106916
4,healthy,169.3145,109.81659,44.0,45.0,21.37255
5,healthy,169.3145,6.371167,18.5,20.5,1.0602161
6,healthy,169.3145,0.9802636,,19.5,0.2589006
7,healthy,169.3145,9.914816,18.5,24.5,1.5090302
1,healthy,170.399,4.072104,6.5,15.0,0.5596891
3,healthy,170.399,44.052162,5.5,23.5,4.516235
4,healthy,170.399,73.86426,43.5,44.0,12.0533085
5,healthy,170.399,4.101026,33.0,34.0,0.9988336
6,healthy,170.399,1.1801708,,18.0,0.3030185
4,healthy,171.368,100.633194,24.5,25.0,18.883345
5,healthy,171.368,4.8898125,,41.5,1.1550113
1,healthy,172.2,2.5271437,34.0,36.0,0.64148206
2,healthy,172.2,10.270834,12.0,22.0,1.252277
4,healthy,172.2,143.58292,24.5,28.0,21.45284
5,healthy,172.2,4.392415,6.5,27.5,0.9012571
6,healthy,172.2,0.9877844,,35.5,0.28997207
7,healthy,172.2,6.3077974,10.0,28.0,1.1360958
1,healthy,173.011,4.605858,25.5,25.5,1.2615556
2,healthy,173.011,6.239783,5.5,43.0,1.0686154
5,healthy,173.011,5.6032915,25.5,26.0,1.0862496
6,healthy,173.011,1.2349229,25.0,25.5,0.24762174
7,healthy,173.011,10.816582,5.0,50.0,0.90880626
1,healthy,173.852,2.2483613,12.0,50.0,0.65916854
2,healthy,173.852,9.467932,10.0,25.5,1.5969155
4,healthy,173.852,89.55051,18.0,18.5,16.068953
5,healthy,173.852,4.097618,,15.0,1.1419849
6,healthy,173.852,1.2150507,,31.0,0.28282806
7,healthy,173.852,2.6970305,5.0,49.0,0.8545093
1,healthy,174.6755,2.7672706,6.5,50.0,0.78912413
3,healthy,174.6755,20.774872,37.0,38.0,1.6202751
4,healthy,174.6755,72.30755,,28.0,21.97351
5,healthy,174.6755,7.643778,7.0,15.0,1.063761
6,healthy,174.6755,1.2783808,41.0,41.0,0.22691804
7,healthy,174.6755,4.9568205,,33.5,1.4821268
1,healthy,175.6305,16.22071,22.0,30.0,4.5691056
4,healthy,175.6305,83.30296,32.0,32.0,17.886044
5,healthy,175.6305,4.293215,5.5,19.5,1.066526
6,healthy,175.6305,1.0960352,6.5,46.0,0.24167663
7,healthy,175.6305,2.930732,16.0,24.0,0.9213863
1,healthy,176.4755,5.405869,5.0,16.0,0.5908013
2,healthy,176.4755,23.074251,13.5,43.5,5.724229
3,healthy,176.4755,147.42398,50.0,50.0,29.274738
4,healthy,176.4755,116.364105,33.5,37.5,16.389511
5,healthy,176.4755,4.356253,12.0,39.0,0.6422639
6,healthy,176.4755,1.3725224,,33.0,0.29565632
1,healthy,177.407,2.9891458,9.0,38.5,0.55411834
5,healthy,177.407,4.4305544,17.0,18.0,0.8607417
6,healthy,177.407,1.0225902,44.5,44.5,0.21261513
7,healthy,177.407,6.3996525,,16.0,1.838209
1,healthy,178.406,31.037321,5.0,21.0,0.9041222
2,healthy,178.406,37.85109,5.0,20.5,1.3614281
3,healthy,178.406,6.205516,5.0,36.5,1.2574782
4,healthy,178.406,62.934605,10.5,16.0,17.391321
5,healthy,178.406,30.393457,5.0,21.5,0.81770927
6,healthy,178.406,0.9881364,,31.0,0.26536354
7,healthy,178.406,16.208712,5.0,19.5,1.0657053
1,healthy,179.275,3.8922892,20.0,22.0,0.5937547
2,healthy,179.275,6.297304,16.0,26.0,1.3538128
4,healthy,179.275,116.85329,10.5,44.0,9.920315
1,healthy,180.6885,33.02964,5.0,20.5,0.855729
2,healthy,180.6885,622.40295,5.0,16.0,0.67403674
3,healthy,180.6885,167.8746,5.0,17.0,0.5623095
4,healthy,180.6885,104.63138,7.0,20.5,13.8979
5,healthy,180.6885,33.064487,5.0,21.0,0.8826955
7,healthy,180.6885,15.168567,5.0,19.0,0.9592121
1,healthy,182.783,3.0707824,18.5,19.0,0.75193256
2,healthy,182.783,7.034166,26.0,44.0,0.9115022
3,healthy,182.783,2.6891956,21.5,36.0,0.82595915
4,healthy,182.783,52.812233,10.5,38.5,17.5177
5,healthy,182.783,2.4212253,20.5,21.5,0.50788164
6,healthy,182.783,1.1227993,14.5,15.0,0.20698138
7,healthy,182.783,7.755277,10.5,20.5,1.8197935
1,healthy,183.987,5.638631,12.0,43.5,0.57509214
3,healthy,183.987,44.77649,21.0,42.5,3.1425846
4,healthy,183.987,66.80347,,39.5,18.294342
5,healthy,183.987,3.5051305,5.0,35.5,0.6587102
6,healthy,183.987,1.0913961,44.0,44.0,0.24385455
7,healthy,183.987,13.0601635,5.0,49.0,0.77282476
1,healthy,185.2365,4.063775,14.0,20.5,0.95636815
2,healthy,185.2365,4.9194283,7.5,42.0,1.0852025
3,healthy,185.2365,6.8259563,5.0,42.0,0.38350466
4,healthy,185.2365,84.148285,,34.0,25.002623
5,healthy,185.2365,3.2881804,17.5,18.0,0.82807547
6,healthy,185.2365,1.0969716,23.5,23.5,0.20021462
7,healthy,185.2365,9.438202,37.0,41.0,2.4342005
2,healthy,186.066,6.1077375,12.5,24.0,1.1206907
4,healthy,186.066,119.94434,26.0,26.5,23.241098
5,healthy,186.066,2.9564981,5.0,15.0,0.8498957
6,healthy,186.066,0.87786007,,37.5,0.27772087
7,healthy,186.066,4.614605,,27.0,1.3854144
1,healthy,186.966,3.3185885,5.0,38.0,0.3766546
3,healthy,186.966,3.8830543,10.5,31.0,0.70322037
4,healthy,186.966,131.15254,15.5,16.0,18.097464
5,healthy,186.966,2.890325,,16.5,0.9036055
6,healthy,186.966,0.8711939,11.5,34.0,0.25921893
1,healthy,187.9515,3.2417247,,16.5,0.83080953
2,healthy,187.9515,3.5147336,36.5,44.5,1.0318735
3,healthy,187.9515,2.5754037,8.0,35.5,0.7282178
4,healthy,187.9515,86.8309,30.0,30.0,18.798681
5,healthy,187.9515,3.8828473,21.5,36.5,0.73704326
6,healthy,187.9515,1.1214943,49.5,49.5,0.24405277
7,healthy,187.9515,4.2142687,22.0,31.0,0.66794914
1,healthy,189.654,2.7677789,40.5,41.5,0.5944539
2,healthy,189.654,24.256956,10.5,37.5,3.804116
3,healthy,189.654,127.07166,15.5,16.0,19.585264
4,healthy,189.654,92.70947,,43.5,25.976183
5,healthy,189.654,3.0531542,26.5,33.0,0.80782
6,healthy,189.654,1.1225145,14.0,34.5,0.19509804
7,healthy,189.654,4.8627224,26.0,42.5,0.5568831
3,healthy,190.661,193.82695,5.0,28.0,14.8276
5,healthy,190.661,3.4034386,44.0,44.5,0.66893476
6,healthy,190.661,1.0199835,40.0,40.5,0.20816486
2,healthy,191.4645,16.232933,19.5,20.0,3.9722593
3,healthy,191.4645,181.24136,16.5,41.5,24.429106
4,healthy,191.4645,142.40334,36.0,37.0,20.320772
5,healthy,191.4645,3.4497108,35.5,36.5,0.8183217
6,healthy,191.4645,1.2939036,32.0,32.5,0.22401705
1,healthy,192.3325,4.579236,38.0,47.5,0.62591124
2,healthy,192.3325,31.483833,34.0,37.5,3.5422175
3,healthy,192.3325,157.0849,20.5,21.5,11.806172
4,healthy,192.3325,133.90823,5.0,37.0,23.580439
5,healthy,192.3325,4.0387244,14.5,23.5,0.9262202
6,healthy,192.3325,1.0540986,,37.0,0.26132944
7,healthy,192.3325,5.8275414,5.0,20.5,1.2865793
1,healthy,193.4865,5.745674,10.5,15.5,1.0317922
3,healthy,193.4865,109.76518,26.0,45.0,20.518118
4,healthy,193.4865,126.36459,17.5,20.5,23.05222
5,healthy,193.4865,2.9336991,,20.5,0.8994209
6,healthy,193.4865,1.6992207,17.0,17.5,0.2540347
7,healthy,193.4865,6.447955,25.0,27.0,1.7062831
1,healthy,194.7495,2.8990483,5.0,21.0,0.64000833
2,healthy,194.7495,7.2639227,7.0,34.5,1.1389766
3,healthy,194.7495,3.055468,45.5,47.5,0.5991301
4,healthy,194.7495,67.89776,9.0,30.0,16.89283
5,healthy,194.7495,3.117671,,47.5,1.0311816
6,healthy,194.7495,1.1663392,16.5,25.0,0.246088
7,healthy,194.7495,4.445894,30.0,30.5,1.0769022
1,healthy,197.608,6.03211,5.5,44.5,1.1491576
2,healthy,197.608,12.248691,21.0,22.0,1.7878218
3,healthy,197.608,128.23038,23.5,45.0,17.082975
4,healthy,197.608,103.25543,27.0,28.0,13.069559
5,healthy,197.608,3.3998082,35.0,35.5,0.70750684
6,healthy,197.608,1.4839165,28.5,29.0,0.2557935
7,healthy,197.608,7.754671,12.0,20.0,1.7052165
1,healthy,199.2345,5.4784985,20.0,26.0,1.277757
2,healthy,199.2345,11.799335,,20.5,2.6695468
3,healthy,199.2345,172.71649,15.5,16.5,22.2158
4,healthy,199.2345,122.08342,38.0,39.0,17.457281
5,healthy,199.2345,5.3442116,13.5,44.0,0.79657966
6,healthy,199.2345,1.0959255,,33.0,0.25137252
7,healthy,199.2345,4.7888017,,36.0,1.5151669
2,healthy,200.089,7.863035,27.0,27.5,1.5352784
3,healthy,200.089,3.2723513,6.5,19.0,0.54939187
5,healthy,200.089,3.9821556,5.5,39.5,0.80644333
2,healthy,201.008,5.336447,10.0,46.5,1.4040072
3,healthy,201.008,19.818108,39.0,40.0,2.3434188
4,healthy,201.008,141.33096,44.5,45.0,20.765228
5,healthy,201.008,3.3242478,13.5,30.5,0.6703295
6,healthy,201.008,0.83891916,,42.5,0.2557351
4,healthy,202.7135,89.37227,19.0,19.5,16.221128
5,healthy,202.7135,2.94607,,46.0,0.6173755
6,healthy,202.7135,1.0236363,13.5,35.0,0.21416794
1,healthy,205.5845,5.3791013,19.0,33.0,0.991662
2,healthy,205.5845,3.6669047,5.5,38.0,1.1135833
3,healthy,205.5845,17.954842,27.5,31.0,1.6278436
4,healthy,205.5845,104.437416,22.5,23.0,21.490286
5,healthy,205.5845,3.5298786,,49.5,0.9257434
6,healthy,205.5845,1.196454,48.0,48.5,0.262028
1,healthy,206.612,3.3201456,5.0,29.5,0.84830964
2,healthy,206.612,9.166762,36.0,37.0,1.6942018
3,healthy,206.612,73.30986,44.0,44.5,15.092531
4,healthy,206.612,95.671394,,46.0,24.330837
5,healthy,206.612,4.0791607,17.0,33.5,0.53707
6,healthy,206.612,1.301944,19.5,19.5,0.2617209
7,healthy,206.612,8.007073,25.0,47.5,0.9323741
1,healthy,207.7385,5.0734696,5.0,20.5,0.7222922
2,healthy,207.7385,16.103697,20.0,24.0,1.7985802
4,healthy,207.7385,105.75777,31.5,31.5,21.371235
5,healthy,207.7385,3.57693,7.5,15.5,0.90635836
6,healthy,207.7385,0.95080626,,38.5,0.27591214
1,healthy,208.6695,4.037221,38.0,38.5,0.69285405
2,healthy,208.6695,9.460606,18.5,30.5,1.9600719
4,healthy,208.6695,148.13641,33.5,36.0,14.957531
5,healthy,208.6695,3.972152,9.0,37.5,0.62370485
7,healthy,208.6695,6.994632,38.5,42.5,1.0631951
1,healthy,211.786,3.760415,23.5,24.0,0.78012097
3,healthy,211.786,5.3224053,5.0,15.0,0.69729173
6,healthy,211.786,1.2200195,11.5,32.5,0.19504209
1,healthy,214.549,31.113985,5.0,20.5,0.7471128
2,healthy,214.549,54.606674,5.0,20.0,1.6325948
3,healthy,214.549,55.404152,16.0,21.0,4.363235
4,healthy,214.549,83.30577,8.5,30.0,19.768852
5,healthy,214.549,30.31481,5.0,21.5,1.0200089
6,healthy,214.549,1.1462126,33.0,33.5,0.22466427
7,healthy,214.549,15.054014,8.0,19.0,1.6177227
1,healthy,216.8445,3.0674386,42.5,44.5,0.5871835
2,healthy,216.8445,6.218918,23.5,23.5,1.3144345
3,healthy,216.8445,2.966544,19.5,27.0,0.5594091
4,healthy,216.8445,115.06726,40.5,41.5,20.732525
5,healthy,216.8445,2.7668848,5.0,22.0,0.8100929
6,healthy,216.8445,1.342988,39.5,40.0,0.23660865
7,healthy,216.8445,6.3130865,18.0,49.0,0.914306
1,healthy,218.2595,32.0451,5.0,21.5,0.6398216
2,healthy,218.2595,260.02002,5.0,17.0,1.4169966
3,healthy,218.2595,338.9859,5.0,18.5,3.0862784
4,healthy,218.2595,100.568504,7.0,38.0,19.020489
5,healthy,218.2595,36.360645,5.0,22.0,0.64842856
6,healthy,218.2595,0.99075925,13.5,29.5,0.2034454
7,healthy,218.2595,16.193958,5.0,20.0,1.6999327
1,healthy,223.627,4.170922,19.0,20.5,1.3241955
2,healthy,223.627,5.211666,20.0,22.0,1.3036793
3,healthy,223.627,47.229206,19.0,20.0,6.323238
4,healthy,223.627,84.16667,14.0,15.0,16.67932
5,healthy,223.627,3.5404778,15.5,18.5,0.6905739
6,healthy,223.627,1.2119504,20.0,20.5,0.24782398
2,healthy,228.195,6.7367764,24.0,30.5,1.0805938
3,healthy,228.195,2.0201335,12.0,50.0,0.41069055
4,healthy,228.195,102.76215,14.5,15.0,17.476824
5,healthy,228.195,2.5536222,,39.0,0.63808864
6,healthy,228.195,0.9723763,,16.0,0.2833305
1,healthy,230.7945,40.835518,5.0,20.5,0.93815327
2,healthy,230.7945,125.650276,5.0,20.0,0.80593944
3,healthy,230.7945,353.24908,16.0,17.0,14.607276
4,healthy,230.7945,107.748566,15.5,16.0,17.90059
5,healthy,230.7945,35.79079,5.0,21.0,0.52958816
6,healthy,230.7945,1.2330908,20.0,20.5,0.23992844
7,healthy,230.7945,19.000801,6.5,19.0,1.7529787
1,healthy,234.6495,4.855327,17.0,18.0,0.9326222
2,healthy,234.6495,11.214711,16.5,18.5,3.1593575
3,healthy,234.6495,139.13293,18.5,19.5,13.515844
4,healthy,234.6495,115.719795,25.5,26.0,17.387411
5,healthy,234.6495,1.9919221,8.0,44.5,0.5643923
6,healthy,234.6495,0.9517901,,32.0,0.21060678
1,healthy,235.5935,7.2637367,10.0,44.0,0.9496755
2,healthy,235.5935,14.441195,36.0,47.5,1.4070922
3,healthy,235.5935,28.91711,,29.0,7.0648956
4,healthy,235.5935,89.60958,,39.5,19.429306
5,healthy,235.5935,3.410962,35.0,36.0,0.47945756
6,healthy,235.5935,0.9418013,9.0,40.5,0.1685533
7,healthy,235.5935,4.6005573,17.5,25.0,0.9416761
1,healthy,236.998,30.184816,5.0,21.0,1.2701038
2,healthy,236.998,70.08181,5.0,20.0,1.9432
3,healthy,236.998,220.74083,16.5,22.5,19.336409
4,healthy,236.998,96.1718,,42.5,25.55328
5,healthy,236.998,31.942839,5.0,22.0,0.7748387
6,healthy,236.998,0.9362409,18.5,19.0,0.25754562
7,healthy,236.998,18.122349,5.0,19.5,0.7594942
1,healthy,240.6735,3.89014,11.5,39.5,0.8106002
3,healthy,240.6735,122.66821,47.5,50.0,20.878881
4,healthy,240.6735,77.262505,24.0,24.0,16.90761
5,healthy,240.6735,4.0058928,8.0,40.0,0.7598581
6,healthy,240.6735,1.3802652,19.5,19.5,0.24216802
7,healthy,240.6735,3.0735893,5.0,23.0,0.7622323
1,healthy,242.7085,28.748743,5.0,21.0,1.0508652
2,healthy,242.7085,56.29013,5.0,20.5,1.9910549
3,healthy,242.7085,93.61601,13.5,17.0,17.924446
4,healthy,242.7085,84.323135,,26.5,22.81808
5,healthy,242.7085,29.932388,5.0,22.0,0.793805
6,healthy,242.7085,1.00805,13.5,38.5,0.22495937
7,healthy,242.7085,16.310476,5.0,33.0,1.7519023
2,healthy,243.5745,8.926609,7.0,21.5,1.5654937
3,healthy,243.5745,2.910483,,26.5,0.6254591
4,healthy,243.5745,99.815506,38.0,38.5,15.9136505
5,healthy,243.5745,2.6585908,5.0,20.5,0.56911063
6,healthy,243.5745,1.0904688,,43.0,0.24314243
7,healthy,243.5745,4.2010393,24.5,21.0,0.87912434
1,healthy,244.4055,4.2542305,42.5,44.0,0.7783799
3,healthy,244.4055,2.2983332,6.5,18.5,0.54350555
4,healthy,244.4055,92.25344,29.0,29.5,18.284897
5,healthy,244.4055,2.2546911,,46.0,0.7239246
6,healthy,244.4055,1.5554872,49.5,50.0,0.26994765
4,healthy,245.2085,87.59766,,44.0,21.22416
1,healthy,248.7175,3.4447742,7.0,41.5,0.77746946
3,healthy,248.7175,123.11111,25.5,29.0,13.053962
4,healthy,248.7175,102.81195,47.5,47.5,23.87371
5,healthy,248.7175,3.8098905,49.0,49.0,0.85819745
6,healthy,248.7175,0.81367916,,48.0,0.23169552
7,healthy,248.7175,6.454119,7.5,44.0,0.68792784
1,healthy,251.076,4.9776692,38.5,40.0,1.2562857
2,healthy,251.076,9.482458,18.5,18.5,1.8826019
3,healthy,251.076,106.09331,,47.5,28.477962
4,healthy,251.076,130.53432,32.5,33.5,19.943926
5,healthy,251.076,2.4500015,6.0,50.0,0.5183241
6,healthy,251.076,0.995991,9.0,27.5,0.17051055
2,healthy,253.725,6.1526175,,30.0,1.7516321
3,healthy,253.725,169.78651,47.0,48.0,22.754906
4,healthy,253.725,86.270645,,20.5,22.9259
5,healthy,253.725,2.938157,29.5,30.0,0.81219226
6,healthy,253.725,0.9652452,13.0,44.5,0.18926273
7,healthy,253.725,6.093466,22.5,23.5,1.6248686
1,healthy,254.5345,30.327446,5.0,20.5,1.3100092
2,healthy,254.5345,163.19168,5.0,20.0,1.4138106
3,healthy,254.5345,891.4132,15.5,21.0,36.507656
4,healthy,254.5345,75.57008,14.0,15.0,23.232744
5,healthy,254.5345,28.640774,5.0,22.0,0.71981794
6,healthy,254.5345,0.63239825,,47.5,0.20592026
7,healthy,254.5345,16.081856,5.0,19.5,1.9714372
1,healthy,257.5245,26.535652,5.0,20.5,0.7272453
2,healthy,257.5245,215.9318,5.0,19.0,1.9696904
3,healthy,257.5245,475.16577,8.5,18.5,6.08181
4,healthy,257.5245,92.65748,5.0,27.0,14.21992
5,healthy,257.5245,29.460907,5.0,21.5,0.8190941
6,healthy,257.5245,1.2531075,37.0,50.0,0.23625238
7,healthy,257.5245,12.81969,6.5,19.0,0.8176781
1,healthy,260.635,27.758041,5.0,21.0,0.8992736
2,healthy,260.635,62.98075,5.0,21.0,1.6781467
3,healthy,260.635,265.3145,16.5,18.0,5.3478584
4,healthy,260.635,107.45911,21.5,22.0,19.495508
5,healthy,260.635,29.879368,5.0,22.0,0.7962432
6,healthy,260.635,1.4392524,19.5,20.0,0.24620418
7,healthy,260.635,15.392464,5.0,19.5,0.9385551
1,healthy,262.1695,2.5040011,7.0,28.0,0.8010085
2,healthy,262.1695,5.8959284,,47.0,1.567308
4,healthy,262.1695,87.769196,34.0,35.0,19.512646
5,healthy,262.1695,3.7453723,7.0,48.0,0.60104644
1,healthy,266.313,26.719252,5.0,21.0,1.1854658
2,healthy,266.313,38.404808,5.0,20.5,0.82723117
3,healthy,266.313,49.301296,,15.0,15.875813
4,healthy,266.313,112.04025,20.0,20.5,20.43269
5,healthy,266.313,26.992905,5.0,22.0,0.5160407
6,healthy,266.313,1.027283,,43.0,0.2802879
7,healthy,266.313,11.8344345,5.0,19.0,2.0706425
1,healthy,270.726,2.9798021,,42.0,0.9557807
2,healthy,270.726,6.5731106,11.5,15.0,1.3313903
4,healthy,270.726,98.73105,39.0,39.0,21.389322
5,healthy,270.726,3.6288395,5.0,33.5,0.78471595
6,healthy,270.726,1.3317864,24.5,25.0,0.21961856
7,healthy,270.726,2.313204,5.0,23.5,0.7479737
2,healthy,272.8965,7.1257415,27.5,29.0,1.0952951
4,healthy,272.8965,109.13743,47.5,48.5,19.895388
5,healthy,272.8965,4.236621,18.5,20.0,0.70236146
6,healthy,272.8965,0.9779187,,27.5,0.2779989
1,healthy,273.9015,17.562593,5.0,21.0,0.3854583
2,healthy,273.9015,36.593277,5.0,21.0,1.2961484
3,healthy,273.9015,5.9575157,5.0,33.5,0.82419884
4,healthy,273.9015,117.20447,21.0,50.0,15.994685
5,healthy,273.9015,26.063038,5.0,22.0,0.75951064
6,healthy,273.9015,1.1585882,22.5,23.0,0.21392526
7,healthy,273.9015,15.177116,5.0,22.5,0.80600286
2,healthy,274.994,6.635933,5.5,32.0,1.6969016
3,healthy,274.994,111.83371,16.5,21.0,0.72482944
4,healthy,274.994,107.0539,,27.5,22.662603
5,healthy,274.994,4.828588,21.0,21.5,0.6970712
6,healthy,274.994,0.9182521,,23.5,0.2706184
1,healthy,276.3005,4.378662,12.0,15.5,0.53239083
2,healthy,276.3005,9.454993,31.5,44.0,1.431422
4,healthy,276.3005,91.074814,41.0,41.0,18.58008
5,healthy,276.3005,3.0454607,5.0,36.5,0.7234848
1,healthy,278.228,2.910878,5.0,26.5,0.5899818
2,healthy,278.228,7.023678,37.0,45.5,1.1835754
3,healthy,278.228,5.5412216,22.5,30.0,0.6625352
4,healthy,278.228,98.6195,21.0,21.5,20.558435
5,healthy,278.228,3.3500907,,16.0,0.9050866
6,healthy,278.228,0.8022976,5.0,45.0,0.24441756
7,healthy,278.228,5.406977,5.5,18.5,0.85241896
1,healthy,279.356,1.7061665,5.0,17.5,0.55718184
2,healthy,279.356,7.712096,,18.5,2.3138213
3,healthy,279.356,15.742942,50.0,50.0,2.9047492
4,healthy,279.356,91.90773,7.0,49.0,19.200155
5,healthy,279.356,3.2411985,26.5,27.0,0.93481576
6,healthy,279.356,1.1378623,21.5,21.5,0.22975725
7,healthy,279.356,4.200348,49.0,50.0,0.85438883
2,healthy,280.751,5.6620154,18.5,32.0,1.4183055
3,healthy,280.751,5.4836984,24.5,31.0,1.6622143
4,healthy,280.751,127.34387,21.0,22.0,20.54604
5,healthy,280.751,5.8360157,18.0,24.0,0.82743704
6,healthy,280.751,1.0521903,44.5,44.5,0.2172046
7,healthy,280.751,6.423527,5.0,48.0,0.71404886
1,healthy,282.5085,4.7398567,,47.5,1.5380645
2,healthy,282.5085,14.715723,,46.5,3.3777447
3,healthy,282.5085,111.79648,27.0,28.5,5.134739
4,healthy,282.5085,119.30116,28.5,30.0,11.568525
5,healthy,282.5085,3.468027,5.0,32.0,0.92108977
6,healthy,282.5085,1.059108,17.5,18.0,0.24280371
7,healthy,282.5085,6.5611687,30.0,45.5,0.9585947
1,healthy,284.3815,3.3129961,10.5,40.5,0.44484153
2,healthy,284.3815,24.696768,5.0,50.0,1.7489167
4,healthy,284.3815,71.61446,,28.0,17.93838
5,healthy,284.3815,3.484858,12.0,18.0,0.8520672
6,healthy,284.3815,1.2925305,8.0,38.5,0.2609769
7,healthy,284.3815,3.4707074,7.0,48.0,0.819362
2,healthy,285.5995,7.2844133,21.5,22.0,2.106446
4,healthy,285.5995,65.52275,,25.0,20.244043
5,healthy,285.5995,3.4734702,44.5,44.5,0.7899272
6,healthy,285.5995,1.3231317,28.0,28.0,0.2733956
7,healthy,285.5995,2.9554758,26.5,29.5,0.8677152
2,healthy,287.3395,7.200526,32.5,34.5,1.4808865
5,healthy,287.3395,4.837713,,34.0,1.0442412
7,healthy,287.3395,2.878531,25.5,45.0,0.71554387
1,healthy,289.0715,27.658081,5.0,21.0,0.7605562
2,healthy,289.0715,1205.3948,5.0,16.0,1.799115
3,healthy,289.0715,332.38654,8.5,17.5,5.341112
4,healthy,289.0715,124.031555,17.0,21.5,12.47115
5,healthy,289.0715,29.504133,5.0,22.0,0.9031063
6,healthy,289.0715,0.9070196,,19.0,0.2204778
7,healthy,289.0715,18.816511,5.0,19.5,0.7872986
1,healthy,290.798,3.1542983,26.5,31.0,0.71932805
3,healthy,290.798,23.824644,15.0,50.0,3.028028
4,healthy,290.798,56.620613,30.5,31.0,8.716351
5,healthy,290.798,3.637878,,35.5,0.927165
6,healthy,290.798,0.93047726,12.5,32.0,0.20305444
1,healthy,291.6275,3.6855736,,17.0,1.2086842
2,healthy,291.6275,13.531179,15.0,16.5,2.411119
3,healthy,291.6275,5.3700085,9.5,19.0,1.4796824
6,healthy,291.6275,0.8862401,,34.5,0.23653664
7,healthy,291.6275,3.5452163,29.5,40.5,0.7732014
1,healthy,292.4865,4.1967735,15.0,21.0,0.6524946
2,healthy,292.4865,21.706078,18.5,33.0,3.281394
3,healthy,292.4865,145.6803,35.5,37.5,2.3009586
4,healthy,292.4865,25.015224,,29.5,6.6850543
5,healthy,292.4865,4.6719275,47.0,47.5,0.8143702
6,healthy,292.4865,0.9749218,,18.0,0.24213894
7,healthy,292.4865,3.7663643,,19.5,0.90461713
1,healthy,294.118,3.2141323,24.0,25.0,0.7011535
2,healthy,294.118,12.141165,,18.0,2.6499286
3,healthy,294.118,90.46128,14.0,45.5,2.673758
4,healthy,294.118,26.122864,,27.5,7.5667095
5,healthy,294.118,3.676903,,27.0,0.90227145
6,healthy,294.118,1.3687917,27.0,27.5,0.21432479
2,healthy,295.731,6.6898413,5.5,22.5,2.1255536
3,healthy,295.731,53.78029,12.5,17.0,4.9325576
4,healthy,295.731,25.909065,,16.0,8.187783
6,healthy,295.731,1.2703282,40.5,41.0,0.23962356
7,healthy,295.731,5.719967,5.0,15.0,0.5442031
2,healthy,297.1815,10.903865,19.0,26.0,1.1790874
3,healthy,297.1815,2.240004,34.5,35.0,0.6926925
4,healthy,297.1815,31.456661,32.0,32.5,6.4728665
5,healthy,297.1815,4.998745,16.0,17.0,0.9172543
6,healthy,297.1815,0.99261004,,49.5,0.28468147
7,healthy,297.1815,6.8089046,16.5,17.5,1.6437304
2,healthy,298.53,9.04637,18.5,18.5,1.9150572
3,healthy,298.53,42.78083,39.5,42.5,1.3166583
5,healthy,298.53,4.14262,36.5,37.5,0.6736392
6,healthy,298.53,1.0321255,29.5,29.5,0.22799328
7,healthy,298.53,5.7277236,8.0,15.0,1.3089117
2,healthy,299.3785,11.955769,,23.5,2.940353
4,healthy,299.3785,26.903393,,15.5,8.723442
6,healthy,299.3785,1.2186298,,22.0,0.27119088
7,healthy,299.3785,7.4011273,5.0,18.5,1.127661
1,healthy,301.987,2.3908763,13.5,29.0,0.6173027
2,healthy,301.987,15.741498,15.5,16.5,2.8672314
4,healthy,301.987,48.923935,21.5,22.5,8.993668
5,healthy,301.987,3.6466098,23.5,24.5,0.8152622
6,healthy,301.987,0.8363981,5.0,30.0,0.17375672
7,healthy,301.987,4.101359,45.0,45.5,0.77447
3,healthy,302.8705,154.69997,16.0,16.0,39.029827
4,healthy,302.8705,30.19741,,48.0,7.9065547
5,healthy,302.8705,4.866357,7.0,16.5,0.8118357
6,healthy,302.8705,1.0734892,,38.0,0.26046258
7,healthy,302.8705,6.253582,15.0,16.0,1.6856854
1,healthy,303.941,3.5379257,27.5,31.5,1.0323215
2,healthy,303.941,10.84286,29.0,32.0,1.9403023
4,healthy,303.941,35.666756,49.5,50.0,6.5822687
5,healthy,303.941,3.0399733,11.5,39.0,0.74524766
6,healthy,303.941,0.9470915,,43.5,0.3099299
1,healthy,305.477,3.8500314,37.5,38.0,0.81835055
3,healthy,305.477,96.760605,5.0,37.0,3.7326083
4,healthy,305.477,29.233276,,21.0,7.190945
6,healthy,305.477,0.98183596,38.0,38.0,0.22496094
7,healthy,305.477,4.466785,12.5,15.5,1.0435395
1,healthy,307.1885,2.3021567,,15.0,0.59953815
2,healthy,307.1885,10.940218,22.0,23.0,1.5770696
4,healthy,307.1885,39.081654,22.5,24.0,12.681118
5,healthy,307.1885,3.0575533,,17.0,0.92004126
7,healthy,307.1885,6.63047,5.0,18.0,0.7840327
3,healthy,307.9905,5.364979,38.5,45.5,1.1785576
4,healthy,307.9905,39.226532,37.0,38.5,7.6794076
6,healthy,307.9905,0.9916318,,21.0,0.26417887
1,healthy,309.375,3.639048,9.5,27.0,0.47545618
2,healthy,309.375,8.692713,40.5,46.5,1.6288279
3,healthy,309.375,2.5799508,,27.5,0.7344297
4,healthy,309.375,39.586002,9.5,46.5,5.7319765
5,healthy,309.375,2.8201244,21.0,22.0,0.46672624
6,healthy,309.375,1.2514305,24.0,24.5,0.22474724
1,healthy,310.263,27.549267,5.0,21.0,0.57363516
2,healthy,310.263,506.8568,5.0,16.5,1.6759624
3,healthy,310.263,1075.668,5.0,18.5,0.787092
4,healthy,310.263,43.361538,8.5,17.5,6.160515
5,healthy,310.263,31.381075,5.0,22.5,0.7286316
6,healthy,310.263,0.9123966,10.0,27.5,0.20314
7,healthy,310.263,14.405165,5.0,19.5,1.3748965
1,healthy,312.819,3.5635262,5.0,38.0,0.7154687
2,healthy,312.819,8.398267,5.0,46.5,1.261988
3,healthy,312.819,89.492355,14.5,17.5,6.0280957
4,healthy,312.819,35.41894,20.5,20.5,7.760949
5,healthy,312.819,3.2575073,5.0,42.5,0.6403314
6,healthy,312.819,0.8885513,28.0,28.0,0.2304911
2,healthy,314.7705,8.471319,48.0,48.5,2.0126202
3,healthy,314.7705,143.09059,6.0,22.5,34.89003
5,healthy,314.7705,3.3090158,6.0,38.0,0.5866836
7,healthy,314.7705,6.198189,18.0,43.5,0.8866713
2,healthy,315.9505,12.220512,11.5,16.0,2.6448832
3,healthy,315.9505,123.68956,7.0,26.5,23.353745
4,healthy,315.9505,32.55004,49.5,50.0,6.739723
5,healthy,315.9505,2.9819107,,34.5,0.8924527
6,healthy,315.9505,1.0398228,31.0,31.0,0.2128405
1,healthy,316.9285,2.9566019,,38.0,0.7932395
2,healthy,316.9285,8.789923,8.0,50.0,1.8560797
4,healthy,316.9285,34.874485,42.0,42.5,7.3134108
5,healthy,316.9285,3.1665854,5.0,36.0,0.96234274
6,healthy,316.9285,0.84437203,,27.0,0.25739473
2,healthy,320.17,9.549154,29.0,29.0,2.3082287
3,healthy,320.17,206.7579,33.0,37.5,26.810022
5,healthy,320.17,3.170465,32.5,33.5,0.7083876
6,healthy,320.17,1.2164309,,20.0,0.26153576
1,healthy,321.4235,3.807837,5.0,42.5,0.5270769
2,healthy,321.4235,13.193407,35.0,36.0,2.1605365
4,healthy,321.4235,38.576813,19.5,38.0,7.0177493
5,healthy,321.4235,3.3804197,5.0,37.5,0.5237287
6,healthy,321.4235,1.2098558,,23.5,0.31361702
7,healthy,321.4235,7.8261094,11.0,50.0,1.1869303
1,healthy,325.9595,3.0543797,8.0,33.5,0.79128313
2,healthy,325.9595,8.483923,,33.0,1.8207166
3,healthy,325.9595,161.04239,44.0,47.5,23.076313
5,healthy,325.9595,4.6460624,20.0,45.5,0.77345824
6,healthy,325.9595,1.1519344,40.5,41.0,0.20152016
1,healthy,326.951,3.932239,,44.0,1.1393167
2,healthy,326.951,7.96028,8.5,27.0,1.4146938
4,healthy,326.951,29.256617,,29.0,7.788178
5,healthy,326.951,6.0777926,5.0,22.5,0.7670304
6,healthy,326.951,0.9169263,5.5,15.0,0.26804718
1,healthy,327.9835,3.318439,20.5,21.5,0.9914277
2,healthy,327.9835,7.8862944,16.0,17.5,1.505315
3,healthy,327.9835,207.9046,26.5,30.5,19.794498
4,healthy,327.9835,29.291056,,22.5,7.742252
6,healthy,327.9835,1.0425656,18.0,18.0,0.22372763
7,healthy,327.9835,4.5221004,10.5,21.5,1.1156435
1,healthy,330.3365,5.1263623,45.0,48.0,1.4331392
2,healthy,330.3365,5.7785234,30.0,30.5,1.1464664
4,healthy,330.3365,44.307312,24.0,24.5,9.132303
5,healthy,330.3365,4.4832125,14.5,39.5,0.86577183
6,healthy,330.3365,1.1665261,31.5,31.5,0.19946264
7,healthy,330.3365,3.2011523,5.0,33.0,0.69008076
2,healthy,331.4505,5.070195,6.0,25.5,1.2097437
4,healthy,331.4505,39.33149,14.5,15.0,7.245868
5,healthy,331.4505,3.8463953,17.0,17.5,0.6617289
6,healthy,331.4505,1.1995304,,17.0,0.2730228
7,healthy,331.4505,4.98501,5.0,28.5,0.4337733
2,healthy,332.5495,4.883893,31.0,32.5,1.2979497
4,healthy,332.5495,29.059212,16.5,16.5,6.1422668
5,healthy,332.5495,3.1145725,,30.0,0.86288536
6,healthy,332.5495,1.0624578,,21.5,0.2439105
7,healthy,332.5495,5.072618,5.0,15.0,1.5935798
1,healthy,334.725,5.856528,22.5,24.0,1.4252954
3,healthy,334.725,6.7172756,46.5,47.0,1.3725849
4,healthy,334.725,27.748484,,20.0,8.921204
5,healthy,334.725,2.838755,10.5,39.0,0.5666994
6,healthy,334.725,1.0669798,10.5,47.5,0.21906568
7,healthy,334.725,4.9014134,5.0,20.0,1.147528
1,healthy,335.999,58.00335,9.5,39.0,3.8915322
3,healthy,335.999,173.25507,5.0,27.0,23.755318
4,healthy,335.999,32.663986,5.0,48.0,6.519138
5,healthy,335.999,4.425865,22.0,23.5,0.8020919
6,healthy,335.999,1.1350162,5.0,37.0,0.2519086
1,healthy,338.663,31.021,5.0,21.5,1.243186
2,healthy,338.663,199.77065,5.0,19.5,1.427691
3,healthy,338.663,665.1821,5.0,19.5,0.7496683
4,healthy,338.663,41.480698,31.5,32.5,7.2867203
5,healthy,338.663,29.777824,5.0,22.5,0.72247857
7,healthy,338.663,14.713247,5.0,19.5,0.97369146
1,healthy,342.7095,4.5960464,,27.0,1.1963012
4,healthy,342.7095,22.476948,5.0,15.0,6.88782
5,healthy,342.7095,3.8043528,31.5,32.5,0.6683818
6,healthy,342.7095,1.1906183,42.5,42.5,0.31633857
7,healthy,342.7095,2.8747072,5.0,42.0,0.45942038
1,healthy,345.462,3.5238724,5.5,47.0,0.61631626
4,healthy,345.462,31.15883,6.5,31.5,5.4166436
5,healthy,345.462,4.571758,47.5,48.5,0.68380654
6,healthy,345.462,1.1081673,,41.0,0.25866106
7,healthy,345.462,5.468984,15.5,27.0,0.9049796
1,healthy,346.7455,5.811859,6.0,49.0,0.929587
2,healthy,346.7455,7.4590244,19.5,39.0,1.2847937
4,healthy,346.7455,26.271917,26.0,26.5,5.039554
5,healthy,346.7455,4.387445,24.5,25.5,0.48375097
6,healthy,346.7455,1.2749195,39.5,40.0,0.22137578
2,healthy,348.6835,8.041183,8.5,35.0,2.2121837
3,healthy,348.6835,19.210201,25.5,26.0,5.2638235
4,healthy,348.6835,30.071724,,25.5,7.972651
5,healthy,348.6835,3.9222534,12.0,26.5,0.5536507
7,healthy,348.6835,3.4189978,25.0,44.5,0.51932687
1,healthy,350.1105,33.5092,5.0,20.5,1.0015452
2,healthy,350.1105,647.662,5.0,16.5,2.72724
3,healthy,350.1105,104.910126,5.0,15.5,0.88848126
4,healthy,350.1105,43.44612,18.0,19.0,6.072306
5,healthy,350.1105,34.581738,5.0,21.0,0.59565556
6,healthy,350.1105,1.3298883,49.5,49.5,0.25516805
7,healthy,350.1105,15.014887,5.0,19.0,1.0264072
1,healthy,352.2795,4.3408494,5.5,48.0,0.79662496
2,healthy,352.2795,7.2467966,16.0,27.0,1.6537925
3,healthy,352.2795,4.978324,11.0,42.5,0.6596388
5,healthy,352.2795,2.9441876,15.5,34.5,0.7285505
6,healthy,352.2795,0.8158268,,45.5,0.25445566
7,healthy,352.2795,3.4271207,15.5,35.0,1.1110009
2,healthy,353.602,7.7128296,5.0,24.5,1.3825892
3,healthy,353.602,2.3935168,23.5,23.5,0.62705934
5,healthy,353.602,2.5403214,8.5,22.5,0.79268646
6,healthy,353.602,1.4623145,19.0,19.5,0.24476792
7,healthy,353.602,3.3970776,15.5,38.5,0.93509984
1,healthy,357.848,2.6981382,,21.0,0.69049495
2,healthy,357.848,9.165326,21.5,41.0,1.220334
4,healthy,357.848,31.341724,7.0,41.0,5.4841385
5,healthy,357.848,4.801712,45.5,46.0,0.8812682
6,healthy,357.848,1.0641845,46.5,47.0,0.25003096
1,healthy,358.719,2.9694886,36.5,38.0,0.7666328
2,healthy,358.719,12.782801,27.0,28.0,2.0003407
4,healthy,358.719,48.947697,26.0,26.5,6.0748334
5,healthy,358.719,4.54722,47.5,48.5,0.6993321
6,healthy,358.719,0.9897057,8.0,41.0,0.23868671
1,healthy,359.6775,6.624304,26.5,44.0,0.5415322
2,healthy,359.6775,21.658726,25.5,31.0,2.3935575
3,healthy,359.6775,22.91385,,27.0,7.5540237
4,healthy,359.6775,48.821526,,35.0,10.976012
5,healthy,359.6775,6.4628663,34.0,34.5,0.9979974
6,healthy,359.6775,1.1650015,43.5,44.0,0.20931214
1,healthy,360.594,3.6319585,,20.0,1.0864831
4,healthy,360.594,43.65416,16.5,17.0,8.361429
5,healthy,360.594,6.6881957,30.5,31.0,0.961616
6,healthy,360.594,1.0881981,18.5,18.5,0.24988335
7,healthy,360.594,3.9310207,30.5,32.0,0.8151778
2,healthy,361.703,7.960353,5.0,49.5,1.2373623
5,healthy,361.703,4.0356584,,43.0,0.9182932
6,healthy,361.703,0.6869373,25.0,25.0,0.19212143
1,healthy,362.7145,4.1192446,6.5,33.0,0.8388162
2,healthy,362.7145,37.1474,49.0,50.0,3.9917438
5,healthy,362.7145,4.454152,5.0,23.0,1.157371
6,healthy,362.7145,1.16723,41.5,42.0,0.22782305
7,healthy,362.7145,3.2307131,32.5,44.5,1.0463759
1,healthy,363.534,2.8947358,25.0,37.5,0.8227338
2,healthy,363.534,11.476987,5.0,32.0,1.3013529
3,healthy,363.534,3.6772478,16.0,16.0,0.88191676
5,healthy,363.534,4.976455,,32.5,1.2455046
6,healthy,363.534,1.0955445,10.5,39.0,0.21887787
1,healthy,364.426,4.1984215,13.5,41.0,0.9746661
4,healthy,364.426,41.9048,,26.0,9.591449
5,healthy,364.426,4.2421703,5.0,27.0,0.9279172
6,healthy,364.426,0.9358437,,34.5,0.2321657
1,healthy,365.4,3.9363184,8.0,46.5,0.9421285
2,healthy,365.4,13.323097,32.5,33.5,3.1215143
3,healthy,365.4,5.282121,43.5,45.0,1.0400997
5,healthy,365.4,4.154454,14.0,15.0,0.83010167
6,healthy,365.4,1.0019529,46.0,46.0,0.2230748
7,healthy,365.4,6.212193,9.5,23.0,0.7325973
1,healthy,366.6185,3.9575164,8.0,26.5,0.87595934
2,healthy,366.6185,95.78932,8.5,42.0,3.5217786
3,healthy,366.6185,2.813499,13.0,27.0,0.6909851
4,healthy,366.6185,42.372147,21.0,50.0,7.4201837
5,healthy,366.6185,5.8194866,,50.0,1.3330852
6,healthy,366.6185,1.2691252,6.0,40.0,0.24064547
1,healthy,367.4725,4.615548,19.5,43.5,0.8016319
2,healthy,367.4725,67.27321,6.0,41.5,5.515247
3,healthy,367.4725,3.0967906,47.5,48.0,0.59661084
4,healthy,367.4725,33.33017,,22.0,9.490067
5,healthy,367.4725,4.40848,11.0,31.5,1.1243936
6,healthy,367.4725,1.1913595,33.5,34.0,0.19858043
7,healthy,367.4725,3.6580732,45.0,50.0,0.9850116
1,healthy,368.275,3.873276,25.5,40.5,0.77050614
2,healthy,368.275,64.49376,47.5,50.0,10.404547
3,healthy,368.275,3.2895734,46.0,46.5,0.8582812
4,healthy,368.275,34.716736,,27.0,8.514672
5,healthy,368.275,3.9455132,47.5,48.0,1.2129061
6,healthy,368.275,1.1340834,21.0,22.0,0.18285355
1,healthy,369.222,4.0569,31.5,32.0,0.74293065
4,healthy,369.222,40.046967,36.0,36.0,9.344347
5,healthy,369.222,5.250886,35.5,39.0,1.0083835
6,healthy,369.222,1.2360158,,42.5,0.31917128
7,healthy,369.222,6.3550377,,15.0,1.6134094
1,healthy,370.1485,2.9689958,7.5,32.5,0.2981004
2,healthy,370.1485,6.718828,7.5,25.5,1.6336125
3,healthy,370.1485,3.7125819,19.0,19.0,0.90100914
5,healthy,370.1485,3.8832784,,19.0,1.0360373
6,healthy,370.1485,0.9992634,,39.0,0.28287807
7,healthy,370.1485,5.24498,5.0,15.0,0.785074
3,healthy,371.052,3.3372324,47.5,48.5,0.73956937
4,healthy,371.052,34.91936,,28.0,10.859908
5,healthy,371.052,7.9608955,32.5,33.5,1.4591209
6,healthy,371.052,1.4273367,5.5,16.5,0.22278482
7,healthy,371.052,4.247887,46.5,47.5,1.1552141
1,healthy,372.033,3.5986555,16.0,17.0,0.77996796
2,healthy,372.033,22.608671,44.5,44.5,5.1184063
3,healthy,372.033,3.0496821,5.0,21.0,0.9895725
4,healthy,372.033,41.271828,25.5,26.0,7.1435666
5,healthy,372.033,6.3865776,21.5,22.5,1.054638
6,healthy,372.033,1.0855249,,35.5,0.28766435
7,healthy,372.033,4.6277046,6.5,34.5,0.7073188
1,healthy,372.8475,3.1303556,13.5,40.0,0.7529178
2,healthy,372.8475,61.867844,8.5,50.0,9.386587
3,healthy,372.8475,2.5442626,23.5,24.5,0.68790996
6,healthy,372.8475,1.1327175,24.0,24.5,0.23205103
1,healthy,373.7615,3.72617,8.0,15.0,0.5914287
2,healthy,373.7615,77.26425,21.5,25.0,9.339009
4,healthy,373.7615,44.45057,44.0,44.5,7.9196506
5,healthy,373.7615,4.0463743,,16.5,1.0583031
6,healthy,373.7615,0.98766613,,49.5,0.2528089
2,healthy,374.5725,85.63605,18.0,44.5,10.864701
3,healthy,374.5725,4.1777005,30.5,30.5,1.2306145
4,healthy,374.5725,42.036545,,33.5,9.048127
5,healthy,374.5725,4.766963,8.5,33.0,1.2235918
1,healthy,375.5145,3.8937924,,20.0,1.233651
2,healthy,375.5145,71.74455,37.0,37.5,10.478507
3,healthy,375.5145,3.5496016,,47.5,1.0538983
5,healthy,375.5145,5.175463,40.5,41.0,1.1695739
7,healthy,375.5145,5.182246,15.0,50.0,0.863561
1,healthy,376.4135,15.025795,18.0,19.0,3.2753544
3,healthy,376.4135,4.2117434,,27.0,1.2007873
4,healthy,376.4135,33.768616,,39.5,8.053678
5,healthy,376.4135,5.293138,,31.0,1.1317725
6,healthy,376.4135,1.141324,38.5,38.5,0.25387326
1,healthy,377.3465,2.6138992,,29.0,0.8311252
2,healthy,377.3465,69.51299,45.0,45.5,11.482803
3,healthy,377.3465,6.7594023,5.5,23.5,1.012548
4,healthy,377.3465,34.74743,,37.0,8.4564705
5,healthy,377.3465,3.893547,,43.0,1.1038842
6,healthy,377.3465,0.9105896,,25.5,0.21980716
7,healthy,377.3465,3.2740083,,35.0,0.8907906
1,healthy,378.1685,3.08688,38.0,43.5,0.5975301
2,healthy,378.1685,57.438152,34.0,37.5,4.900505
4,healthy,378.1685,38.767845,10.0,23.0,10.327958
5,healthy,378.1685,8.865416,29.5,30.5,1.1400123
6,healthy,378.1685,1.2208157,42.5,43.0,0.24563222
1,healthy,379.0885,2.7350874,,16.0,0.87441385
2,healthy,379.0885,20.340328,5.5,40.0,3.2422185
3,healthy,379.0885,3.764712,23.5,24.0,0.8513912
4,healthy,379.0885,35.660954,14.0,15.0,6.5171595
5,healthy,379.0885,4.653672,14.0,15.0,0.799678
6,healthy,379.0885,1.2940917,,40.5,0.36975193
1,healthy,379.933,2.5224833,7.5,44.0,0.7652334
2,healthy,379.933,57.894005,35.0,38.0,8.075625
3,healthy,379.933,3.0237203,,27.0,0.76157844
4,healthy,379.933,39.44943,5.0,42.5,8.254824
5,healthy,379.933,4.1668167,,38.5,1.2154187
6,healthy,379.933,0.9615924,39.5,40.0,0.20380683
7,healthy,379.933,4.995027,20.0,28.5,0.9601913
1,healthy,380.8045,2.9958966,5.0,21.0,0.81853753
2,healthy,380.8045,59.905746,46.5,47.5,8.39051
4,healthy,380.8045,38.67878,41.5,45.5,6.5284963
5,healthy,380.8045,6.082649,40.5,41.5,0.8493383
6,healthy,380.8045,1.061873,,24.0,0.2642048
7,healthy,380.8045,4.19557,5.0,50.0,0.66892284
1,healthy,381.6985,1.6863735,10.0,28.0,0.43046284
2,healthy,381.6985,7.634506,5.0,15.5,1.0076848
3,healthy,381.6985,2.631858,5.0,23.0,0.59683245
4,healthy,381.6985,20.609344,,50.0,5.8265777
5,healthy,381.6985,3.5707347,5.0,45.0,1.1271489
6,healthy,381.6985,0.97183454,,15.5,0.2503882
7,healthy,381.6985,3.6658113,47.0,48.5,0.9024221
4,healthy,382.5285,52.594078,10.0,22.0,7.3052926
5,healthy,382.5285,5.3222694,42.0,42.5,1.1178633
6,healthy,382.5285,1.2129722,25.5,26.0,0.2340042
7,healthy,382.5285,4.075521,21.0,39.0,0.6753678
1,healthy,383.3355,4.3095083,5.0,20.5,0.76548266
2,healthy,383.3355,9.045909,13.5,15.0,2.7357607
4,healthy,383.3355,45.096756,46.0,46.0,10.16862
5,healthy,383.3355,4.8845644,5.0,27.5,1.4815007
6,healthy,383.3355,1.0919662,37.5,37.5,0.25091776
7,healthy,383.3355,4.16164,49.5,50.0,1.2688363
1,healthy,384.1755,2.9195871,5.0,37.5,0.6097616
2,healthy,384.1755,70.43191,15.5,16.0,13.645309
3,healthy,384.1755,170.36479,27.0,31.5,18.166273
5,healthy,384.1755,4.405605,,18.0,1.1840646
6,healthy,384.1755,0.99764204,30.0,30.0,0.2092863
7,healthy,384.1755,6.5358,5.0,29.5,0.65251696
2,healthy,385.0065,85.396034,18.5,19.0,13.559915
3,healthy,385.0065,21.18504,5.0,30.5,0.7526302
4,healthy,385.0065,46.395363,30.0,43.5,8.673922
5,healthy,385.0065,5.245249,,43.5,1.6422274
6,healthy,385.0065,0.97886854,28.0,28.0,0.24821194
3,healthy,385.841,3.9064245,5.0,18.0,0.5593775
4,healthy,385.841,52.782654,23.0,40.0,7.0754747
5,healthy,385.841,12.232235,19.0,20.0,1.3791907
6,healthy,385.841,1.1931386,24.5,24.5,0.2926209
7,healthy,385.841,6.4114776,,48.0,1.8935978
1,healthy,386.6435,4.0675097,5.0,33.5,0.6980846
2,healthy,386.6435,71.01572,16.5,21.0,3.378328
3,healthy,386.6435,10.97419,21.5,35.0,1.7216456
4,healthy,386.6435,24.660175,,42.5,7.350658
5,healthy,386.6435,5.1260247,,20.0,1.4852777
6,healthy,386.6435,0.84976745,,15.0,0.27397498
4,healthy,387.4795,24.044823,,18.5,7.167508
6,healthy,387.4795,1.103094,,32.5,0.2937516
7,healthy,387.4795,3.3097973,22.0,35.5,0.85986805
2,healthy,388.2885,26.922333,22.5,23.5,4.1176553
3,healthy,388.2885,4.6568136,16.5,26.0,0.86000615
4,healthy,388.2885,36.800133,,39.5,10.222667
5,healthy,388.2885,5.748464,,40.0,1.4222094
6,healthy,388.2885,1.378317,10.5,40.5,0.2569852
1,healthy,389.138,3.1468594,5.0,46.5,0.67074424
2,healthy,389.138,19.606606,5.0,25.5,5.2550845
3,healthy,389.138,3.7177181,10.5,26.5,0.96689475
4,healthy,389.138,39.071884,13.5,38.5,8.674367
5,healthy,389.138,8.007197,9.0,34.0,1.1127359
6,healthy,389.138,1.0172703,,22.5,0.25691554
1,healthy,389.94,5.7364206,37.5,47.5,0.945677
2,healthy,389.94,18.757038,7.0,30.5,3.4646277
3,healthy,389.94,18.422588,24.5,26.0,1.2199284
4,healthy,389.94,46.393364,19.5,20.0,9.36388
5,healthy,389.94,7.198538,19.0,19.5,1.4535133
1,healthy,390.7935,4.7951183,,48.0,1.318663
2,healthy,390.7935,75.87333,13.5,17.5,4.9202824
4,healthy,390.7935,32.93421,,46.0,7.787519
5,healthy,390.7935,6.9079757,22.5,23.5,1.1309427
6,healthy,390.7935,1.2534829,43.5,43.5,0.2626098
7,healthy,390.7935,3.887258,5.0,16.5,1.1994956
1,healthy,391.626,16.54657,,40.5,4.564445
2,healthy,391.626,73.57156,27.0,30.0,10.371784
4,healthy,391.626,38.547348,15.0,15.5,8.118439
5,healthy,391.626,7.11416,9.5,44.0,0.9990077
7,healthy,391.626,4.141603,5.0,33.0,0.8647444
1,healthy,392.484,29.03698,28.0,29.0,5.283291
3,healthy,392.484,137.40979,42.0,45.5,12.931652
4,healthy,392.484,45.814106,20.5,21.5,7.6063766
5,healthy,392.484,5.6533175,30.5,31.0,1.0795609
6,healthy,392.484,1.3308388,26.5,49.0,0.1747844
1,healthy,393.294,18.556967,,30.0,5.840327
2,healthy,393.294,35.281395,5.0,25.0,5.8854733
3,healthy,393.294,179.14401,33.5,37.5,14.353079
4,healthy,393.294,56.681625,25.5,25.5,12.049353
5,healthy,393.294,7.8776193,,25.0,2.001941
6,healthy,393.294,1.2691693,,22.5,0.28689453
7,healthy,393.294,4.7773356,,17.5,1.3721174
1,healthy,394.0945,21.087667,5.5,38.5,6.607309
2,healthy,394.0945,58.376095,48.5,49.0,13.788424
3,healthy,394.0945,42.515472,8.0,45.0,8.873159
4,healthy,394.0945,34.770958,36.0,38.0,8.526097
5,healthy,394.0945,9.815392,37.0,37.5,1.607676
1,healthy,394.903,56.082188,23.5,27.0,5.661402
2,healthy,394.903,83.22005,32.5,33.0,13.943217
4,healthy,394.903,47.05768,37.5,37.5,9.647265
5,healthy,394.903,5.935747,8.5,43.5,1.2905085
6,healthy,394.903,0.927622,,16.0,0.28297538
7,healthy,394.903,2.828122,5.0,18.5,0.56751186
4,healthy,395.7135,43.16723,9.0,18.5,6.2639613
5,healthy,395.7135,5.727411,,23.0,1.7451978
6,healthy,395.7135,1.2398618,45.0,45.5,0.28302893
1,healthy,396.537,22.811514,8.0,40.5,3.3632088
2,healthy,396.537,54.610123,,26.5,13.783336
4,healthy,396.537,46.60733,28.5,29.5,8.301141
5,healthy,396.537,6.485525,,50.0,1.9392675
6,healthy,396.537,0.7674705,,31.0,0.23881817
1,healthy,397.4135,14.967045,30.5,30.5,3.1343737
2,healthy,397.4135,80.131035,27.0,29.5,13.388521
3,healthy,397.4135,3.5088747,20.5,43.0,0.73946357
4,healthy,397.4135,29.206099,,26.0,7.1478243
5,healthy,397.4135,8.831194,20.5,21.5,1.189969
6,healthy,397.4135,1.1396158,,37.5,0.30985987
7,healthy,397.4135,5.0082407,13.5,15.0,0.9748887
1,healthy,398.2365,20.104774,11.0,37.0,3.5239613
2,healthy,398.2365,9.575412,,25.0,2.2322824
4,healthy,398.2365,49.599102,14.5,15.0,8.607531
5,healthy,398.2365,4.7936726,,31.5,1.4824256
6,healthy,398.2365,1.1649593,26.5,27.0,0.2010564
7,healthy,398.2365,2.584823,5.0,27.0,0.7586609
1,healthy,399.0425,30.01155,24.5,25.5,4.1392083
2,healthy,399.0425,15.872038,5.0,26.0,3.0761313
3,healthy,399.0425,36.696648,16.5,17.5,10.846459
4,healthy,399.0425,59.116882,30.5,32.0,8.090922
5,healthy,399.0425,7.3328342,,43.0,1.5828065
6,healthy,399.0425,0.9605204,,45.5,0.23590057
7,healthy,399.0425,3.574378,,46.0,1.0618639
1,healthy,399.8525,11.774325,,17.0,3.1766899
2,healthy,399.8525,99.055405,31.5,32.0,21.130816
3,healthy,399.8525,7.7532835,,35.5,2.161934
4,healthy,399.8525,46.71503,,50.0,11.995172
5,healthy,399.8525,9.305946,,44.5,2.8358402
6,healthy,399.8525,0.8552352,,47.0,0.24210125
7,healthy,399.8525,6.042066,46.5,48.0,1.3243804
1,healthy,400.653,20.958263,25.5,26.0,3.8139
2,healthy,400.653,89.06686,29.5,30.0,13.8423195
3,healthy,400.653,2.8854096,30.5,46.0,0.7884783
5,healthy,400.653,10.381876,,34.0,2.3003995
6,healthy,400.653,1.1122048,30.5,31.0,0.18385148
1,healthy,401.454,15.730444,,45.0,4.066363
2,healthy,401.454,80.95105,,29.5,19.305264
3,healthy,401.454,4.6629314,8.0,43.5,0.87256706
4,healthy,401.454,61.770454,14.0,18.5,8.598555
5,healthy,401.454,10.584177,17.0,17.5,2.0784085
7,healthy,401.454,2.6426125,,16.0,0.82138294
2,healthy,402.2555,5.7162447,34.5,34.5,1.8024454
3,healthy,402.2555,3.7426176,12.0,19.5,0.9426647
4,healthy,402.2555,43.781414,,29.5,10.631292
5,healthy,402.2555,8.904026,6.0,42.0,1.9904453
6,healthy,402.2555,1.4970666,25.0,25.5,0.25621265
7,healthy,402.2555,4.023666,16.0,33.0,1.0397251
1,healthy,403.0575,16.819159,,36.5,3.9258232
2,healthy,403.0575,10.018255,9.5,42.0,1.9823856
4,healthy,403.0575,27.184353,32.5,32.5,6.7113
5,healthy,403.0575,10.760103,35.0,35.5,2.055124
6,healthy,403.0575,1.1826563,27.0,28.0,0.17829245
7,healthy,403.0575,4.019228,5.0,15.0,0.823732
1,healthy,403.861,26.097485,45.0,45.5,5.1080356
2,healthy,403.861,7.841415,43.5,45.5,2.1075263
4,healthy,403.861,55.67945,44.0,45.5,7.0384603
5,healthy,403.861,12.490057,14.5,15.5,1.9376512
6,healthy,403.861,1.1864337,45.5,46.0,0.241374
7,healthy,403.861,5.555269,,30.0,1.5327295
1,healthy,404.6695,19.697247,41.0,41.5,4.3937383
2,healthy,404.6695,94.70356,15.5,16.0,18.969162
4,healthy,404.6695,45.997246,,45.5,13.293215
5,healthy,404.6695,10.926153,,23.5,3.563727
6,healthy,404.6695,0.8867641,8.0,42.5,0.22819887
1,healthy,405.4705,22.48854,39.0,40.0,3.6454947
2,healthy,405.4705,68.797935,6.5,49.0,10.859484
3,healthy,405.4705,2.8754904,39.0,43.5,0.67128116
4,healthy,405.4705,26.289246,5.0,24.0,6.600513
5,healthy,405.4705,9.78017,,43.5,2.673605
6,healthy,405.4705,1.049683,,42.0,0.25995567
7,healthy,405.4705,4.5046635,10.5,25.5,1.2781318
1,healthy,406.271,27.36583,39.5,40.0,3.4123557
2,healthy,406.271,75.68179,49.0,49.5,11.98563
3,healthy,406.271,3.1124926,5.5,17.5,0.7524126
4,healthy,406.271,43.46249,,45.5,13.648436
5,healthy,406.271,15.281717,21.0,21.5,2.8353016
7,healthy,406.271,6.197553,41.5,43.0,1.719431
1,healthy,407.0815,22.900732,46.5,47.5,4.7315984
2,healthy,407.0815,110.412025,19.0,22.5,14.800683
3,healthy,407.0815,7.1890945,5.0,16.0,0.5571822
4,healthy,407.0815,49.460167,38.0,38.5,8.960661
5,healthy,407.0815,19.403683,36.5,37.5,2.9871118
6,healthy,407.0815,1.1152499,,39.5,0.2877425
7,healthy,407.0815,2.8119488,28.0,28.5,0.7382962
1,healthy,407.887,22.132296,6.5,38.5,4.996984
2,healthy,407.887,93.54451,23.5,24.0,18.325447
4,healthy,407.887,67.19984,26.5,28.5,9.5233
5,healthy,407.887,12.615759,,19.5,3.6104393
6,healthy,407.887,0.9091725,,39.5,0.29838276
7,healthy,407.887,5.4373593,29.0,33.0,1.2023046
1,healthy,408.6905,20.936375,,50.0,4.537673
2,healthy,408.6905,106.42786,30.0,33.5,15.335049
4,healthy,408.6905,29.368671,,41.0,8.86931
5,healthy,408.6905,12.31198,,33.0,2.9839773
6,healthy,408.6905,1.1939914,25.0,25.5,0.20154116
1,healthy,409.493,23.838146,35.5,36.0,4.445973
2,healthy,409.493,94.89188,5.5,33.5,15.861993
3,healthy,409.493,5.1157923,,50.0,1.5329534
4,healthy,409.493,31.037075,,43.5,8.46216
5,healthy,409.493,7.6130733,,33.5,2.447728
1,healthy,410.2975,19.558517,20.0,20.0,4.098198
2,healthy,410.2975,88.07037,43.0,43.0,19.085697
3,healthy,410.2975,3.4469056,30.5,31.0,0.8855114
5,healthy,410.2975,15.475851,47.5,48.0,3.3093164
6,healthy,410.2975,0.8380606,,24.5,0.21481906
7,healthy,410.2975,5.9977565,5.0,19.5,0.74590355
1,healthy,411.1015,19.716372,25.0,25.5,3.664118
5,healthy,411.1015,14.657894,25.5,26.5,2.0540318
6,healthy,411.1015,1.0548404,,36.5,0.24671234
7,healthy,411.1015,3.2843502,5.0,44.5,0.6880257
1,healthy,411.913,11.389542,5.0,49.5,3.33102
2,healthy,411.913,8.303379,,49.5,1.8870606
3,healthy,411.913,5.621323,5.0,15.0,0.8246876
4,healthy,411.913,68.51995,15.5,17.0,8.660205
5,healthy,411.913,9.690451,,23.0,2.6867006
6,healthy,411.913,1.031731,11.5,19.0,0.19076322
1,healthy,412.7175,24.925106,32.0,33.5,3.5500267
2,healthy,412.7175,107.03162,30.5,31.0,21.527582
6,healthy,412.7175,1.1639893,,31.5,0.30019534
1,healthy,413.5255,21.564438,41.0,41.0,4.22334
3,healthy,413.5255,4.314063,5.0,39.0,0.58184063
5,healthy,413.5255,16.526302,,39.0,4.1852627
6,healthy,413.5255,1.10741,8.0,28.0,0.22459278
7,healthy,413.5255,4.186156,5.0,39.0,0.61244726
1,healthy,414.3325,26.048597,14.0,21.0,3.9700491
3,healthy,414.3325,2.954331,29.0,29.5,0.9360857
4,healthy,414.3325,38.62774,,33.0,8.278214
5,healthy,414.3325,20.63166,39.0,40.0,2.8507774
6,healthy,414.3325,1.2117963,,30.0,0.30641937
1,healthy,415.141,17.596268,5.0,37.5,4.1408105
2,healthy,415.141,116.44685,41.5,44.5,16.705784
5,healthy,415.141,14.622167,,34.5,3.1498199
6,healthy,415.141,1.1044888,35.5,36.0,0.22923933
7,healthy,415.141,13.068009,5.0,29.5,1.5023935
1,healthy,415.9445,18.458086,,16.5,4.705108
2,healthy,415.9445,62.390934,,42.0,14.482573
4,healthy,415.9445,39.665867,7.5,42.5,5.9316587
5,healthy,415.9445,13.03363,8.5,18.0,1.5875877
7,healthy,415.9445,3.0325303,16.0,37.0,0.6647173
1,healthy,416.745,26.494343,43.0,43.5,5.2518806
3,healthy,416.745,4.7123594,36.5,40.5,1.0007843
4,healthy,416.745,38.30391,21.0,21.5,7.831083
6,healthy,416.745,1.4060924,,42.0,0.33789924
1,healthy,417.5465,20.431969,28.5,29.0,3.3827188
2,healthy,417.5465,79.311966,44.0,48.5,2.5076728
3,healthy,417.5465,4.222835,19.0,44.5,0.77294075
4,healthy,417.5465,36.192863,9.0,45.5,4.758734
5,healthy,417.5465,17.918339,24.0,24.5,2.7065876
6,healthy,417.5465,0.99110675,,43.5,0.24255082
7,healthy,417.5465,3.246327,10.0,23.0,0.518867
1,healthy,418.347,24.108173,15.5,46.5,2.9140887
2,healthy,418.347,34.34614,9.0,27.5,1.4721224
4,healthy,418.347,47.12853,18.5,19.0,8.06415
5,healthy,418.347,14.391308,8.0,15.5,3.3577034
6,healthy,418.347,1.0234811,,29.5,0.21848512
7,healthy,418.347,4.347366,5.0,50.0,0.8987034
2,healthy,419.151,58.035995,6.5,17.5,9.600153
3,healthy,419.151,3.262272,9.0,15.5,0.6901591
4,healthy,419.151,33.047386,,20.5,9.24162
5,healthy,419.151,14.771101,,36.5,3.326873
6,healthy,419.151,0.8076047,,32.5,0.23746361
1,healthy,419.9545,18.644766,12.0,34.0,3.6781154
2,healthy,419.9545,45.379826,15.0,15.5,11.804221
3,healthy,419.9545,2.9062288,32.0,44.5,0.8949349
6,healthy,419.9545,0.8195131,,29.0,0.21942787
1,healthy,420.7575,17.428986,17.5,17.5,4.0676265
3,healthy,420.7575,4.899701,,49.5,1.2830966
6,healthy,420.7575,0.9164477,,44.0,0.24842778
7,healthy,420.7575,1.970787,5.0,19.5,0.52735305
1,healthy,421.5585,17.530714,31.5,36.0,2.656387
3,healthy,421.5585,2.4238713,26.0,26.5,0.61336815
4,healthy,421.5585,42.620792,43.0,44.5,7.5537343
5,healthy,421.5585,9.357222,11.0,37.5,2.7976842
6,healthy,421.5585,0.9385356,,40.5,0.24392939
7,healthy,421.5585,3.8187203,20.0,30.0,0.85997486
1,healthy,422.359,23.812252,15.5,30.0,2.4936984
2,healthy,422.359,74.20849,30.5,34.0,5.036341
3,healthy,422.359,3.3094268,5.0,45.5,0.8122861
4,healthy,422.359,44.65757,47.0,50.0,6.4767623
5,healthy,422.359,15.787773,44.0,44.5,3.0982962
6,healthy,422.359,0.8992851,,41.0,0.25789243
7,healthy,422.359,2.8036795,8.5,42.5,0.66374195
1,healthy,423.1615,24.27633,26.5,27.5,3.546828
2,healthy,423.1615,67.79505,15.0,19.0,2.7539065
4,healthy,423.1615,38.58698,21.0,21.0,8.973691
5,healthy,423.1615,13.945156,27.5,28.0,2.823432
6,healthy,423.1615,0.9772027,8.5,24.0,0.17383568
7,healthy,423.1615,4.9571285,8.0,47.0,1.1969304
1,healthy,423.964,20.343456,17.5,18.0,3.5432978
3,healthy,423.964,5.094834,17.5,22.5,1.2075793
4,healthy,423.964,49.384354,,40.0,14.408221
5,healthy,423.964,17.23363,19.5,47.0,2.7492297
7,healthy,423.964,5.7536626,45.0,50.0,0.98429
4,healthy,424.7665,34.116287,19.5,20.5,5.05674
5,healthy,424.7665,10.699656,,42.5,2.514046
6,healthy,424.7665,1.1474507,22.5,23.0,0.21492766
1,healthy,425.57,3.4765873,5.5,24.0,0.5278123
3,healthy,425.57,3.896625,22.5,46.5,0.4679189
4,healthy,425.57,117.56224,11.0,46.0,9.4378605
5,healthy,425.57,12.7762985,,32.0,2.864886
6,healthy,425.57,0.92627853,,35.0,0.27749294
7,healthy,425.57,5.2395816,7.5,34.0,1.1128213
1,healthy,426.371,2.947732,32.0,32.5,0.47109523
2,healthy,426.371,8.4746685,13.0,22.5,1.3926097
3,healthy,426.371,2.0756834,6.5,20.0,0.4183559
4,healthy,426.371,35.73423,,48.5,9.929772
6,healthy,426.371,0.91564846,7.5,49.5,0.19959028
1,healthy,427.1795,18.960932,38.0,41.5,1.9341772
2,healthy,427.1795,32.50004,,20.5,9.565215
3,healthy,427.1795,4.642923,7.5,15.0,0.7868762
4,healthy,427.1795,65.31481,26.0,43.5,8.5296
5,healthy,427.1795,12.299533,6.5,47.5,2.9006348
6,healthy,427.1795,0.67108715,10.5,26.5,0.19265081
1,healthy,427.9815,6.027597,6.0,40.0,1.3598195
2,healthy,427.9815,68.11618,13.0,17.0,4.798969
4,healthy,427.9815,47.554108,32.0,33.0,9.73821
5,healthy,427.9815,12.042175,19.0,19.5,2.506779
6,healthy,427.9815,1.4463542,43.0,43.5,0.24230123
7,healthy,427.9815,5.5955114,5.0,20.0,1.3612214
1,healthy,428.782,32.876205,10.0,29.0,3.362903
2,healthy,428.782,7.772958,8.5,25.0,1.4036086
4,healthy,428.782,28.450603,,15.5,8.642617
5,healthy,428.782,11.17073,,42.5,2.4441977
6,healthy,428.782,1.1315327,16.0,16.5,0.21625604
1,healthy,429.587,18.679176,28.0,28.0,4.3502917
2,healthy,429.587,9.911522,10.0,46.0,2.0974197
5,healthy,429.587,14.394455,12.5,31.0,2.3581362
6,healthy,429.587,1.0188098,,15.0,0.30813417
1,healthy,430.388,21.711786,24.0,27.5,3.6542366
2,healthy,430.388,28.042566,8.0,25.0,6.4519525
4,healthy,430.388,48.61969,43.0,43.5,7.50045
5,healthy,430.388,14.115269,11.5,37.5,2.5295978
6,healthy,430.388,1.025431,,23.0,0.24182485
7,healthy,430.388,4.0940747,20.5,20.5,1.2079285
1,healthy,431.1905,16.614784,33.5,34.0,3.8956115
3,healthy,431.1905,2.4728804,27.0,27.0,0.7951143
4,healthy,431.1905,49.584312,38.5,42.0,7.590452
5,healthy,431.1905,21.64449,45.5,49.0,2.8240843
6,healthy,431.1905,1.2837229,23.0,23.5,0.25215578
7,healthy,431.1905,4.4895816,5.0,15.0,0.5285975
1,healthy,431.9935,16.881294,5.5,39.5,3.9973283
2,healthy,431.9935,82.10485,20.0,23.5,5.571497
3,healthy,431.9935,6.028466,46.0,50.0,1.4964298
4,healthy,431.9935,32.057007,,44.5,7.9648952
5,healthy,431.9935,15.060965,6.5,16.5,2.7371461
6,healthy,431.9935,0.8671285,,38.5,0.22930568
7,healthy,431.9935,4.149474,5.0,26.5,1.3540819
4,healthy,432.797,39.881096,5.0,33.5,7.9364614
5,healthy,432.797,12.527489,,19.5,3.5265388
6,healthy,432.797,1.0672555,,18.5,0.2729028
7,healthy,432.797,3.1578536,18.5,23.5,0.6998794
1,healthy,433.598,19.737785,34.0,34.0,3.6665804
2,healthy,433.598,10.387167,23.5,24.5,1.358847
3,healthy,433.598,3.143697,5.0,28.5,0.6017635
5,healthy,433.598,15.055207,,49.0,4.1964684
7,healthy,433.598,2.3705041,16.5,45.0,0.5455805
1,healthy,434.4,13.010212,,48.5,3.8499305
3,healthy,434.4,2.3374763,5.0,49.5,0.4983551
4,healthy,434.4,43.372513,,27.0,11.369043
5,healthy,434.4,10.027916,10.5,15.0,2.420791
6,healthy,434.4,1.2008679,28.0,28.0,0.24038872
7,healthy,434.4,4.4258847,35.0,39.0,0.5606933
1,healthy,435.2005,22.481674,5.5,37.0,2.5566068
2,healthy,435.2005,87.93904,33.5,33.5,16.93127
3,healthy,435.2005,3.8029525,7.0,47.0,0.8229909
4,healthy,435.2005,37.03829,18.0,18.5,6.8634715
5,healthy,435.2005,19.16928,15.5,33.0,3.0895448
6,healthy,435.2005,0.9895968,20.0,20.0,0.2041255
7,healthy,435.2005,2.6635833,9.5,23.0,0.6462162
1,healthy,436.008,37.837303,27.0,27.5,5.1870117
2,healthy,436.008,85.27245,16.0,17.0,6.6849375
3,healthy,436.008,2.8500292,14.5,50.0,0.7424559
4,healthy,436.008,27.956173,6.5,44.0,6.4779058
5,healthy,436.008,11.348122,7.0,30.0,1.9649935
6,healthy,436.008,0.99709797,,29.0,0.25440028
7,healthy,436.008,2.5235999,5.0,15.0,0.75281125
1,healthy,436.81,15.957073,,48.0,5.1827927
3,healthy,436.81,3.08067,14.5,33.0,0.7922282
4,healthy,436.81,69.03354,41.5,43.0,12.402426
5,healthy,436.81,17.663464,17.0,17.5,1.7192904
6,healthy,436.81,1.1330984,11.0,19.5,0.26345634
7,healthy,436.81,4.594093,21.0,43.5,1.0382302
1,healthy,437.6215,19.955875,22.5,23.0,3.449018
2,healthy,437.6215,80.94838,19.0,20.0,4.951552
3,healthy,437.6215,3.2264228,23.0,29.5,0.80566156
4,healthy,437.6215,45.473747,23.0,24.0,5.8865833
5,healthy,437.6215,14.401136,,27.0,3.8905385
6,healthy,437.6215,1.0519413,31.0,31.0,0.20957401
7,healthy,437.6215,4.2503977,11.0,24.0,1.1727742
1,healthy,438.422,20.291992,17.0,20.5,2.941673
2,healthy,438.422,4.9348617,,49.0,1.5169042
3,healthy,438.422,3.971509,32.5,45.0,0.65559566
5,healthy,438.422,12.450386,,38.5,3.6946647
6,healthy,438.422,0.95973796,33.0,40.0,0.17608203
7,healthy,438.422,5.8698845,5.0,16.5,0.8560619
1,healthy,439.2235,17.786865,20.5,20.5,3.5908477
2,healthy,439.2235,11.768897,20.0,21.0,1.152949
3,healthy,439.2235,2.9248767,17.0,17.5,0.6894943
5,healthy,439.2235,10.765211,,23.5,3.1676395
6,healthy,439.2235,1.3302749,,40.5,0.34616494
7,healthy,439.2235,8.190034,9.0,46.5,0.54905725
1,healthy,440.0445,27.360638,45.5,46.0,4.5012875
3,healthy,440.0445,3.226993,30.5,41.0,0.430461
4,healthy,440.0445,39.684357,46.0,50.0,7.094047
5,healthy,440.0445,13.209258,,24.0,3.1524658
6,healthy,440.0445,1.7282208,38.5,41.5,0.22086646
7,healthy,440.0445,3.8574858,36.5,36.5,1.1009365
1,healthy,440.8465,14.16997,5.0,40.0,2.8028157
2,healthy,440.8465,17.965576,8.5,38.5,3.2144692
3,healthy,440.8465,5.8206534,,20.0,1.69941
5,healthy,440.8465,10.993397,,50.0,3.6549559
6,healthy,440.8465,1.4547613,23.0,24.0,0.21759757
1,healthy,441.648,20.268951,47.5,47.5,3.6943715
2,healthy,441.648,95.28474,29.0,30.0,13.152313
3,healthy,441.648,3.4115512,8.5,15.0,0.6084735
4,healthy,441.648,52.157784,13.5,50.0,7.989455
5,healthy,441.648,13.651087,,34.0,3.5328186
6,healthy,441.648,0.93926364,8.5,48.5,0.2869401
7,healthy,441.648,5.1611357,32.5,33.5,1.2436094
1,healthy,442.449,17.060492,9.5,48.5,3.7672036
3,healthy,442.449,4.598599,6.5,47.5,0.6903972
4,healthy,442.449,62.750805,6.0,27.0,9.034333
5,healthy,442.449,16.231104,,25.0,3.6946294
6,healthy,442.449,1.3109934,41.0,42.0,0.21839234
7,healthy,442.449,4.905685,5.0,49.0,0.43293837
1,healthy,443.251,18.144337,,16.5,3.9695218
2,healthy,443.251,79.84004,28.0,30.5,13.615056
3,healthy,443.251,5.2980323,5.0,15.0,1.4532462
4,healthy,443.251,40.720444,29.0,29.5,7.6407804
5,healthy,443.251,12.074097,,35.5,3.2648048
6,healthy,443.251,0.94335216,,33.0,0.22914082
1,healthy,444.0545,20.684196,9.5,45.0,3.4267485
3,healthy,444.0545,3.5501156,10.0,15.0,0.80665624
4,healthy,444.0545,55.947174,33.5,43.5,8.634479
5,healthy,444.0545,17.466099,34.0,34.0,3.8781922
6,healthy,444.0545,1.0945706,,23.5,0.2713258
1,healthy,444.8605,36.734837,31.0,31.5,6.2262144
4,healthy,444.8605,35.526222,16.0,16.0,8.952346
5,healthy,444.8605,12.521094,,15.5,3.2972097
6,healthy,444.8605,1.007714,,49.0,0.21907929
7,healthy,444.8605,6.728984,5.0,49.5,0.6377234
1,healthy,445.671,19.29361,16.0,16.0,4.7953897
3,healthy,445.671,2.0011756,6.0,19.5,0.5845227
4,healthy,445.671,48.22106,31.5,32.0,7.2581406
5,healthy,445.671,7.4176936,,19.5,1.8895874
1,healthy,446.473,15.03683,5.0,48.5,3.3523457
2,healthy,446.473,81.1823,30.5,33.5,13.014086
4,healthy,446.473,49.36299,19.0,19.5,8.328515
5,healthy,446.473,10.342958,,45.5,2.4699175
6,healthy,446.473,0.99196637,13.0,39.5,0.27192697
1,healthy,447.2735,23.87009,5.5,49.5,4.5899024
2,healthy,447.2735,21.124283,11.0,15.0,3.7590435
3,healthy,447.2735,2.7021453,5.0,43.5,0.5902482
4,healthy,447.2735,34.97189,,37.0,9.746332
5,healthy,447.2735,14.237186,,32.5,3.100553
6,healthy,447.2735,0.89065814,,29.5,0.24739954
7,healthy,447.2735,3.811707,11.5,38.0,0.41806442
1,healthy,448.076,23.913914,13.0,44.5,5.2170286
2,healthy,448.076,30.6739,6.5,21.0,5.461998
3,healthy,448.076,2.7307785,,49.5,0.89539254
4,healthy,448.076,38.878456,,31.5,9.913174
5,healthy,448.076,12.84277,,17.5,2.881455
6,healthy,448.076,1.37676,50.0,50.0,0.28463024
7,healthy,448.076,4.448247,5.0,24.5,0.47998363
1,healthy,448.8775,23.903662,17.5,46.5,3.9179058
2,healthy,448.8775,92.83646,19.5,23.5,5.8675246
3,healthy,448.8775,3.1354687,14.5,16.5,0.4951203
4,healthy,448.8775,43.538235,29.5,30.0,6.324037
5,healthy,448.8775,15.506265,28.5,29.5,3.1520307
6,healthy,448.8775,1.2513032,11.0,28.0,0.28270948
1,healthy,449.6805,25.789272,32.5,33.0,4.219884
2,healthy,449.6805,20.164265,11.0,28.0,5.9702373
3,healthy,449.6805,3.5487003,24.5,25.5,0.7281224
4,healthy,449.6805,44.558235,,21.5,10.652839
5,healthy,449.6805,12.289749,,49.0,3.1685529
6,healthy,449.6805,1.0988095,48.0,48.5,0.2186466
7,healthy,449.6805,5.7326546,39.5,45.5,1.4762182
1,healthy,450.483,20.3354,10.5,23.0,4.5729914
3,healthy,450.483,7.26129,5.0,15.0,1.3094718
4,healthy,450.483,53.22724,9.5,40.5,9.6932125
5,healthy,450.483,11.699153,5.0,41.0,2.564364
6,healthy,450.483,1.0531886,15.5,41.0,0.20240079
7,healthy,450.483,4.2561955,9.0,19.0,0.7128566
1,healthy,451.2925,14.254441,,19.0,4.0660005
2,healthy,451.2925,9.327373,,29.0,2.8363683
3,healthy,451.2925,5.104049,23.5,24.5,1.673914
4,healthy,451.2925,49.85025,,48.0,10.983459
5,healthy,451.2925,15.499405,36.0,36.5,2.6510706
6,healthy,451.2925,0.8788574,,34.0,0.27665585
7,healthy,451.2925,5.9382296,22.5,23.5,0.8718582
1,healthy,452.0945,16.51562,10.0,26.5,3.9455256
3,healthy,452.0945,4.844727,9.5,35.0,1.2405232
4,healthy,452.0945,33.141487,,45.0,8.625457
6,healthy,452.0945,1.2422609,16.5,17.5,0.23107633
7,healthy,452.0945,5.8282137,24.0,28.5,0.8742699
1,healthy,452.8955,16.489874,5.0,38.0,3.2409174
3,healthy,452.8955,3.709124,5.0,37.5,0.57716763
4,healthy,452.8955,55.08661,9.0,15.0,9.165401
5,healthy,452.8955,12.121761,,46.0,2.8092546
6,healthy,452.8955,1.0739487,,44.0,0.28573364
1,healthy,453.696,27.726992,32.0,32.5,3.6732993
2,healthy,453.696,94.44144,21.0,24.0,13.912766
3,healthy,453.696,5.1463146,41.5,49.0,1.1782093
4,healthy,453.696,44.50432,37.0,38.0,7.660323
5,healthy,453.696,13.148945,44.5,45.0,2.7391412
6,healthy,453.696,1.1297681,,37.0,0.25238702
1,healthy,454.497,18.942299,32.5,33.0,3.2295933
2,healthy,454.497,21.27385,11.5,15.5,5.0667076
3,healthy,454.497,2.4992468,30.5,35.0,0.7056969
4,healthy,454.497,50.82769,48.0,49.0,11.229776
5,healthy,454.497,9.405358,,30.5,3.0362363
6,healthy,454.497,1.1149349,35.0,35.5,0.20917553
7,healthy,454.497,3.312098,9.0,47.0,0.7319524
1,healthy,455.2985,17.411434,,16.5,5.659281
2,healthy,455.2985,14.344271,40.5,41.0,4.2793922
4,healthy,455.2985,46.201267,26.5,27.0,9.170668
5,healthy,455.2985,11.353709,8.0,26.0,1.6799182
6,healthy,455.2985,0.83572745,5.0,25.5,0.21040498
7,healthy,455.2985,3.6617613,5.0,30.5,0.4660303
1,healthy,456.1,18.041962,,29.5,4.66239
2,healthy,456.1,21.087769,9.0,27.0,1.8843162
4,healthy,456.1,24.104563,,49.5,5.680535
5,healthy,456.1,20.129498,29.0,38.5,2.2848184
6,healthy,456.1,1.0447851,20.0,44.0,0.2104759
7,healthy,456.1,3.0156765,14.5,34.0,0.6245835
1,healthy,456.9015,23.48678,21.5,22.0,4.306171
3,healthy,456.9015,2.1840372,8.0,47.0,0.6982209
4,healthy,456.9015,45.12381,48.5,49.0,7.493157
5,healthy,456.9015,10.051311,,41.0,2.8080177
6,healthy,456.9015,0.99022436,31.0,31.0,0.22877617
7,healthy,456.9015,2.5521765,,33.5,0.79218704
1,healthy,457.71,20.4081,,33.5,5.17106
2,healthy,457.71,24.796288,7.0,24.0,4.4124913
4,healthy,457.71,42.70806,44.0,44.0,9.57081
5,healthy,457.71,15.469477,40.5,40.5,3.2222314
6,healthy,457.71,0.96681803,11.5,18.0,0.25417432
1,healthy,458.516,25.125837,,25.0,5.2753005
2,healthy,458.516,78.37947,31.0,34.0,12.089109
3,healthy,458.516,3.9085786,8.0,29.5,0.60233635
4,healthy,458.516,40.18235,,31.5,13.046523
6,healthy,458.516,0.92209125,,49.0,0.30172184
7,healthy,458.516,3.4939446,,43.0,1.0775787
2,healthy,459.317,30.390436,16.5,17.0,4.9168787
3,healthy,459.317,22.639248,15.5,16.5,1.2804514
4,healthy,459.317,46.55743,26.5,42.0,9.240088
5,healthy,459.317,10.725049,,24.0,2.7716746
6,healthy,459.317,0.83523715,,24.5,0.2683952
7,healthy,459.317,3.1673045,34.5,49.0,0.7909826
1,healthy,460.1245,19.379894,,50.0,5.8338027
2,healthy,460.1245,21.390175,41.5,42.0,3.6056013
4,healthy,460.1245,24.293129,,37.5,7.461886
5,healthy,460.1245,12.814079,,36.5,3.000604
6,healthy,460.1245,0.99617994,41.5,41.5,0.24634872
1,healthy,460.9305,20.691427,,38.5,4.556075
2,healthy,460.9305,76.00235,13.5,31.5,2.740941
3,healthy,460.9305,4.97307,,46.0,1.499318
4,healthy,460.9305,41.911156,48.5,49.0,8.956259
5,healthy,460.9305,10.686361,,40.0,2.902543
6,healthy,460.9305,0.99932593,,26.0,0.28006798
7,healthy,460.9305,5.768013,15.5,15.5,1.0998478
1,healthy,461.732,16.855965,,23.5,5.1378703
2,healthy,461.732,10.262718,44.5,45.0,2.1653252
4,healthy,461.732,70.43938,20.0,33.5,8.481691
5,healthy,461.732,9.77413,,39.5,2.6154587
6,healthy,461.732,1.0499852,,44.5,0.24830621
1,healthy,462.5335,31.891132,33.5,34.5,3.9036283
2,healthy,462.5335,19.911388,5.0,44.5,4.7542005
4,healthy,462.5335,54.395737,19.0,19.5,6.9852743
5,healthy,462.5335,13.642385,30.5,31.0,2.806265
6,healthy,462.5335,1.181751,16.5,17.0,0.21126011
7,healthy,462.5335,5.946316,5.0,15.5,0.51157933
1,healthy,463.338,23.548107,22.0,22.5,4.881334
2,healthy,463.338,27.44807,9.0,39.5,5.7081485
4,healthy,463.338,49.388603,40.5,41.0,7.3272867
5,healthy,463.338,13.452354,11.5,21.5,2.8315878
6,healthy,463.338,1.1627207,22.5,23.0,0.22329648
1,healthy,464.1395,16.0629,7.0,40.0,4.5368
2,healthy,464.1395,76.27199,20.5,22.5,3.4838817
5,healthy,464.1395,15.061116,19.5,47.0,2.7759564
6,healthy,464.1395,1.2518681,26.5,26.5,0.25657642
7,healthy,464.1395,5.835284,19.5,27.0,1.1952084
1,healthy,464.9415,22.788675,33.5,34.0,3.8999107
3,healthy,464.9415,27.31559,22.0,23.5,1.5083079
4,healthy,464.9415,33.268616,27.5,28.0,6.3377075
5,healthy,464.9415,11.955097,,43.5,2.8230374
6,healthy,464.9415,1.6389341,26.0,27.0,0.20769583
7,healthy,464.9415,5.743481,5.0,32.5,0.75262386
1,healthy,465.758,14.445889,5.0,17.5,4.02574
4,healthy,465.758,39.937172,,47.5,12.303549
5,healthy,465.758,12.06465,,29.0,3.8848274
6,healthy,465.758,1.073571,,49.0,0.26436365
1,healthy,466.56,23.924984,6.0,24.0,3.7375453
2,healthy,466.56,75.50945,7.5,48.0,5.614915
4,healthy,466.56,27.632828,,45.0,8.479829
6,healthy,466.56,1.2991921,14.5,23.5,0.27249622
2,healthy,467.3605,16.193047,7.0,44.0,3.434515
5,healthy,467.3605,13.251788,,25.0,3.0377438
6,healthy,467.3605,1.2622027,,20.5,0.28101844
1,healthy,468.161,3.2042723,42.0,47.0,0.41411448
4,healthy,468.161,34.515778,8.0,31.5,9.214849
5,healthy,468.161,10.999168,,30.5,2.6463606
6,healthy,468.161,1.0360138,36.5,36.5,0.24114773
3,healthy,468.9645,95.03691,5.0,49.5,1.6324981
4,healthy,468.9645,58.545166,16.5,23.0,9.519886
5,healthy,468.9645,12.48421,5.0,29.5,2.6798043
6,healthy,468.9645,1.2566051,24.0,24.5,0.23372251
1,healthy,469.7665,4.6857514,15.5,16.0,0.89106095
2,healthy,469.7665,63.26602,41.0,44.0,10.502059
4,healthy,469.7665,40.080162,,28.0,11.095989
5,healthy,469.7665,12.235816,,47.0,3.2900083
6,healthy,469.7665,1.1753099,15.0,44.5,0.22375733
7,healthy,469.7665,8.832014,5.0,26.5,1.0164813
2,healthy,470.5675,48.22827,20.0,23.0,6.0032296
3,healthy,470.5675,3.0717263,47.0,47.0,0.76115614
4,healthy,470.5675,51.770054,7.5,47.5,7.4457064
5,healthy,470.5675,15.552875,22.5,23.0,2.454938
6,healthy,470.5675,0.8195795,,20.5,0.24010515
7,healthy,470.5675,2.6210454,5.0,28.5,0.77428865
2,healthy,471.368,59.158607,9.5,24.5,4.2841372
3,healthy,471.368,2.069288,10.0,17.0,0.6152565
4,healthy,471.368,34.57511,,49.5,11.277296
5,healthy,471.368,15.454025,6.5,15.5,3.4392896
6,healthy,471.368,1.210736,25.0,49.0,0.21094613
1,healthy,472.1705,3.0055573,17.0,41.0,0.5764304
2,healthy,472.1705,70.40884,8.5,31.5,15.644449
3,healthy,472.1705,20.114489,23.5,27.0,0.84550226
4,healthy,472.1705,43.163597,,41.5,9.452978
5,healthy,472.1705,14.434847,25.5,25.5,3.6407487
7,healthy,472.1705,5.1351905,5.0,23.0,0.7648759
1,healthy,472.975,2.3714974,6.0,50.0,0.7614601
2,healthy,472.975,56.296066,23.0,23.5,7.2953315
3,healthy,472.975,3.9225912,,50.0,1.2127472
4,healthy,472.975,46.60204,46.5,46.5,12.8454075
5,healthy,472.975,17.687904,8.5,34.5,3.3560326
6,healthy,472.975,0.9664625,,47.0,0.23795602
7,healthy,472.975,4.743121,,15.5,1.2633959
1,healthy,473.777,3.4655964,5.0,27.5,0.6303185
2,healthy,473.777,48.488754,7.0,37.0,3.091657
3,healthy,473.777,4.0814605,39.5,48.0,0.8325637
4,healthy,473.777,32.179512,,43.0,8.760598
5,healthy,473.777,10.953449,10.0,40.0,2.8126392
6,healthy,473.777,1.3018084,38.5,38.5,0.2628906
7,healthy,473.777,5.5771923,5.0,15.0,1.2102648
2,healthy,474.5925,12.520233,,18.5,4.119942
3,healthy,474.5925,3.2006655,20.0,29.5,0.5866264
4,healthy,474.5925,53.0431,15.5,45.5,7.4034057
5,healthy,474.5925,14.456869,40.0,40.0,3.0111518
6,healthy,474.5925,1.0599775,,38.5,0.2914145
7,healthy,474.5925,3.955602,41.5,47.5,0.8406683
2,healthy,475.393,7.7482276,,43.0,2.083102
3,healthy,475.393,6.931094,32.0,48.0,1.2360864
4,healthy,475.393,50.816647,49.0,49.5,7.864678
5,healthy,475.393,9.087511,,25.5,2.8802412
6,healthy,475.393,0.8985708,5.0,34.0,0.17705478
2,healthy,476.1945,14.05395,5.5,20.0,2.3103857
3,healthy,476.1945,2.2564807,12.5,17.0,0.50225216
4,healthy,476.1945,47.29968,48.0,50.0,7.974937
5,healthy,476.1945,17.53256,43.0,43.5,2.837144
6,healthy,476.1945,1.1254619,26.0,26.0,0.2502785
7,healthy,476.1945,7.83242,,25.0,2.6078024
1,healthy,477.0015,5.249355,20.0,42.0,0.57853526
2,healthy,477.0015,18.95506,30.0,30.0,4.9855757
3,healthy,477.0015,5.5042105,38.0,38.5,1.1173729
4,healthy,477.0015,60.297695,30.0,42.0,8.200513
5,healthy,477.0015,16.024101,28.0,28.5,3.0374038
6,healthy,477.0015,0.9270163,,45.5,0.2655411
7,healthy,477.0015,8.832176,10.0,15.0,1.513342
1,healthy,477.8155,5.704891,43.0,45.0,1.2842455
2,healthy,477.8155,26.978529,,47.5,5.965899
3,healthy,477.8155,36.981308,14.5,15.0,8.045233
4,healthy,477.8155,25.530954,,16.5,7.5633035
5,healthy,477.8155,12.989402,21.5,22.5,2.5933356
6,healthy,477.8155,1.2329967,,38.0,0.2961609
7,healthy,477.8155,3.8573947,5.0,19.5,0.8645746
1,healthy,478.6205,3.9877703,,36.0,0.9168017
2,healthy,478.6205,18.436378,7.0,21.0,5.056085
3,healthy,478.6205,4.8356214,,23.5,1.585236
5,healthy,478.6205,18.15229,19.0,20.0,3.0793073
6,healthy,478.6205,1.3897188,18.0,18.5,0.24293336
7,healthy,478.6205,7.6545,14.0,49.0,1.1462724
3,healthy,479.4215,11.430579,13.5,15.0,1.6959109
4,healthy,479.4215,52.17914,27.5,28.0,10.306876
5,healthy,479.4215,16.177902,20.5,21.0,3.0052104
7,healthy,479.4215,9.165057,8.0,36.0,0.740955
1,healthy,480.2245,3.2749891,7.5,40.5,0.5644599
3,healthy,480.2245,11.120111,18.0,19.0,1.3659459
5,healthy,480.2245,13.94852,25.5,26.0,1.931965
6,healthy,480.2245,1.0400152,,26.0,0.22780807
7,healthy,480.2245,5.6173267,,44.5,1.5677756
2,healthy,481.026,63.900887,22.5,25.5,10.464275
3,healthy,481.026,4.0173593,,45.5,1.024916
4,healthy,481.026,48.07612,47.5,47.5,9.651758
5,healthy,481.026,19.05352,10.0,27.5,2.6537004
6,healthy,481.026,0.9445989,,19.0,0.2698261
1,healthy,481.832,3.2655706,25.5,26.0,0.73934984
3,healthy,481.832,10.784432,17.5,21.0,0.7790173
4,healthy,481.832,44.07021,,26.5,11.185487
5,healthy,481.832,10.637653,,41.5,3.0880969
6,healthy,481.832,1.4426433,14.5,15.0,0.21213879
1,healthy,482.633,3.2224503,16.5,47.5,0.90192
2,healthy,482.633,45.162807,24.0,48.0,3.0698948
4,healthy,482.633,35.099434,15.5,15.5,10.178811
5,healthy,482.633,15.44771,34.0,34.0,3.0833712
6,healthy,482.633,1.1454924,33.0,33.0,0.23362412
7,healthy,482.633,4.253953,5.0,50.0,0.45311767
1,healthy,483.438,3.8770437,8.5,46.5,0.68385226
3,healthy,483.438,5.77843,44.0,47.5,1.2783545
4,healthy,483.438,45.63784,7.5,28.5,6.8721642
5,healthy,483.438,17.632866,24.0,29.0,2.434988
6,healthy,483.438,1.0030943,48.0,48.0,0.23315147
7,healthy,483.438,2.0908859,23.5,24.5,0.62388563
2,healthy,484.2395,9.405697,5.0,18.5,1.6718986
3,healthy,484.2395,2.2669053,7.0,43.5,0.48064074
4,healthy,484.2395,24.594755,,18.0,7.152133
5,healthy,484.2395,11.063343,20.5,20.5,2.5987287
6,healthy,484.2395,1.2776223,29.5,30.0,0.22133388
1,healthy,485.042,3.0331361,45.5,47.0,0.55440223
2,healthy,485.042,11.484541,25.0,25.5,3.0677154
3,healthy,485.042,4.533275,6.5,34.0,1.2176433
4,healthy,485.042,71.64767,44.0,45.5,11.281956
5,healthy,485.042,17.045242,46.5,47.0,3.5015135
6,healthy,485.042,0.7798301,13.5,17.5,0.19207081
1,healthy,485.8435,2.2665954,5.0,26.0,0.6046485
3,healthy,485.8435,4.327451,5.0,24.5,0.637893
4,healthy,485.8435,37.141296,,38.5,11.988849
5,healthy,485.8435,14.469848,34.0,34.5,2.6191218
6,healthy,485.8435,0.85472965,8.5,24.0,0.23983122
7,healthy,485.8435,3.806078,10.5,15.0,0.99710435
1,healthy,486.647,3.2801924,5.0,17.5,0.6338115
2,healthy,486.647,17.991291,47.0,48.0,2.9904518
4,healthy,486.647,45.157597,,42.0,10.635754
5,healthy,486.647,13.492006,15.0,15.5,2.4892986
6,healthy,486.647,0.7964189,,47.5,0.22377735
7,healthy,486.647,35.245087,5.0,34.5,1.1434811
2,healthy,487.4485,12.253157,,20.5,4.0639143
3,healthy,487.4485,4.0405264,33.0,35.5,0.8872296
4,healthy,487.4485,47.749138,25.0,25.5,10.0921135
5,healthy,487.4485,18.81771,22.5,23.0,2.9430513
6,healthy,487.4485,1.5394892,19.0,34.0,0.20226778
7,healthy,487.4485,5.678981,7.5,19.0,1.1422346
1,healthy,488.249,2.0474007,5.0,47.5,0.62622523
2,healthy,488.249,18.343563,23.0,23.5,3.4405177
3,healthy,488.249,4.415744,48.5,49.5,1.0656766
4,healthy,488.249,42.560726,17.5,44.5,7.6478095
5,healthy,488.249,17.712019,16.5,17.5,1.8964279
6,healthy,488.249,1.0721844,,34.0,0.2512196
2,healthy,489.0535,21.636385,16.0,17.5,3.6815012
3,healthy,489.0535,2.389676,11.0,17.5,0.5794699
5,healthy,489.0535,9.710684,,38.5,2.8327706
6,healthy,489.0535,1.3997775,,19.5,0.2951626
1,healthy,489.8665,3.4036598,21.5,49.0,0.40828177
2,healthy,489.8665,7.11795,,28.5,1.9059156
4,healthy,489.8665,48.966236,43.5,44.0,7.4811597
5,healthy,489.8665,10.845958,,25.0,2.9547648
6,healthy,489.8665,1.0420314,,45.0,0.2566783
7,healthy,489.8665,5.635919,30.5,34.5,0.9069511
1,healthy,490.669,3.511842,32.5,36.5,0.8864737
2,healthy,490.669,12.230348,,29.5,3.412532
3,healthy,490.669,5.299369,7.5,20.0,0.7977834
4,healthy,490.669,50.531548,,48.5,13.051031
5,healthy,490.669,13.841404,34.0,17.5,2.6541429
6,healthy,490.669,0.98295605,,16.0,0.2408499
7,healthy,490.669,3.0552888,7.0,50.0,0.58070964
1,healthy,491.4855,2.7744894,,15.0,0.87871623
2,healthy,491.4855,14.345514,,22.5,4.6306996
3,healthy,491.4855,4.1543283,,43.0,1.0740565
4,healthy,491.4855,37.979584,43.0,44.0,5.053602
5,healthy,491.4855,9.247844,7.5,26.5,1.8285269
6,healthy,491.4855,1.1640644,,32.0,0.2729148
7,healthy,491.4855,4.0771537,5.0,28.0,0.7222823
1,healthy,492.29,1.9089897,14.0,23.5,0.39860773
2,healthy,492.29,6.6391816,5.0,39.5,2.056981
3,healthy,492.29,2.7653067,14.5,16.0,0.70855623
5,healthy,492.29,13.4789505,5.0,22.0,2.9616797
6,healthy,492.29,1.2423654,,32.0,0.26373732
2,healthy,493.0905,17.192822,7.0,23.0,2.0533135
4,healthy,493.0905,47.728508,36.0,39.0,9.119776
5,healthy,493.0905,15.606485,37.0,37.0,3.0513756
6,healthy,493.0905,1.6433184,38.0,38.5,0.262353
7,healthy,493.0905,4.8705993,5.0,42.0,0.75597537
1,healthy,493.8925,4.936362,7.5,15.0,1.0127784
2,healthy,493.8925,12.677131,5.0,27.5,1.7968287
3,healthy,493.8925,3.4318194,15.5,46.5,0.6621402
4,healthy,493.8925,50.886894,6.5,24.0,9.881756
5,healthy,493.8925,15.048059,29.0,29.5,2.9353359
6,healthy,493.8925,1.3589443,25.0,25.5,0.21093443
1,healthy,494.693,5.753167,5.0,44.0,0.9371751
3,healthy,494.693,4.6578746,37.0,47.0,0.9398687
4,healthy,494.693,51.584095,49.0,50.0,7.1041427
5,healthy,494.693,15.080017,36.5,37.0,3.0021603
6,healthy,494.693,1.4249599,5.0,16.0,0.17946571
7,healthy,494.693,5.859257,44.0,48.0,1.2525672
4,healthy,495.4945,55.741913,31.0,32.5,8.9398575
5,healthy,495.4945,15.032055,49.5,50.0,2.610695
6,healthy,495.4945,0.97269523,,40.0,0.31361708
1,healthy,496.295,2.4014134,22.0,23.5,0.72239786
2,healthy,496.295,24.668644,6.0,15.0,3.2828991
3,healthy,496.295,10.256176,23.0,23.0,2.0116363
4,healthy,496.295,45.820694,25.0,26.0,7.2981033
5,healthy,496.295,15.938032,20.5,20.5,3.0384107
6,healthy,496.295,1.4320412,41.5,42.0,0.24483754
7,healthy,496.295,2.9564023,47.5,49.5,0.6672765
1,healthy,497.097,2.4287221,23.5,24.5,0.7227521
2,healthy,497.097,54.057953,42.0,42.5,10.244182
4,healthy,497.097,37.706303,,17.0,10.2442
5,healthy,497.097,12.927721,,44.0,2.803193
6,healthy,497.097,0.89241076,,20.0,0.25019148
1,healthy,497.9195,4.3053713,,21.5,1.2290525
4,healthy,497.9195,57.027306,40.5,41.0,9.12879
5,healthy,497.9195,14.185695,30.0,37.0,2.5698762
6,healthy,497.9195,1.0534208,48.5,49.0,0.1970404
7,healthy,497.9195,3.1629395,41.0,41.5,0.6569329
1,healthy,498.7225,2.8929763,35.5,36.5,0.52165765
2,healthy,498.7225,21.688538,5.5,23.0,2.5883064
3,healthy,498.7225,3.9310925,5.0,15.0,1.2322061
4,healthy,498.7225,30.111229,,34.5,9.470782
5,healthy,498.7225,11.48818,43.5,44.0,2.0039818
6,healthy,498.7225,1.1133342,,30.5,0.27752322
7,healthy,498.7225,2.7089384,5.0,39.5,0.48077473
1,healthy,499.526,3.1313865,25.0,26.5,0.6561834
2,healthy,499.526,65.38293,21.0,24.5,3.2411003
4,healthy,499.526,36.11888,5.5,33.5,7.7949476
5,healthy,499.526,14.379299,18.0,18.5,3.0616684
6,healthy,499.526,1.0147195,20.0,20.5,0.22130834
7,healthy,499.526,3.7524838,27.0,43.5,0.6063298
1,healthy,500.334,4.4444246,,30.0,1.1985939
2,healthy,500.334,9.232618,45.0,46.5,2.875764
4,healthy,500.334,31.228182,10.5,19.5,9.698263
5,healthy,500.334,9.895063,8.0,28.0,2.8418105
6,healthy,500.334,1.0804038,9.5,40.5,0.23962052
7,healthy,500.334,5.148773,29.5,34.0,1.2565708
2,healthy,501.1345,68.064896,36.5,41.0,2.4858115
3,healthy,501.1345,34.454422,5.0,20.0,0.6379134
4,healthy,501.1345,39.437622,,18.5,9.874592
5,healthy,501.1345,14.366236,26.0,30.5,2.1784203
6,healthy,501.1345,0.92441845,,49.5,0.30031255
7,healthy,501.1345,4.1313787,17.5,28.0,1.2285863
1,healthy,501.935,2.8553414,23.0,33.0,0.8236644
2,healthy,501.935,12.571553,,25.0,4.0359416
3,healthy,501.935,3.651133,12.0,18.5,1.0930845
4,healthy,501.935,34.598755,16.5,17.0,5.9908323
5,healthy,501.935,11.924252,36.5,37.5,1.9048175
6,healthy,501.935,1.2262366,,26.5,0.2894243
7,healthy,501.935,2.3744178,15.0,25.5,0.7733305
1,healthy,502.7375,6.969736,49.0,50.0,1.1231065
2,healthy,502.7375,7.8901668,,24.0,2.431163
3,healthy,502.7375,3.0975313,10.0,15.0,0.71267575
5,healthy,502.7375,15.994222,34.5,35.5,2.6206336
6,healthy,502.7375,1.0064065,,45.0,0.23075843
7,healthy,502.7375,3.7669804,5.0,46.5,1.0506496
1,healthy,503.5475,33.137413,,27.0,8.134348
2,healthy,503.5475,13.996636,14.0,36.5,2.3808503
3,healthy,503.5475,4.530319,13.0,15.0,0.66749096
4,healthy,503.5475,36.437843,,50.0,10.055266
5,healthy,503.5475,21.178806,39.0,42.0,2.6869342
6,healthy,503.5475,1.0067124,,33.5,0.24498677
1,healthy,504.3705,37.16325,46.0,46.5,7.511632
3,healthy,504.3705,6.5672107,12.0,23.5,0.5070374
4,healthy,504.3705,34.281624,,19.0,9.392794
5,healthy,504.3705,16.543861,10.5,17.5,2.3757079
6,healthy,504.3705,1.2829733,,23.5,0.29433537
7,healthy,504.3705,4.600148,5.0,49.0,0.48828924
1,healthy,505.176,49.663406,22.5,23.0,9.441001
3,healthy,505.176,4.2690907,10.5,19.5,1.1751795
4,healthy,505.176,46.57541,43.5,44.0,8.476208
5,healthy,505.176,11.868542,,37.5,3.181647
6,healthy,505.176,1.2293817,32.0,33.0,0.23634373
7,healthy,505.176,4.974221,,50.0,1.5972947
1,healthy,505.98,52.415665,32.5,33.0,9.871686
2,healthy,505.98,11.992086,,33.5,2.9733744
3,healthy,505.98,3.4058099,15.5,16.0,0.79034144
5,healthy,505.98,8.217935,,44.0,2.477808
6,healthy,505.98,0.91349655,,22.0,0.20588017
7,healthy,505.98,5.4221897,48.0,50.0,0.78028464
1,healthy,506.787,47.19288,27.0,39.5,7.406585
2,healthy,506.787,29.505178,10.0,42.5,4.0850816
3,healthy,506.787,89.134895,47.0,49.5,2.5051253
4,healthy,506.787,28.854427,,31.0,8.711077
5,healthy,506.787,13.315908,47.0,47.0,2.503565
6,healthy,506.787,1.2270395,37.0,38.0,0.21631709
7,healthy,506.787,4.984241,5.0,15.0,0.56466985
1,healthy,507.5985,27.029844,20.0,28.0,4.3067126
4,healthy,507.5985,21.337172,,30.0,5.92659
5,healthy,507.5985,9.208897,7.5,37.5,2.5080767
6,healthy,507.5985,0.9509243,34.5,35.0,0.20631535
1,healthy,508.402,60.83077,17.5,18.0,10.783949
4,healthy,508.402,56.473434,25.5,26.5,8.938619
5,healthy,508.402,11.372953,17.0,17.5,2.1699994
6,healthy,508.402,1.1760637,14.0,15.0,0.2458239
7,healthy,508.402,4.1894436,,17.0,1.1995996
1,healthy,509.203,33.595135,,41.5,10.7750435
2,healthy,509.203,9.420761,12.0,39.5,1.8844897
4,healthy,509.203,41.260384,15.0,15.5,9.70221
5,healthy,509.203,11.365046,,27.0,3.0687232
6,healthy,509.203,1.2764606,48.0,48.5,0.20373408
7,healthy,509.203,5.607111,9.5,49.0,0.45924446
1,healthy,510.005,28.888062,,26.0,6.819097
3,healthy,510.005,131.65459,11.5,15.5,15.198026
5,healthy,510.005,13.595421,15.5,26.5,2.3281102
6,healthy,510.005,1.3081515,35.5,35.5,0.27188414
1,healthy,510.807,75.08603,33.5,37.0,11.612581
4,healthy,510.807,34.873756,40.0,40.5,7.828331
5,healthy,510.807,7.2377067,8.0,15.0,2.22189
6,healthy,510.807,0.7044612,,26.0,0.22629504
7,healthy,510.807,4.4845023,7.0,20.5,0.55622405
1,healthy,511.6105,87.89322,41.5,42.0,16.714033
2,healthy,511.6105,17.614216,20.0,42.0,2.4261146
4,healthy,511.6105,38.68598,,34.0,9.458553
6,healthy,511.6105,1.2015767,46.0,46.0,0.24674718
1,healthy,512.4195,50.46422,,32.0,12.415671
2,healthy,512.4195,14.951641,,49.0,3.7638745
4,healthy,512.4195,37.96257,,24.5,10.880084
5,healthy,512.4195,10.278069,,16.5,3.1392546
6,healthy,512.4195,0.96852416,45.0,45.5,0.21732117
1,healthy,513.221,46.536594,,50.0,13.030267
2,healthy,513.221,17.380077,21.5,33.5,2.2260225
3,healthy,513.221,44.159214,7.0,28.5,6.235339
4,healthy,513.221,46.19417,33.5,34.5,6.7994533
5,healthy,513.221,9.923441,,19.5,2.7672458
6,healthy,513.221,1.1266637,,26.5,0.23970419
7,healthy,513.221,5.62463,16.0,21.0,1.3493334
1,healthy,514.022,55.867672,,18.0,12.839294
2,healthy,514.022,14.346171,28.0,29.0,3.3133178
3,healthy,514.022,68.858086,31.5,39.0,2.4765024
4,healthy,514.022,39.571663,31.0,32.0,6.906831
5,healthy,514.022,13.630144,29.5,30.5,2.3402116
6,healthy,514.022,1.0680664,50.0,50.0,0.2328106
2,healthy,514.824,17.392523,45.0,45.0,3.6789582
3,healthy,514.824,169.15921,44.5,46.5,4.621537
4,healthy,514.824,30.868862,,21.0,8.867433
5,healthy,514.824,14.275741,44.0,45.0,2.5557365
6,healthy,514.824,0.9692948,24.0,24.0,0.21211919
7,healthy,514.824,3.1556273,24.0,48.0,0.48750803
1,healthy,515.6375,52.46971,24.5,25.0,10.662954
3,healthy,515.6375,55.47471,6.5,27.5,10.94101
6,healthy,515.6375,0.9086007,,17.0,0.2404871
7,healthy,515.6375,2.8139763,39.0,43.0,0.7954154
1,healthy,516.4385,51.94325,,49.0,11.832483
2,healthy,516.4385,24.970814,24.5,25.5,4.637009
3,healthy,516.4385,130.51575,15.0,22.0,6.7540374
4,healthy,516.4385,39.3129,,16.0,10.126877
5,healthy,516.4385,11.850113,,23.0,3.0627692
6,healthy,516.4385,1.1454611,,45.0,0.36310196
7,healthy,516.4385,5.881236,5.0,26.5,0.6311968
1,healthy,517.252,67.2682,18.5,19.0,11.937631
2,healthy,517.252,20.911219,34.5,35.5,3.9478846
3,healthy,517.252,235.9036,21.0,24.5,28.258715
4,healthy,517.252,35.124863,,33.5,8.883276
5,healthy,517.252,16.648699,32.5,33.0,2.6548827
6,healthy,517.252,0.97748065,,18.5,0.28031126
7,healthy,517.252,3.3859448,21.5,22.0,0.8243684
1,healthy,518.054,30.379135,8.5,41.0,6.910184
2,healthy,518.054,26.279171,19.0,48.5,4.192723
3,healthy,518.054,174.95033,26.5,29.5,33.380333
4,healthy,518.054,27.890059,,39.0,7.3231688
5,healthy,518.054,10.34183,,24.5,2.899446
6,healthy,518.054,1.0305822,,40.5,0.25601226
1,healthy,518.866,55.752296,12.5,16.5,8.275304
2,healthy,518.866,18.714962,,17.0,4.232676
4,healthy,518.866,50.133236,6.5,36.0,7.49294
5,healthy,518.866,10.361612,7.0,36.5,1.7187656
6,healthy,518.866,0.9079032,,26.5,0.29506594
1,healthy,519.672,23.593822,49.0,49.0,6.2128334
2,healthy,519.672,10.7895,6.0,33.5,3.2643783
4,healthy,519.672,43.223694,6.5,46.0,7.0737467
6,healthy,519.672,1.1468215,11.0,18.5,0.22237861
1,healthy,520.479,28.18893,25.0,25.0,6.5276275
2,healthy,520.479,9.034619,18.0,18.0,2.0652711
4,healthy,520.479,27.466904,11.0,15.0,7.6856976
5,healthy,520.479,11.427586,10.0,31.5,2.2324574
6,healthy,520.479,0.89933443,5.0,26.0,0.22156209
7,healthy,520.479,4.0659018,5.0,31.5,0.58856237
2,healthy,521.282,18.977516,32.0,32.5,4.711076
4,healthy,521.282,52.525513,36.0,37.5,7.8472953
5,healthy,521.282,20.370125,39.0,40.5,2.6288652
6,healthy,521.282,1.1990592,16.0,16.5,0.26781595
1,healthy,522.103,30.913635,18.0,19.0,6.284575
2,healthy,522.103,29.52288,,50.0,7.3920693
3,healthy,522.103,172.26088,22.0,36.0,24.519068
4,healthy,522.103,49.18097,,44.5,10.285178
5,healthy,522.103,11.195538,13.0,16.0,2.2981908
6,healthy,522.103,1.0715342,,23.0,0.28604993
1,healthy,522.9435,81.03177,27.5,31.5,12.254665
2,healthy,522.9435,65.15623,39.5,40.0,11.863352
3,healthy,522.9435,101.94878,50.0,50.0,30.200127
5,healthy,522.9435,13.528488,5.0,50.0,1.7071704
6,healthy,522.9435,1.368123,19.0,19.5,0.29283893
1,healthy,523.7635,24.76483,33.0,41.0,2.2446976
3,healthy,523.7635,17.447105,5.5,48.5,5.497273
4,healthy,523.7635,31.260931,,47.0,8.865126
5,healthy,523.7635,10.195904,50.0,50.0,1.7506495
6,healthy,523.7635,1.3774011,18.5,19.0,0.23696621
1,healthy,524.5755,28.974337,43.0,46.5,4.460657
2,healthy,524.5755,6.0940433,,25.5,1.3171704
3,healthy,524.5755,14.232247,7.5,26.0,3.367714
5,healthy,524.5755,7.338792,,15.0,2.2511532
6,healthy,524.5755,1.2128093,,19.5,0.28268254
1,healthy,525.377,27.303665,44.0,44.5,6.102337
2,healthy,525.377,7.4872146,16.5,24.5,1.6423461
3,healthy,525.377,6.842883,23.5,43.5,1.627885
4,healthy,525.377,44.903553,35.5,36.0,7.9599934
5,healthy,525.377,14.588743,,31.0,3.4470246
6,healthy,525.377,0.9313579,46.5,46.5,0.20756549
7,healthy,525.377,3.0559936,11.0,45.0,0.92240787
6,healthy,526.178,0.94380486,5.5,20.5,0.24026167
1,healthy,526.9805,29.499077,,36.5,6.144167
2,healthy,526.9805,9.670397,,43.0,2.5640593
3,healthy,526.9805,5.608102,19.5,29.5,0.9686826
4,healthy,526.9805,34.6838,19.5,20.0,8.20621
5,healthy,526.9805,13.212052,44.5,45.0,2.290891
6,healthy,526.9805,1.3166655,36.5,37.0,0.23638201
7,healthy,526.9805,2.7533634,12.0,22.5,0.4940486
1,healthy,527.788,30.056252,9.5,41.0,6.0343976
2,healthy,527.788,11.635845,10.0,19.0,2.9734783
3,healthy,527.788,6.843233,35.5,45.5,1.608887
5,healthy,527.788,11.708845,5.0,48.0,2.0627258
6,healthy,527.788,0.9077469,,29.5,0.22367616
7,healthy,527.788,6.2412,10.0,31.5,0.7622364
1,healthy,528.5905,28.904715,,20.5,6.1676025
2,healthy,528.5905,16.08925,27.0,27.5,3.4903646
4,healthy,528.5905,48.13581,27.0,27.5,8.55244
5,healthy,528.5905,6.4064064,5.5,27.0,1.9799304
6,healthy,528.5905,0.8297449,,24.0,0.2537908
7,healthy,528.5905,4.7962146,11.5,17.5,0.6620045
2,healthy,529.3975,5.8160496,8.0,32.5,1.8898767
3,healthy,529.3975,3.9737413,5.0,34.5,1.1370901
5,healthy,529.3975,10.246121,5.0,38.5,3.1333182
6,healthy,529.3975,0.89394844,,48.5,0.23152852
7,healthy,529.3975,4.074092,25.5,43.0,1.312225
2,healthy,530.1985,10.147785,17.5,18.0,1.9425411
3,healthy,530.1985,7.80385,5.0,17.5,1.1499037
4,healthy,530.1985,38.05821,,29.5,9.351452
5,healthy,530.1985,16.35385,18.0,18.5,3.0983882
6,healthy,530.1985,0.94620985,,34.5,0.22479892
7,healthy,530.1985,5.1584835,7.0,16.0,0.5168188
2,healthy,530.9995,8.783923,7.0,50.0,1.2985432
5,healthy,530.9995,12.54979,40.0,40.5,2.9292474
6,healthy,530.9995,1.1958022,44.5,44.5,0.26699466
7,healthy,530.9995,7.5138264,5.0,42.5,1.0917373
1,healthy,531.837,21.218864,7.5,47.0,4.1877513
4,healthy,531.837,29.14816,,30.0,6.8706346
5,healthy,531.837,8.677159,,20.5,2.4048243
6,healthy,531.837,0.8529356,8.5,47.0,0.20392492
1,healthy,532.656,23.045889,37.0,40.5,3.2045636
2,healthy,532.656,8.283105,15.5,23.5,1.2819088
4,healthy,532.656,27.086355,,19.0,8.86798
6,healthy,532.656,1.664552,15.5,50.0,0.27146348
1,healthy,533.4575,4.794524,37.5,44.0,0.904283
2,healthy,533.4575,5.350415,18.0,43.5,1.6409967
3,healthy,533.4575,5.5866046,47.0,47.5,1.3692478
4,healthy,533.4575,24.289196,,19.0,8.021396
5,healthy,533.4575,9.790579,31.5,43.0,1.89702
6,healthy,533.4575,1.1888107,,36.0,0.31128737
1,healthy,534.263,5.4126663,19.0,19.5,1.286228
2,healthy,534.263,6.4475346,40.0,40.0,1.286416
5,healthy,534.263,8.642746,17.5,19.0,1.6342026
6,healthy,534.263,1.1694634,13.5,15.0,0.21310864
1,healthy,535.066,5.123025,,46.5,1.3819892
2,healthy,535.066,10.231023,48.5,49.5,2.1423273
5,healthy,535.066,10.190643,,16.0,3.2938118
6,healthy,535.066,0.7739358,10.0,44.0,0.24188825
1,healthy,535.8905,5.3032866,15.5,16.0,1.5151131
2,healthy,535.8905,10.308557,5.0,36.5,1.6748815
3,healthy,535.8905,9.140983,9.5,18.5,2.4842067
4,healthy,535.8905,30.747421,,33.5,9.147133
5,healthy,535.8905,7.1325006,,42.5,1.8785845
6,healthy,535.8905,1.4473318,22.0,22.5,0.25813606
7,healthy,535.8905,3.4492784,,50.0,0.91767216
1,healthy,536.7035,5.9984283,34.5,36.0,1.4655579
2,healthy,536.7035,13.051352,18.0,34.5,1.6499271
4,healthy,536.7035,65.68529,6.0,25.0,6.1026416
5,healthy,536.7035,10.955619,21.0,21.5,2.3812704
6,healthy,536.7035,1.2171539,,44.5,0.30876505
7,healthy,536.7035,4.463322,20.0,32.5,1.2126986
1,healthy,537.5055,4.775276,15.5,16.5,1.180832
2,healthy,537.5055,7.8427076,48.0,48.0,1.6997143
4,healthy,537.5055,36.112923,,43.5,9.362282
5,healthy,537.5055,10.147406,,32.0,2.361755
6,healthy,537.5055,1.3259922,29.0,29.5,0.18504637
7,healthy,537.5055,5.005889,11.0,16.0,1.1377939
1,healthy,538.3235,5.0274076,15.0,16.5,1.1343122
3,healthy,538.3235,78.16353,,27.5,20.826954
4,healthy,538.3235,54.349136,11.5,25.0,11.294236
5,healthy,538.3235,8.854539,,22.0,2.7604325
6,healthy,538.3235,0.98476636,,18.0,0.23277861
7,healthy,538.3235,5.21283,6.5,18.5,1.3757085
3,healthy,539.124,14.998339,44.5,46.0,1.8339634
4,healthy,539.124,44.687492,20.5,21.0,8.577452
5,healthy,539.124,13.284121,38.0,38.5,2.3465033
6,healthy,539.124,0.8800185,,29.0,0.26173046
1,healthy,539.9315,5.716546,22.5,45.5,1.1856725
2,healthy,539.9315,6.3433685,35.5,35.5,1.5617723
3,healthy,539.9315,45.794647,5.0,21.0,1.7154605
4,healthy,539.9315,42.7706,,41.5,9.396776
5,healthy,539.9315,15.658627,23.5,41.0,2.705341
6,healthy,539.9315,1.3817468,28.5,29.5,0.18688004
7,healthy,539.9315,3.224677,5.0,40.0,0.6210078
1,healthy,540.748,2.7232716,46.0,47.5,0.71422255
2,healthy,540.748,8.681455,27.0,47.5,1.5648062
4,healthy,540.748,34.368797,16.5,16.5,7.0721126
5,healthy,540.748,8.572596,,21.5,2.6064937
6,healthy,540.748,1.0628111,42.5,43.0,0.20977981
7,healthy,540.748,3.504123,5.0,15.0,0.5877626
1,healthy,541.5485,3.2086234,,17.5,0.9899463
2,healthy,541.5485,5.851947,7.5,50.0,1.0574626
3,healthy,541.5485,10.935938,29.5,44.0,3.4936278
4,healthy,541.5485,40.18087,10.5,48.0,6.1048594
5,healthy,541.5485,9.413681,,23.5,2.2948232
6,healthy,541.5485,1.241448,29.5,29.5,0.22693376
1,healthy,542.355,5.0130897,27.0,48.0,0.5832928
5,healthy,542.355,9.809682,,45.0,2.5216508
6,healthy,542.355,0.9493046,,19.5,0.3096873
7,healthy,542.355,6.803356,5.5,47.0,0.7051674
1,healthy,543.1755,2.0212226,5.0,25.5,0.64406824
2,healthy,543.1755,10.759121,6.5,15.0,2.5390427
3,healthy,543.1755,158.43799,7.5,28.5,5.431699
4,healthy,543.1755,35.614674,10.0,37.0,7.9795265
5,healthy,543.1755,13.575159,7.0,39.5,1.9568964
6,healthy,543.1755,1.6180013,18.0,18.5,0.25767687
1,healthy,543.9775,4.9244895,5.0,26.0,0.4407074
2,healthy,543.9775,18.544376,15.5,19.0,2.5868356
3,healthy,543.9775,12.676381,10.5,33.5,2.2441902
4,healthy,543.9775,45.010372,49.0,29.5,8.649512
5,healthy,543.9775,10.965931,49.0,49.5,2.3534427
6,healthy,543.9775,1.1572659,17.0,17.0,0.26097476
1,healthy,544.803,4.2141714,28.5,29.0,0.80496633
2,healthy,544.803,61.693565,42.0,42.5,11.209372
4,healthy,544.803,43.35118,,49.0,14.1580105
6,healthy,544.803,1.4735222,30.0,31.0,0.22818537
1,healthy,545.605,2.9837499,5.0,35.5,0.86069584
2,healthy,545.605,67.527435,14.5,17.0,10.376922
4,healthy,545.605,41.061543,,26.0,11.166292
5,healthy,545.605,12.248312,21.5,22.0,2.1330745
6,healthy,545.605,1.1783528,29.5,29.5,0.23449141
3,healthy,546.4065,113.16028,13.0,17.0,7.424008
5,healthy,546.4065,14.730447,,37.5,3.5318797
6,healthy,546.4065,0.8256841,,33.0,0.21702343
7,healthy,546.4065,3.0353217,,24.0,0.93861014
1,healthy,547.2075,5.081654,13.5,21.5,1.443854
2,healthy,547.2075,76.80039,15.5,16.0,12.181878
4,healthy,547.2075,46.390686,,17.0,9.94989
5,healthy,547.2075,10.417204,5.0,29.5,1.9179685
6,healthy,547.2075,1.0362436,,26.5,0.29006818
1,healthy,548.012,2.8336823,6.0,21.5,0.56352377
2,healthy,548.012,70.07493,39.0,41.0,12.317946
4,healthy,548.012,51.628357,18.0,36.5,8.481378
5,healthy,548.012,12.190519,22.5,22.5,2.5023623
6,healthy,548.012,1.0942571,18.5,19.0,0.25585052
7,healthy,548.012,5.1719966,9.0,17.5,0.6973484
6,healthy,548.8125,0.8088608,,34.0,0.25029647
2,healthy,549.628,9.450027,5.0,39.0,2.2457466
4,healthy,549.628,51.1153,31.0,28.0,8.4167185
5,healthy,549.628,7.536392,,47.5,2.250952
6,healthy,549.628,0.9467936,,36.0,0.25630215
1,healthy,550.4455,2.9739313,13.0,30.0,0.52208215
2,healthy,550.4455,18.544542,28.5,38.0,2.1059642
3,healthy,550.4455,34.140907,15.5,17.5,5.8701825
5,healthy,550.4455,8.720035,,36.0,2.3387907
6,healthy,550.4455,1.4220626,48.5,49.0,0.25240695
7,healthy,550.4455,5.7704344,11.5,38.5,0.7560668
2,healthy,551.26,103.46347,27.5,41.5,3.894049
5,healthy,551.26,8.769897,,41.0,2.7296438
6,healthy,551.26,1.0111802,,17.5,0.2843683
7,healthy,551.26,6.937023,42.0,43.0,1.7503777
1,healthy,552.0615,3.5704658,,29.5,1.011802
2,healthy,552.0615,111.66914,18.0,18.5,15.2536335
3,healthy,552.0615,184.18045,8.5,44.5,27.907326
4,healthy,552.0615,55.9011,30.0,30.5,8.965951
5,healthy,552.0615,9.619768,,32.0,2.5171409
6,healthy,552.0615,0.86036843,,37.0,0.18011051
2,healthy,552.8645,68.07578,,49.5,20.490255
3,healthy,552.8645,171.48846,,29.5,48.490597
5,healthy,552.8645,14.902997,30.5,30.5,3.0072424
6,healthy,552.8645,1.102124,,37.5,0.2986436
1,healthy,553.671,5.7345886,6.0,35.5,0.9759428
3,healthy,553.671,269.97345,34.5,35.0,41.93446
4,healthy,553.671,46.230103,,33.0,11.402242
5,healthy,553.671,10.907612,33.0,33.0,2.3153358
6,healthy,553.671,0.959511,,43.5,0.25425866
7,healthy,553.671,5.1526165,22.0,49.0,0.76555246
1,healthy,554.4735,5.2836647,5.0,29.0,1.4797045
3,healthy,554.4735,149.40819,12.0,15.0,30.531252
6,healthy,554.4735,1.2504914,49.0,49.5,0.20611054
1,healthy,555.2905,8.51754,15.5,28.5,0.7962194
3,healthy,555.2905,124.01735,,29.0,29.643188
4,healthy,555.2905,50.35546,,29.5,11.595244
5,healthy,555.2905,10.467137,5.0,29.5,2.3611069
6,healthy,555.2905,0.7722666,,23.0,0.24693413
7,healthy,555.2905,5.773406,30.5,31.5,1.2840697
6,healthy,556.101,1.1934979,24.0,43.0,0.16517663
7,healthy,556.101,8.49952,5.0,18.0,1.5904361
1,healthy,556.9085,8.231401,14.5,33.5,1.1068472
2,healthy,556.9085,6.852078,5.0,48.0,1.1558329
3,healthy,556.9085,28.149654,,21.0,7.902932
4,healthy,556.9085,46.837494,15.5,16.0,9.665428
6,healthy,556.9085,1.0425069,,33.5,0.25024387
3,healthy,557.709,22.460258,6.5,35.5,2.610088
5,healthy,557.709,8.309989,,47.0,2.757858
6,healthy,557.709,1.2772508,45.0,45.5,0.26751328
7,healthy,557.709,3.4232926,5.0,50.0,1.0228668
1,healthy,558.5105,8.229528,5.0,17.0,1.1736802
2,healthy,558.5105,103.74135,22.0,24.5,17.408215
3,healthy,558.5105,223.70624,19.0,36.0,22.747852
4,healthy,558.5105,42.252228,,19.0,11.683388
6,healthy,558.5105,1.017317,,50.0,0.31982663
1,healthy,559.312,4.026339,33.5,43.5,1.2261319
3,healthy,559.312,199.781,20.5,24.0,20.433449
5,healthy,559.312,7.667843,,41.5,2.3454933
6,healthy,559.312,1.1750226,30.0,30.5,0.19907081
7,healthy,559.312,4.1039705,5.0,15.0,1.2076229
1,healthy,560.114,28.886887,25.0,25.5,5.007072
2,healthy,560.114,102.03319,15.5,15.5,17.899235
4,healthy,560.114,33.81467,25.0,25.0,7.10439
5,healthy,560.114,13.648695,14.0,39.0,2.3165588
6,healthy,560.114,1.0793538,,38.0,0.27560812
1,healthy,560.9175,45.198692,30.0,31.5,5.1803455
2,healthy,560.9175,86.32412,17.0,17.0,16.52291
3,healthy,560.9175,163.43324,21.0,50.0,12.05003
5,healthy,560.9175,12.28178,39.0,39.5,2.1361144
6,healthy,560.9175,1.1789608,11.0,23.5,0.23193246
7,healthy,560.9175,8.424476,5.0,15.5,1.429052
1,healthy,561.7195,17.702396,28.0,29.0,2.4408524
2,healthy,561.7195,52.20932,5.0,26.5,2.8355017
3,healthy,561.7195,17.706837,5.0,48.5,1.9417872
4,healthy,561.7195,32.07017,26.5,35.0,4.955501
5,healthy,561.7195,6.7832184,,24.5,2.1267385
6,healthy,561.7195,0.95522475,19.0,19.0,0.19839174
1,healthy,562.523,4.0468,9.5,15.0,0.7563548
6,healthy,562.523,0.90633416,,31.5,0.24932346
7,healthy,562.523,3.061035,5.0,38.5,0.5426807
1,healthy,563.327,26.868607,,15.0,6.290568
2,healthy,563.327,119.69355,41.5,41.5,23.295544
3,healthy,563.327,177.22609,5.5,47.0,17.432924
4,healthy,563.327,48.188217,14.5,15.0,7.288206
5,healthy,563.327,14.460177,48.0,48.5,2.6799064
6,healthy,563.327,1.179102,16.0,16.5,0.20839742
1,healthy,564.1315,25.70035,,21.5,6.34605
2,healthy,564.1315,174.01439,15.5,19.0,19.394587
3,healthy,564.1315,222.22401,16.5,17.5,32.932346
4,healthy,564.1315,61.51661,47.0,47.0,14.441878
5,healthy,564.1315,13.085161,20.5,20.5,2.9395697
6,healthy,564.1315,0.7247944,,46.0,0.23535942
1,healthy,564.941,24.66644,43.5,44.0,5.663566
2,healthy,564.941,151.52158,21.0,21.5,20.458292
3,healthy,564.941,155.33775,35.5,35.5,34.133076
4,healthy,564.941,56.283806,37.0,37.0,11.232511
5,healthy,564.941,9.753643,,49.0,2.6948514
6,healthy,564.941,1.1210401,16.0,23.5,0.21574084
1,healthy,565.7415,26.746508,,21.0,6.188694
2,healthy,565.7415,77.24944,11.5,15.0,17.983807
5,healthy,565.7415,10.628493,,42.5,3.1997724
6,healthy,565.7415,1.1576054,20.5,21.0,0.25503415
7,healthy,565.7415,5.1127114,5.0,15.0,1.1190654
1,healthy,566.544,28.215254,,50.0,7.74147
2,healthy,566.544,522.53284,5.0,15.0,24.332413
3,healthy,566.544,214.41158,11.0,41.0,19.200573
4,healthy,566.544,37.787666,30.0,30.5,6.39707
5,healthy,566.544,8.926474,,37.5,2.6300695
6,healthy,566.544,1.1040046,,32.5,0.26899612
7,healthy,566.544,3.8181868,10.0,16.5,1.2396588
1,healthy,567.3565,30.107735,33.5,33.5,7.1215434
2,healthy,567.3565,99.4077,11.5,28.5,23.617004
5,healthy,567.3565,17.886364,18.0,21.5,2.6582036
6,healthy,567.3565,0.85831463,,39.5,0.23727639
7,healthy,567.3565,4.5204153,43.0,44.5,1.3349242
1,healthy,568.168,28.59694,29.0,29.0,5.863863
2,healthy,568.168,90.44505,40.5,40.5,15.175555
4,healthy,568.168,56.317017,29.0,29.5,9.138359
5,healthy,568.168,11.634569,,29.5,2.537418
6,healthy,568.168,0.9618683,19.0,19.5,0.2337227
7,healthy,568.168,2.6427999,12.5,43.5,0.757669
1,healthy,568.977,22.219007,11.0,47.5,5.252146
2,healthy,568.977,42.85319,,29.5,14.275899
3,healthy,568.977,6.3186264,,50.0,1.9711398
4,healthy,568.977,50.724846,,28.5,11.931175
5,healthy,568.977,9.241888,,30.0,2.0821555
6,healthy,568.977,1.0690982,7.0,16.0,0.21951911
1,healthy,569.781,21.289827,,49.5,6.03496
3,healthy,569.781,5.0684137,5.0,21.0,0.87123054
4,healthy,569.781,32.746788,,37.5,7.9050694
5,healthy,569.781,8.066439,,24.0,1.9543408
6,healthy,569.781,0.97456014,43.0,43.5,0.21540661
1,healthy,570.588,26.738146,30.0,31.0,4.8808317
2,healthy,570.588,84.0631,33.5,34.0,16.875662
5,healthy,570.588,11.384319,,22.0,3.0986154
6,healthy,570.588,0.70535517,7.0,23.0,0.22092322
7,healthy,570.588,2.3200843,5.0,44.5,0.49339238
1,healthy,571.3925,28.817394,43.0,44.0,6.208377
2,healthy,571.3925,42.921993,7.5,15.0,12.500928
3,healthy,571.3925,13.361798,12.0,15.0,2.23674
4,healthy,571.3925,44.06512,,34.5,12.27218
5,healthy,571.3925,11.13607,28.5,33.5,1.7123963
6,healthy,571.3925,1.2608001,6.0,28.5,0.20710814
7,healthy,571.3925,4.134989,17.5,41.5,1.0392805
1,healthy,572.1965,19.404236,27.0,27.0,4.740545
2,healthy,572.1965,75.737434,15.5,15.5,18.516321
3,healthy,572.1965,20.090958,10.0,18.0,3.8882787
5,healthy,572.1965,6.6348214,,44.5,2.1508834
6,healthy,572.1965,0.9583242,,25.0,0.27170894
7,healthy,572.1965,3.5199294,5.0,27.0,0.93578845
1,healthy,572.998,22.4631,8.0,16.5,5.352593
2,healthy,572.998,90.47652,,22.5,22.807547
3,healthy,572.998,11.774946,29.0,36.0,3.4202864
4,healthy,572.998,43.444054,22.0,22.5,7.0955906
5,healthy,572.998,9.01126,,16.5,2.5292475
6,healthy,572.998,1.169267,24.0,48.0,0.21256503
1,healthy,573.8115,36.03559,44.0,45.0,5.655487
2,healthy,573.8115,144.26389,43.0,43.0,24.55728
5,healthy,573.8115,9.263011,,43.0,2.3720787
6,healthy,573.8115,1.1567004,40.0,40.0,0.26309296
7,healthy,573.8115,4.940169,17.0,17.5,1.0079166
1,healthy,574.6485,26.382156,5.0,25.5,4.9896436
2,healthy,574.6485,106.92333,50.0,50.0,20.86476
4,healthy,574.6485,37.94925,7.0,22.0,7.5845647
5,healthy,574.6485,8.680758,7.0,17.5,1.1581511
6,healthy,574.6485,0.95279646,48.0,48.0,0.19749296
7,healthy,574.6485,7.9256625,10.5,46.0,1.3457183
1,healthy,575.4505,23.31601,5.0,41.0,6.10496
3,healthy,575.4505,9.980045,6.0,42.0,3.3123672
4,healthy,575.4505,60.145775,36.0,36.5,8.260959
5,healthy,575.4505,8.990828,10.0,15.0,2.2296531
6,healthy,575.4505,1.054851,49.5,50.0,0.22081518
7,healthy,575.4505,3.4442468,43.5,50.0,1.0161258
1,healthy,576.254,31.610008,20.5,21.0,6.22767
3,healthy,576.254,17.525036,39.5,40.5,3.8628464
5,healthy,576.254,12.355249,21.0,21.5,2.2719145
6,healthy,576.254,0.851739,10.5,30.5,0.2648809
7,healthy,576.254,4.8173656,39.0,40.0,0.994145
3,healthy,577.061,99.59982,9.0,15.0,4.6260567
4,healthy,577.061,35.448124,,30.0,10.092869
5,healthy,577.061,7.617809,13.0,38.5,1.8678946
6,healthy,577.061,1.2543428,47.0,47.5,0.24755195
1,healthy,577.896,22.286755,5.0,30.0,4.7769327
2,healthy,577.896,75.7233,5.0,17.0,14.830011
4,healthy,577.896,26.603691,36.0,36.0,5.8248487
5,healthy,577.896,8.17387,,27.0,1.8801746
6,healthy,577.896,1.2098392,37.0,37.5,0.24651149
1,healthy,578.698,25.381248,48.0,48.5,4.5827737
2,healthy,578.698,71.21455,5.0,48.0,14.282399
4,healthy,578.698,27.07026,,17.0,8.997987
5,healthy,578.698,6.1236997,,24.0,1.4935573
6,healthy,578.698,0.9512131,6.0,26.5,0.21399549
7,healthy,578.698,4.186034,5.0,31.5,0.46840814
1,healthy,579.5215,23.595848,,28.0,5.683074
2,healthy,579.5215,84.91569,,50.0,21.684155
3,healthy,579.5215,7.4755735,43.0,49.0,2.394223
4,healthy,579.5215,28.622875,11.0,47.0,6.8797174
5,healthy,579.5215,6.7763205,15.0,15.5,1.1127461
6,healthy,579.5215,1.5292778,36.5,37.0,0.2642189
7,healthy,579.5215,2.4483755,7.5,31.5,0.46703228
1,healthy,580.347,34.532425,,22.5,8.569517
2,healthy,580.347,85.46666,5.5,46.5,7.2103524
3,healthy,580.347,12.564021,,26.0,2.966183
4,healthy,580.347,34.479084,31.0,31.0,7.83539
5,healthy,580.347,6.5851927,32.5,33.0,1.6498895
6,healthy,580.347,1.2624239,36.0,36.0,0.26612994
7,healthy,580.347,7.33075,5.0,48.0,1.1891348
1,healthy,581.159,45.3649,42.5,46.0,5.502426
3,healthy,581.159,4.6623893,5.0,50.0,1.5163469
4,healthy,581.159,56.989155,36.5,37.5,8.636123
5,healthy,581.159,6.2006574,,19.5,1.4833453
7,healthy,581.159,5.083348,5.0,26.0,0.5258962
1,healthy,581.9635,23.792519,,37.5,5.957724
2,healthy,581.9635,20.182648,5.5,27.0,4.4735074
3,healthy,581.9635,15.654499,7.5,47.0,1.5440379
5,healthy,581.9635,7.3322496,,43.0,1.7809886
6,healthy,581.9635,1.105979,30.0,30.0,0.23362565
7,healthy,581.9635,4.748275,,30.5,1.4996557
1,healthy,582.794,25.67678,,39.0,5.6837435
2,healthy,582.794,93.78803,35.5,39.0,10.511239
4,healthy,582.794,54.599854,17.5,38.0,8.168505
5,healthy,582.794,10.307183,24.5,25.5,1.2862536
6,healthy,582.794,1.1075344,,20.0,0.30252397
7,healthy,582.794,3.0534115,5.0,15.0,0.6617119
1,healthy,583.7025,21.061855,,20.5,5.5074077
2,healthy,583.7025,37.829384,49.0,50.0,4.751815
3,healthy,583.7025,13.195542,5.0,20.0,2.1682494
4,healthy,583.7025,36.813698,25.5,26.5,6.1022725
5,healthy,583.7025,6.9547234,5.0,48.0,0.93979764
6,healthy,583.7025,1.0522695,37.5,37.5,0.22909027
7,healthy,583.7025,6.8752484,5.0,15.0,0.87571627
3,healthy,584.55,7.969941,,24.0,2.4190605
4,healthy,584.55,40.93478,,30.5,9.995586
5,healthy,584.55,7.0406547,24.0,24.0,1.4436891
6,healthy,584.55,0.9559088,,27.5,0.27390084
7,healthy,584.55,3.9240355,32.5,44.0,0.752137
1,healthy,585.3695,29.203568,5.0,38.0,3.6061394
2,healthy,585.3695,67.75546,34.0,34.5,10.019395
4,healthy,585.3695,64.93952,7.5,33.5,9.20282
5,healthy,585.3695,8.001308,,27.0,2.110078
6,healthy,585.3695,1.0434633,,19.5,0.24083954
7,healthy,585.3695,6.729208,24.0,41.5,0.9266566
2,healthy,586.179,90.43167,26.0,38.0,3.5798447
3,healthy,586.179,40.496338,28.5,30.0,6.53826
4,healthy,586.179,30.790115,,46.0,9.256356
6,healthy,586.179,1.1411839,5.0,41.0,0.28230193
7,healthy,586.179,2.9996746,5.0,44.0,0.60138303
2,healthy,586.992,85.03354,38.0,41.0,11.959393
3,healthy,586.992,34.74283,7.0,15.0,8.447778
4,healthy,586.992,64.424835,14.0,29.0,7.856464
5,healthy,586.992,5.400202,,50.0,1.5555295
6,healthy,586.992,1.0959926,17.5,18.0,0.20817116
7,healthy,586.992,2.2803102,5.0,32.5,0.65232784
2,healthy,587.795,60.96245,5.5,49.0,4.764997
3,healthy,587.795,39.659855,5.0,24.5,6.9168725
4,healthy,587.795,24.56748,,41.5,8.0801735
5,healthy,587.795,6.969472,,19.0,2.0177402
6,healthy,587.795,1.1102607,,38.0,0.29205257
2,healthy,588.615,62.300003,48.0,48.0,14.213352
3,healthy,588.615,45.38585,12.5,20.0,5.5581694
4,healthy,588.615,72.67861,17.0,18.5,8.360139
5,healthy,588.615,7.6187263,,39.5,1.908027
6,healthy,588.615,0.7713975,,44.0,0.23798014
1,healthy,589.4425,53.15837,18.5,20.0,4.523751
2,healthy,589.4425,7.5925493,26.0,35.5,2.2371452
3,healthy,589.4425,11.645607,,39.5,3.588067
4,healthy,589.4425,38.261017,,45.0,10.735024
5,healthy,589.4425,8.209526,49.0,49.5,1.6387815
6,healthy,589.4425,1.1876414,,19.5,0.28348792
7,healthy,589.4425,4.054886,33.5,38.5,1.1230007
1,healthy,590.247,35.36,20.5,24.5,4.374687
4,healthy,590.247,43.160233,11.0,29.0,7.546182
5,healthy,590.247,6.7523003,9.5,24.5,1.6470029
6,healthy,590.247,1.216521,12.5,15.5,0.2458477
5,healthy,591.0475,9.7436495,26.5,27.0,2.0519552
6,healthy,591.0475,0.9030163,10.0,50.0,0.17660874
7,healthy,591.0475,3.6150198,24.5,50.0,0.53427684
1,healthy,591.854,24.425554,7.5,43.5,6.157287
2,healthy,591.854,14.442898,24.0,24.5,2.9935224
4,healthy,591.854,50.612473,30.0,30.5,9.408787
5,healthy,591.854,7.7626996,,22.5,1.6017562
6,healthy,591.854,1.0357485,13.0,35.0,0.23040862
7,healthy,591.854,5.4058657,43.5,47.0,1.1194721
1,healthy,592.662,29.583569,9.0,33.0,3.4987464
2,healthy,592.662,30.884525,7.5,46.0,3.945748
4,healthy,592.662,35.711815,15.0,15.0,6.9081764
5,healthy,592.662,9.636007,40.5,41.0,1.6281639
6,healthy,592.662,1.455843,16.0,16.5,0.19501255
7,healthy,592.662,5.9174056,,23.0,1.290809
1,healthy,593.466,33.75691,25.5,26.0,5.035692
3,healthy,593.466,8.010955,6.0,50.0,1.2973399
4,healthy,593.466,61.755463,23.5,25.0,10.898164
5,healthy,593.466,5.624001,,38.5,1.6857996
6,healthy,593.466,1.1000459,,45.5,0.27135843
7,healthy,593.466,5.2466707,47.5,47.5,1.090678
1,healthy,594.2775,29.079906,42.5,43.0,6.09155
3,healthy,594.2775,943.58594,36.0,46.5,53.24462
4,healthy,594.2775,32.52497,,28.5,9.004435
6,healthy,594.2775,1.1675632,15.5,15.5,0.24563934
1,healthy,595.111,30.453402,,44.0,7.9697165
2,healthy,595.111,26.335482,15.5,23.5,8.142583
4,healthy,595.111,43.745995,14.5,24.0,8.436671
5,healthy,595.111,9.766336,15.0,25.5,1.4856453
7,healthy,595.111,5.9572763,5.0,15.0,1.3482788
1,healthy,595.9415,35.359055,18.0,18.5,6.524801
2,healthy,595.9415,12.390153,35.0,46.0,2.1194947
3,healthy,595.9415,24.750305,41.0,48.5,5.6770635
4,healthy,595.9415,36.065525,6.0,39.5,7.046028
5,healthy,595.9415,8.135036,37.0,37.0,1.5473211
6,healthy,595.9415,1.1248162,,22.0,0.24003026
1,healthy,596.751,28.184574,22.0,22.5,4.4510865
2,healthy,596.751,13.119253,,47.0,4.0171976
5,healthy,596.751,6.3283777,5.0,34.0,1.2699848
6,healthy,596.751,0.84061253,,25.5,0.23465429
1,healthy,597.558,21.447554,35.5,35.5,4.9020486
3,healthy,597.558,12.637798,22.5,26.0,1.200244
5,healthy,597.558,5.8399506,,26.5,1.4432468
6,healthy,597.558,1.2401553,45.5,50.0,0.27978235
1,healthy,598.395,30.88682,,31.5,8.060449
5,healthy,598.395,7.804991,6.0,25.5,1.3298464
6,healthy,598.395,0.9045588,,26.5,0.23576796
1,healthy,599.197,26.3047,,42.0,7.9978023
2,healthy,599.197,40.813255,30.5,31.5,6.7392435
3,healthy,599.197,22.481747,34.5,37.5,4.6971307
4,healthy,599.197,36.162586,37.5,38.0,6.5710816
5,healthy,599.197,6.5964956,,17.0,1.5613201
7,healthy,599.197,3.7621734,5.0,16.5,0.97456884
1,healthy,600.023,23.429691,31.5,32.0,5.3758364
4,healthy,600.023,36.340034,,33.0,9.175851
6,healthy,600.023,1.0352411,15.5,16.0,0.17249888
1,healthy,600.824,23.145351,5.5,16.5,1.2896726
2,healthy,600.824,15.655311,40.5,16.5,2.6263688
4,healthy,600.824,39.31726,15.0,15.5,6.3133354
5,healthy,600.824,7.587141,22.0,22.5,1.7034993
6,healthy,600.824,1.1338425,19.5,20.0,0.18737608
7,healthy,600.824,6.407114,28.0,38.0,1.1339775
1,healthy,601.6405,4.212703,14.5,22.0,0.7410693
2,healthy,601.6405,11.690117,40.5,41.5,2.4702044
3,healthy,601.6405,25.729546,5.0,23.0,3.0088735
4,healthy,601.6405,54.51605,48.0,48.5,8.93915
5,healthy,601.6405,9.814907,29.5,30.0,1.9491861
6,healthy,601.6405,1.0565387,31.0,31.5,0.17131156
1,healthy,602.457,4.247897,23.5,25.5,0.5393699
3,healthy,602.457,71.03397,6.0,28.5,23.040361
4,healthy,602.457,51.23124,13.5,15.0,11.997441
5,healthy,602.457,5.3919024,,33.0,1.6039826
6,healthy,602.457,0.94430137,6.0,30.0,0.22121839
7,healthy,602.457,2.255734,5.0,30.0,0.48638526
1,healthy,603.2575,4.4397554,14.5,22.0,0.6266339
2,healthy,603.2575,14.187015,19.0,19.0,3.322529
5,healthy,603.2575,6.304911,8.5,34.5,1.282052
6,healthy,603.2575,1.5940106,15.5,32.0,0.23329464
7,healthy,603.2575,2.823711,6.0,27.0,0.5722441
1,healthy,604.0645,3.4419348,45.5,49.0,1.015473
2,healthy,604.0645,13.751594,26.5,40.5,1.8957692
4,healthy,604.0645,38.12101,38.0,42.5,6.181551
5,healthy,604.0645,8.030541,18.0,18.0,1.4399394
6,healthy,604.0645,1.0326705,,50.0,0.25456893
7,healthy,604.0645,2.8931901,5.0,31.5,0.45744506
1,healthy,604.9415,7.4869995,45.0,48.5,1.8633878
2,healthy,604.9415,37.073685,5.0,39.0,6.754772
5,healthy,604.9415,7.5625496,6.5,35.5,1.268097
6,healthy,604.9415,1.0803146,,20.5,0.2739676
1,healthy,605.756,4.1802635,,29.5,0.9792661
2,healthy,605.756,14.265364,,44.0,3.7903488
4,healthy,605.756,38.38827,7.5,21.0,5.1271734
5,healthy,605.756,4.1538043,8.5,18.5,0.67879283
6,healthy,605.756,1.2481539,,17.0,0.3072159
7,healthy,605.756,6.518793,5.0,15.0,1.517951
1,healthy,606.5955,4.0212884,39.0,39.5,0.7570084
2,healthy,606.5955,88.888664,30.5,32.0,5.175933
3,healthy,606.5955,10.288836,29.0,47.5,1.9949716
4,healthy,606.5955,25.004309,,39.0,5.4019074
5,healthy,606.5955,3.961042,5.0,22.0,1.3026948
6,healthy,606.5955,0.9538207,,37.0,0.2526647
7,healthy,606.5955,4.755065,21.5,22.0,1.2536396
1,healthy,607.419,4.141672,17.5,44.0,0.47266245
2,healthy,607.419,89.8604,37.0,41.0,2.9234433
3,healthy,607.419,20.017155,19.0,20.0,4.1857147
5,healthy,607.419,6.043475,44.5,45.0,1.2245404
6,healthy,607.419,1.0373628,,20.5,0.25748473
1,healthy,608.239,2.5462465,16.5,22.5,0.7520166
2,healthy,608.239,83.98539,27.5,32.0,2.7264721
3,healthy,608.239,8.109035,,17.0,2.5421834
4,healthy,608.239,36.689404,,39.0,9.871629
5,healthy,608.239,5.7169733,5.0,16.0,1.110204
6,healthy,608.239,1.2955317,10.5,35.5,0.19973962
7,healthy,608.239,3.817133,5.0,42.0,0.9221713
4,healthy,609.076,30.135393,,24.5,8.086639
5,healthy,609.076,5.9784975,8.5,31.5,0.68687844
6,healthy,609.076,0.7795508,,37.0,0.2404676
1,healthy,609.887,3.3923388,5.0,48.0,0.62505084
2,healthy,609.887,14.031361,26.0,27.0,2.6742184
3,healthy,609.887,28.501389,10.5,50.0,2.8139882
4,healthy,609.887,37.70057,19.0,29.5,5.1875896
5,healthy,609.887,3.4018571,5.0,34.0,1.0462234
6,healthy,609.887,1.0058694,,15.5,0.24466339
3,healthy,610.694,42.870117,12.0,15.0,6.0479403
5,healthy,610.694,5.910966,50.0,50.0,1.3661741
6,healthy,610.694,1.4091744,21.5,22.0,0.22712037
7,healthy,610.694,4.547222,5.0,15.0,1.36057
1,healthy,611.4985,2.8786685,46.5,47.0,0.7193583
2,healthy,611.4985,23.221542,15.0,48.0,2.3714907
3,healthy,611.4985,31.393946,10.0,21.0,5.5934653
4,healthy,611.4985,40.63709,,34.0,9.138529
6,healthy,611.4985,1.398579,34.0,34.5,0.31101713
1,healthy,612.302,3.285183,8.0,15.0,0.7515426
2,healthy,612.302,8.778676,5.0,18.0,1.0677252
4,healthy,612.302,36.93935,21.0,23.0,5.6019797
5,healthy,612.302,5.461257,7.5,44.0,1.1268102
6,healthy,612.302,1.3837596,9.0,45.5,0.27924228
7,healthy,612.302,4.1308208,5.0,22.0,0.7833736
4,healthy,613.104,28.429432,,33.0,7.223991
5,healthy,613.104,5.290352,,48.0,1.583279
6,healthy,613.104,0.9534341,,39.0,0.2114387
1,healthy,614.014,2.98873,29.0,29.5,0.6958696
4,healthy,614.014,33.296524,28.5,29.0,6.652609
5,healthy,614.014,5.050706,7.5,25.0,1.1990771
6,healthy,614.014,1.1195195,,22.5,0.26898694
7,healthy,614.014,4.618877,5.0,34.0,0.53290427
1,healthy,614.9415,2.449073,36.5,36.5,0.6546474
4,healthy,614.9415,22.805208,,47.0,6.091091
5,healthy,614.9415,7.308936,29.5,30.5,1.1541547
6,healthy,614.9415,0.98142344,,50.0,0.29000413
1,healthy,615.812,2.9359446,34.0,35.0,0.6966748
5,healthy,615.812,5.1309214,,48.0,1.2390554
6,healthy,615.812,1.0069304,,47.0,0.2606553
1,healthy,616.6215,4.3217278,28.5,34.0,0.6988763
2,healthy,616.6215,6.7599134,44.5,45.5,1.7620609
3,healthy,616.6215,11.517552,15.5,16.0,3.290009
4,healthy,616.6215,42.61956,30.5,31.0,8.083496
5,healthy,616.6215,8.945377,36.5,36.5,2.1592772
6,healthy,616.6215,1.3666763,36.0,36.5,0.24535933
1,healthy,617.49,2.6118004,5.0,26.5,0.76012075
2,healthy,617.49,11.337252,19.5,20.5,2.758128
3,healthy,617.49,95.83102,12.5,18.0,9.864994
4,healthy,617.49,32.580956,26.5,27.0,6.065851
5,healthy,617.49,4.6042128,,50.0,1.2519071
6,healthy,617.49,1.2727373,36.5,37.0,0.22876632
7,healthy,617.49,7.8011236,32.5,43.0,0.88317245
1,healthy,618.3025,3.8435483,37.0,47.0,0.5703775
2,healthy,618.3025,13.5994005,13.0,19.5,1.9794478
3,healthy,618.3025,35.4592,39.5,50.0,7.9807467
4,healthy,618.3025,63.094727,13.0,16.5,6.3762097
5,healthy,618.3025,5.114942,6.0,17.5,1.4745948
6,healthy,618.3025,0.96008307,18.5,28.5,0.18144825
1,healthy,619.114,3.6111398,44.0,49.5,0.780719
2,healthy,619.114,12.218834,29.5,30.0,2.9672034
3,healthy,619.114,190.06494,5.0,50.0,8.468892
5,healthy,619.114,7.2800274,,28.5,1.8592569
6,healthy,619.114,0.964845,,23.0,0.25012398
7,healthy,619.114,3.7421355,5.0,19.5,0.6942165
1,healthy,619.918,2.8342924,7.5,26.5,0.48265383
2,healthy,619.918,6.8157434,,15.0,2.155362
3,healthy,619.918,24.10163,14.0,36.0,5.847505
4,healthy,619.918,57.2407,9.5,25.0,9.586303
5,healthy,619.918,10.531721,24.0,25.0,1.5210847
6,healthy,619.918,1.2880673,18.5,18.5,0.25752923
7,healthy,619.918,3.9138503,5.0,17.0,0.38922682
2,healthy,620.7365,6.82346,46.5,47.0,1.9189793
4,healthy,620.7365,30.817947,41.0,41.0,6.6899285
6,healthy,620.7365,1.1135067,16.0,16.0,0.21674746
1,healthy,621.5485,3.6093323,18.0,27.0,0.8572935
2,healthy,621.5485,8.980364,5.0,18.0,1.7235074
5,healthy,621.5485,6.9229336,,44.5,1.9772142
6,healthy,621.5485,0.96982527,,29.5,0.28260523
7,healthy,621.5485,3.2541459,40.0,48.0,0.85221654
1,healthy,622.363,2.3291721,18.5,43.0,0.5965226
2,healthy,622.363,8.60161,45.5,46.0,1.8468275
3,healthy,622.363,43.173218,17.0,17.5,13.589804
5,healthy,622.363,6.6923175,15.0,15.0,1.6085871
6,healthy,622.363,0.92294717,7.0,34.0,0.26698017
1,healthy,623.165,2.9129653,40.0,44.0,0.52426064
2,healthy,623.165,44.37078,17.5,19.0,2.0852847
4,healthy,623.165,45.688786,,17.0,11.12869
5,healthy,623.165,6.7346725,5.0,35.0,1.3201629
6,healthy,623.165,1.1267147,22.0,22.0,0.24066241
7,healthy,623.165,4.920624,18.0,19.5,0.627299
1,healthy,624.0605,2.5233576,5.0,41.0,0.8325696
2,healthy,624.0605,26.94191,9.5,45.0,3.8262417
5,healthy,624.0605,7.1496325,33.5,39.0,1.1909602
6,healthy,624.0605,1.1496873,47.5,47.5,0.24519183
1,healthy,624.883,4.0950146,,50.0,1.1239258
2,healthy,624.883,18.676872,48.5,49.5,4.2772417
3,healthy,624.883,176.95534,27.5,29.5,9.216292
4,healthy,624.883,46.932064,37.5,26.0,8.73103
7,healthy,624.883,3.338613,9.5,16.0,0.59700143
1,healthy,625.6975,3.735296,14.5,15.5,0.972939
2,healthy,625.6975,9.463525,,42.5,2.589184
3,healthy,625.6975,21.361858,18.5,50.0,5.7072086
4,healthy,625.6975,68.501175,21.0,34.5,5.7615676
5,healthy,625.6975,7.0155697,11.0,32.0,1.4167942
6,healthy,625.6975,1.0002856,,47.0,0.26604152
7,healthy,625.6975,3.685896,10.5,47.5,0.71092445
5,healthy,626.5235,4.8575644,6.5,40.5,1.0160785
6,healthy,626.5235,0.88873506,24.5,24.5,0.17148882
7,healthy,626.5235,4.749907,5.0,17.0,0.64066917
2,healthy,627.3625,9.08952,5.0,47.5,1.215867
3,healthy,627.3625,88.21358,22.5,23.5,28.982931
5,healthy,627.3625,3.7625322,,38.0,1.217007
6,healthy,627.3625,1.1699908,,22.5,0.24524647
2,healthy,628.234,20.311962,16.0,40.5,6.226127
3,healthy,628.234,24.089607,5.0,24.0,5.173813
4,healthy,628.234,35.823067,,15.5,7.5374613
5,healthy,628.234,5.5471582,7.0,15.5,0.8494318
6,healthy,628.234,0.8469255,,50.0,0.27078807
7,healthy,628.234,4.1745033,5.0,48.5,1.3817974
2,healthy,629.0875,5.164263,5.0,30.5,0.9613391
4,healthy,629.0875,40.524437,44.5,45.0,7.034329
5,healthy,629.0875,5.1584463,,21.5,1.214948
7,healthy,629.0875,8.744381,5.0,15.5,0.82438385
4,healthy,629.976,36.424152,16.5,40.5,6.3045692
6,healthy,629.976,1.1018506,29.0,29.5,0.18168929
7,healthy,629.976,3.786625,31.5,50.0,0.7697473
1,healthy,630.838,3.2627342,33.5,38.5,0.5920062
2,healthy,630.838,13.608589,7.5,48.5,1.9740621
4,healthy,630.838,68.29224,22.5,30.5,9.463837
5,healthy,630.838,4.185778,,39.0,1.1947988
6,healthy,630.838,1.1251696,47.5,48.0,0.2273238
7,healthy,630.838,4.298414,19.5,20.5,0.799441
1,healthy,631.643,2.9447942,18.5,19.0,0.8274373
2,healthy,631.643,7.5755687,15.5,27.5,1.559929
4,healthy,631.643,37.55522,,26.5,9.357265
5,healthy,631.643,6.6940255,33.0,33.0,1.4631993
6,healthy,631.643,1.3136663,,50.0,0.29326293
7,healthy,631.643,3.8080533,,28.0,1.0675877
1,healthy,632.525,2.8884637,,47.0,0.75929177
2,healthy,632.525,9.663728,14.5,39.0,2.232634
5,healthy,632.525,4.662303,,16.0,1.5040523
6,healthy,632.525,1.6085436,42.0,42.5,0.23542002
2,healthy,633.337,6.124195,36.0,36.5,1.1289327
4,healthy,633.337,29.909885,,15.0,9.501834
5,healthy,633.337,4.7384663,6.0,42.5,0.913884
6,healthy,633.337,0.89626676,,30.5,0.26713607
1,healthy,634.287,3.1523595,30.0,42.5,0.4901461
2,healthy,634.287,5.5841694,15.5,47.0,1.2863994
4,healthy,634.287,31.870949,,35.5,7.253368
5,healthy,634.287,6.75259,5.0,37.0,1.3227627
7,healthy,634.287,6.1327677,5.0,48.5,0.50240964
1,healthy,635.1345,4.5227566,18.5,23.0,0.83397067
2,healthy,635.1345,9.828593,26.0,26.5,1.9506478
3,healthy,635.1345,7.185258,27.0,33.0,1.6583588
4,healthy,635.1345,39.30841,,19.5,9.790235
5,healthy,635.1345,6.3028316,,19.5,1.2914605
6,healthy,635.1345,1.4541111,35.0,35.5,0.23596106
1,healthy,635.9495,3.3150153,45.0,46.5,1.0243373
2,healthy,635.9495,10.764366,16.0,48.0,1.1530704
3,healthy,635.9495,122.72973,35.0,35.5,18.33955
4,healthy,635.9495,62.248055,14.0,15.5,8.869223
5,healthy,635.9495,7.761586,,40.0,1.7785003
7,healthy,635.9495,4.3052077,34.0,41.5,1.2316666
1,healthy,636.778,18.055792,5.0,39.0,4.540133
2,healthy,636.778,18.793255,8.0,15.0,2.8715553
3,healthy,636.778,209.2424,14.0,15.0,20.992619
4,healthy,636.778,43.235077,,15.5,12.487088
5,healthy,636.778,8.276987,26.5,27.5,1.371643
6,healthy,636.778,1.0590634,,21.5,0.28851724
7,healthy,636.778,6.7663774,43.0,47.5,0.8441237
1,healthy,637.6625,66.47148,44.0,42.0,10.0884285
2,healthy,637.6625,14.207436,23.0,23.5,3.5577998
4,healthy,637.6625,43.942238,5.5,39.0,9.580698
5,healthy,637.6625,6.844516,5.0,36.0,1.3287305
6,healthy,637.6625,1.0846978,7.0,35.0,0.2033686
7,healthy,637.6625,5.9870768,30.5,34.5,0.9482214
2,healthy,638.714,16.54157,9.5,15.0,3.296257
3,healthy,638.714,221.85138,50.0,50.0,66.32764
4,healthy,638.714,42.73392,36.5,36.5,8.548617
5,healthy,638.714,5.687033,38.5,39.0,1.0324912
6,healthy,638.714,0.9856076,,48.0,0.2207048
7,healthy,638.714,5.2828555,8.5,23.0,1.0185297
1,healthy,639.5605,64.02139,,48.5,18.73831
2,healthy,639.5605,10.084884,,29.0,3.143836
3,healthy,639.5605,383.74963,31.0,31.5,51.808437
5,healthy,639.5605,5.167001,33.0,48.5,1.0205432
6,healthy,639.5605,1.3223629,23.0,24.0,0.196681
7,healthy,639.5605,5.809944,26.0,49.0,0.5301599
1,healthy,640.3655,62.391705,46.0,46.0,13.74307
2,healthy,640.3655,14.255575,44.0,45.0,3.469114
3,healthy,640.3655,460.72415,26.0,26.0,92.35937
4,healthy,640.3655,45.341362,45.0,45.5,9.653411
5,healthy,640.3655,4.4555664,,29.0,1.1587784
6,healthy,640.3655,1.3480418,17.5,18.0,0.22660789
1,healthy,641.267,41.16929,,34.0,11.803772
2,healthy,641.267,20.241825,12.5,18.5,3.2524064
3,healthy,641.267,374.15793,46.5,46.5,90.163704
5,healthy,641.267,4.3738384,,46.0,1.3055036
6,healthy,641.267,1.0125616,42.0,42.0,0.2330418
1,healthy,642.083,42.081055,36.0,36.0,8.924024
3,healthy,642.083,386.58932,17.0,20.5,34.941914
4,healthy,642.083,37.342964,,26.5,12.027515
5,healthy,642.083,4.037998,5.0,21.5,1.0791618
6,healthy,642.083,0.9554394,,27.0,0.25007433
7,healthy,642.083,7.1023746,19.5,43.5,0.50863695
1,healthy,642.9705,90.09502,13.5,44.0,12.997786
2,healthy,642.9705,17.547441,21.5,26.0,4.040469
3,healthy,642.9705,182.27138,9.5,48.0,21.558676
4,healthy,642.9705,65.27365,40.0,46.0,6.956336
5,healthy,642.9705,6.4692726,14.5,36.5,0.9132919
6,healthy,642.9705,1.1484288,5.0,45.0,0.19346681
1,healthy,643.865,77.46502,10.0,43.5,13.858599
2,healthy,643.865,11.874479,,20.0,3.9236064
3,healthy,643.865,334.56113,42.5,43.0,47.394077
4,healthy,643.865,43.509754,18.0,18.0,9.45811
5,healthy,643.865,6.2266006,7.5,31.0,0.86470705
6,healthy,643.865,1.0762643,34.5,35.0,0.26147467
7,healthy,643.865,3.4283257,,15.0,1.0773071
5,healthy,644.676,4.3229346,46.0,46.5,0.8427033
6,healthy,644.676,1.0608437,39.0,39.5,0.25002488
7,healthy,644.676,5.1261816,42.5,47.5,1.4936597
1,healthy,645.509,57.44755,8.0,40.5,14.159672
3,healthy,645.509,149.54378,7.0,25.0,29.812515
4,healthy,645.509,57.6895,21.0,26.0,8.097374
5,healthy,645.509,5.357531,5.0,22.0,1.0195378
6,healthy,645.509,0.6994148,,23.0,0.23173775
1,healthy,646.3515,66.51739,,45.5,15.625427
2,healthy,646.3515,54.581398,24.0,26.0,4.1964536
3,healthy,646.3515,365.5569,32.5,35.5,48.383297
4,healthy,646.3515,41.11084,,20.0,9.554069
5,healthy,646.3515,5.9259224,30.0,31.5,0.82388586
6,healthy,646.3515,1.1094424,,47.5,0.24930523
7,healthy,646.3515,2.3988826,5.5,20.0,0.5311998
1,healthy,647.2515,120.93062,13.5,15.0,36.862663
5,healthy,647.2515,6.004101,6.0,30.0,1.1294822
6,healthy,647.2515,0.8330293,,46.5,0.21536908
7,healthy,647.2515,4.4720197,6.0,42.0,0.5085379
1,healthy,648.0555,67.199455,,20.0,15.861352
2,healthy,648.0555,9.852805,21.0,32.5,1.6447393
3,healthy,648.0555,47.509026,5.0,15.0,13.8747635
5,healthy,648.0555,5.65034,16.5,36.0,0.9409285
6,healthy,648.0555,1.347796,37.0,37.0,0.27270204
7,healthy,648.0555,3.3605008,,37.5,0.8852909
1,healthy,649.0145,83.562546,,25.0,19.176077
2,healthy,649.0145,11.787535,6.0,34.0,1.812148
4,healthy,649.0145,48.31257,29.5,30.0,7.7794333
5,healthy,649.0145,4.793502,,30.5,1.1547569
6,healthy,649.0145,1.2224324,23.0,23.5,0.20030105
7,healthy,649.0145,3.953805,5.0,19.0,0.42367995
1,healthy,649.967,76.34616,,40.0,17.280602
2,healthy,649.967,187.6279,5.0,17.0,3.3923838
3,healthy,649.967,805.00714,12.0,17.5,9.201633
4,healthy,649.967,980.0492,5.0,47.0,7.091049
5,healthy,649.967,23.02947,5.0,22.0,0.6713438
6,healthy,649.967,1.1990826,16.0,45.5,0.21353237
7,healthy,649.967,14.326432,5.0,19.5,0.8529591
2,healthy,650.785,18.759937,23.0,28.0,2.3435688
3,healthy,650.785,236.78732,,20.0,74.613205
4,healthy,650.785,112.6922,7.0,24.5,25.14306
5,healthy,650.785,3.7216468,,17.5,1.1283568
6,healthy,650.785,0.89555645,,19.5,0.21939574
1,healthy,651.64,71.228905,8.0,40.5,11.469803
2,healthy,651.64,10.083712,6.0,46.0,1.4743494
3,healthy,651.64,6.5465274,18.0,25.0,1.7335931
4,healthy,651.64,126.5665,,40.5,29.09062
5,healthy,651.64,5.1928916,17.0,17.0,1.0552046
6,healthy,651.64,1.1865222,33.5,34.0,0.26693863
1,healthy,652.4835,71.92763,28.0,28.5,15.04156
2,healthy,652.4835,9.787766,22.5,22.5,2.3231313
3,healthy,652.4835,99.976776,30.5,34.0,11.97246
4,healthy,652.4835,127.75697,,23.5,29.549767
5,healthy,652.4835,7.082058,8.5,38.5,1.1533892
6,healthy,652.4835,1.210877,19.5,20.0,0.21276237
7,healthy,652.4835,3.8804383,7.0,21.5,1.2864606
1,healthy,653.3105,96.116196,42.5,42.5,19.910522
2,healthy,653.3105,10.937843,5.0,38.0,1.5350577
3,healthy,653.3105,83.358345,16.0,20.0,12.644357
5,healthy,653.3105,8.061027,19.5,20.0,1.534814
6,healthy,653.3105,0.95868355,,17.5,0.23188393
7,healthy,653.3105,4.9253263,5.0,15.5,0.7032024
1,healthy,654.1145,125.77307,,23.5,39.946472
2,healthy,654.1145,20.209288,29.5,30.5,4.5783896
3,healthy,654.1145,189.61636,18.5,20.0,18.393002
4,healthy,654.1145,124.08453,,35.0,32.146347
5,healthy,654.1145,8.743524,11.5,21.5,1.0901439
6,healthy,654.1145,0.96457195,,36.5,0.21434624
1,healthy,654.9155,217.03543,7.0,48.0,30.909826
2,healthy,654.9155,11.619567,,35.5,3.8244858
3,healthy,654.9155,73.290146,6.0,21.5,24.228167
4,healthy,654.9155,267.6989,14.0,15.0,42.74383
5,healthy,654.9155,8.701007,19.0,19.5,2.0826843
6,healthy,654.9155,0.99494255,,18.0,0.30626482
7,healthy,654.9155,24.110865,50.0,50.0,7.20496
1,healthy,655.716,121.66841,,15.0,40.388744
2,healthy,655.716,14.365496,11.0,19.0,2.1388152
3,healthy,655.716,25.758957,5.5,25.5,7.3957934
4,healthy,655.716,276.82394,34.5,35.0,50.487392
5,healthy,655.716,9.580874,33.0,33.5,1.6492904
6,healthy,655.716,1.0292677,12.5,33.5,0.26773754
7,healthy,655.716,14.730342,7.5,25.0,0.8600416
1,healthy,656.5185,161.93988,,35.0,37.794113
2,healthy,656.5185,18.09787,25.0,25.5,3.3279076
4,healthy,656.5185,366.26962,13.5,17.0,45.62303
5,healthy,656.5185,11.0406275,16.5,16.5,2.3676622
6,healthy,656.5185,0.90610296,,25.5,0.24196185
7,healthy,656.5185,13.236053,5.0,18.5,1.0969388
3,healthy,657.319,11.641162,8.5,15.5,1.7811295
4,healthy,657.319,303.50415,27.0,27.5,59.55652
6,healthy,657.319,0.90752375,5.5,39.0,0.212631
1,healthy,658.1205,144.3566,38.5,41.5,24.185371
4,healthy,658.1205,343.08444,44.0,48.0,40.000443
5,healthy,658.1205,10.337016,,19.0,3.3675985
6,healthy,658.1205,1.2635013,47.0,48.0,0.24355084
7,healthy,658.1205,44.05545,5.0,29.5,1.7129163
1,healthy,658.931,138.73643,34.0,34.0,28.852486
2,healthy,658.931,9.122589,33.0,44.5,1.8458196
4,healthy,658.931,217.33972,,40.5,54.32616
5,healthy,658.931,12.335945,32.5,33.5,2.039095
6,healthy,658.931,0.9839783,21.5,47.0,0.19458932
1,healthy,659.74,159.60458,,29.5,44.769623
3,healthy,659.74,8.089832,30.0,40.0,1.4105407
4,healthy,659.74,205.36687,9.0,39.0,53.306576
5,healthy,659.74,12.434069,7.0,31.0,1.9065547
6,healthy,659.74,1.4136841,26.5,27.0,0.20555998
1,healthy,660.5515,187.05058,48.0,48.0,46.516987
2,healthy,660.5515,7.010845,,17.5,2.0836165
4,healthy,660.5515,250.31241,16.5,24.5,42.74325
5,healthy,660.5515,11.339299,13.5,38.0,1.4160647
6,healthy,660.5515,0.85222447,,31.0,0.25034043
7,healthy,660.5515,4.368708,5.0,18.0,0.5310305
1,healthy,661.3525,161.83801,20.5,23.0,28.526466
2,healthy,661.3525,9.768188,18.5,27.5,1.9236692
3,healthy,661.3525,14.355566,26.0,27.0,2.3378596
4,healthy,661.3525,234.79245,,42.0,60.127823
5,healthy,661.3525,9.882204,31.5,31.5,2.1494558
6,healthy,661.3525,1.1906266,35.5,35.5,0.24683516
1,healthy,662.1565,141.67827,10.5,48.0,29.688616
2,healthy,662.1565,8.844482,12.0,22.0,1.9060688
4,healthy,662.1565,230.93523,,25.5,50.579823
5,healthy,662.1565,9.653118,24.0,24.5,1.9308469
6,healthy,662.1565,0.93506,13.5,42.0,0.25016814
1,healthy,662.9685,126.06969,,26.0,36.68741
3,healthy,662.9685,5.7273245,26.0,26.5,1.314988
4,healthy,662.9685,270.39056,29.0,30.0,36.348385
5,healthy,662.9685,9.14046,18.0,18.5,1.1834826
6,healthy,662.9685,1.2485194,39.0,39.5,0.23806354
1,healthy,663.7765,105.44835,6.5,30.5,19.508833
2,healthy,663.7765,8.407685,,35.5,2.6477928
3,healthy,663.7765,185.96921,9.0,46.5,14.238763
4,healthy,663.7765,237.75974,,36.0,63.849464
5,healthy,663.7765,8.802643,,23.5,2.0177515
6,healthy,663.7765,1.158521,21.5,21.5,0.23762107
1,healthy,664.599,88.90627,,27.0,25.37136
2,healthy,664.599,8.425609,23.0,24.0,1.8426992
3,healthy,664.599,74.43945,34.0,34.5,11.984541
4,healthy,664.599,241.65642,45.5,46.5,38.255207
5,healthy,664.599,4.303155,8.5,20.5,1.3396728
6,healthy,664.599,1.3537467,40.5,40.5,0.31844473
7,healthy,664.599,3.6142678,18.0,19.0,0.68000513
2,healthy,665.405,20.154007,10.5,29.0,1.7298715
3,healthy,665.405,32.143417,12.5,27.5,8.987231
4,healthy,665.405,306.839,31.5,32.5,41.282047
6,healthy,665.405,0.949139,,49.0,0.29116505
1,healthy,666.233,22.434353,,16.5,7.083364
2,healthy,666.233,4.815121,7.5,19.5,0.8948134
3,healthy,666.233,57.248013,14.5,15.0,10.199901
4,healthy,666.233,269.70886,17.0,20.0,48.714657
5,healthy,666.233,6.9072022,,21.5,2.280229
7,healthy,666.233,5.460189,19.0,19.5,1.7604214
1,healthy,667.061,21.78902,20.0,37.5,1.6979581
2,healthy,667.061,8.907511,31.5,41.5,1.3998352
4,healthy,667.061,232.17352,5.0,22.5,64.29567
5,healthy,667.061,6.5498943,5.0,29.0,1.47485
7,healthy,667.061,4.633562,5.0,43.0,0.76356775
1,healthy,667.865,23.85527,,25.5,5.823525
2,healthy,667.865,4.410965,8.0,36.0,0.8958726
3,healthy,667.865,49.71114,5.0,18.5,10.584367
4,healthy,667.865,250.691,41.0,41.5,46.021114
5,healthy,667.865,11.427639,44.5,45.0,2.01261
6,healthy,667.865,0.9861869,35.5,36.5,0.17180893
1,healthy,668.6665,4.420198,7.5,37.0,0.9043933
2,healthy,668.6665,9.563578,47.5,49.5,1.723646
4,healthy,668.6665,264.03864,9.5,29.5,41.217377
5,healthy,668.6665,8.819763,,26.5,2.0785968
6,healthy,668.6665,0.96484303,,26.0,0.23308477
7,healthy,668.6665,5.1099215,5.0,15.0,1.0475715
1,healthy,669.4725,9.555375,8.0,30.0,0.92312294
2,healthy,669.4725,49.67799,10.5,38.5,9.528555
3,healthy,669.4725,537.7473,25.0,26.0,61.391407
4,healthy,669.4725,234.2883,6.5,39.5,58.99578
5,healthy,669.4725,11.978813,11.5,29.0,2.5162032
6,healthy,669.4725,1.2948127,9.5,41.0,0.30081734
7,healthy,669.4725,7.4392385,9.0,33.5,1.0641418
1,healthy,670.2755,3.247028,16.5,18.0,0.95934844
2,healthy,670.2755,25.195065,5.0,17.5,7.192838
3,healthy,670.2755,207.7214,31.5,32.5,32.584103
4,healthy,670.2755,271.77274,49.5,49.5,55.83384
5,healthy,670.2755,11.886518,34.0,34.5,2.3790753
6,healthy,670.2755,1.1486447,30.0,30.0,0.25122312
7,healthy,670.2755,5.3972125,5.0,17.5,1.2199632
2,healthy,671.084,48.003822,38.5,39.5,4.8362036
4,healthy,671.084,187.30595,16.5,17.0,37.289474
5,healthy,671.084,9.09763,,38.0,2.0336738
6,healthy,671.084,1.2891264,,24.0,0.35292193
1,healthy,671.886,3.731872,27.5,27.5,0.8291792
2,healthy,671.886,50.555004,12.5,16.5,4.2901244
3,healthy,671.886,133.34108,14.0,17.0,18.400972
4,healthy,671.886,210.8627,38.0,38.5,39.63778
5,healthy,671.886,12.151167,27.5,29.0,1.8987402
6,healthy,671.886,0.95285743,9.5,16.0,0.1941051
7,healthy,671.886,7.4587,5.0,15.0,1.0165995
2,healthy,672.7005,18.246593,11.5,29.5,5.513618
3,healthy,672.7005,170.45175,45.0,45.5,29.144201
4,healthy,672.7005,203.41563,28.0,28.5,34.764034
6,healthy,672.7005,0.9212233,,18.5,0.21572238
1,healthy,673.501,3.0469954,40.0,40.5,0.5393184
2,healthy,673.501,7.2776947,5.0,15.0,1.9991442
4,healthy,673.501,257.78333,43.5,47.0,31.695183
6,healthy,673.501,0.8726038,,20.0,0.2779693
7,healthy,673.501,5.1463842,5.0,21.0,0.5365011
4,healthy,674.3125,250.66669,5.5,42.5,54.258972
5,healthy,674.3125,9.965269,,38.0,2.1825552
6,healthy,674.3125,0.93435913,,22.5,0.23567963
7,healthy,674.3125,3.626923,5.0,28.5,1.0725318
1,healthy,675.113,2.8216567,12.5,32.0,0.76137704
2,healthy,675.113,66.788475,16.5,17.0,14.566392
3,healthy,675.113,87.140945,6.0,30.5,14.994006
5,healthy,675.113,9.979889,,21.0,2.5847228
6,healthy,675.113,1.3937571,,46.5,0.3335499
1,healthy,675.923,4.248369,43.0,50.0,0.84980226
2,healthy,675.923,119.10428,27.0,27.5,27.00793
3,healthy,675.923,209.15721,11.0,15.0,22.1136
4,healthy,675.923,219.52477,40.5,41.0,44.480644
5,healthy,675.923,10.834091,7.0,46.5,2.0681021
7,healthy,675.923,4.5111446,13.0,41.0,0.61851
1,healthy,676.7375,4.62449,37.0,38.0,0.8693543
2,healthy,676.7375,71.92668,,31.0,23.68968
3,healthy,676.7375,133.53851,13.5,16.5,31.175516
4,healthy,676.7375,267.11035,18.0,18.0,53.70789
5,healthy,676.7375,10.250457,16.0,16.5,1.8048298
6,healthy,676.7375,1.3209429,5.0,45.0,0.20807673
7,healthy,676.7375,5.232258,,15.0,1.6681957
2,healthy,677.538,90.83928,24.0,24.5,17.75901
3,healthy,677.538,161.45677,42.0,42.5,27.855555
4,healthy,677.538,190.788,49.5,49.5,41.266598
5,healthy,677.538,10.961238,,50.0,2.503051
6,healthy,677.538,0.9132447,,20.5,0.2855869
2,healthy,678.3395,59.81317,,38.0,14.948049
4,healthy,678.3395,194.2973,,19.5,51.038982
5,healthy,678.3395,14.758402,16.0,16.5,2.4866588
6,healthy,678.3395,1.3856966,38.0,38.5,0.21967219
7,healthy,678.3395,4.6167183,7.5,28.5,0.9394478
3,healthy,679.1425,252.0245,44.0,44.5,33.35167
4,healthy,679.1425,216.96558,6.0,48.5,49.55878
5,healthy,679.1425,9.590994,23.0,29.5,1.8587512
6,healthy,679.1425,1.1010947,28.0,28.5,0.20994326
7,healthy,679.1425,13.453159,7.5,17.5,0.83081305
1,healthy,679.9435,7.6668077,24.5,24.5,2.3436587
2,healthy,679.9435,84.21714,28.0,28.0,22.609425
3,healthy,679.9435,141.7453,43.5,44.0,25.788273
4,healthy,679.9435,244.29459,,16.5,60.034763
5,healthy,679.9435,9.820773,,32.5,3.2614639
7,healthy,679.9435,26.382572,5.0,48.0,4.393352
2,healthy,680.754,84.228386,,40.0,21.062424
3,healthy,680.754,207.39355,7.0,41.0,12.434016
4,healthy,680.754,214.99496,34.0,38.0,36.641365
5,healthy,680.754,16.547966,8.5,36.5,2.6055229
6,healthy,680.754,0.9936981,,17.0,0.24233481
7,healthy,680.754,4.6734676,33.5,34.5,0.69560224
3,healthy,681.593,154.61812,19.0,22.0,28.971996
4,healthy,681.593,220.6286,26.5,27.5,43.527336
5,healthy,681.593,12.267921,,24.0,3.132449
6,healthy,681.593,1.6028309,18.0,19.0,0.2146255
1,healthy,682.4025,17.577982,12.5,17.0,3.9773915
4,healthy,682.4025,270.057,29.0,29.5,51.77127
5,healthy,682.4025,17.299671,11.0,17.5,3.4444435
6,healthy,682.4025,1.3338871,11.0,30.0,0.26454678
7,healthy,682.4025,3.9361787,43.0,44.0,0.93096256
1,healthy,683.2035,32.04801,21.5,25.5,4.9033513
2,healthy,683.2035,88.960724,,16.0,29.422113
3,healthy,683.2035,168.92679,9.5,25.5,12.326007
4,healthy,683.2035,157.41006,,34.0,45.11739
5,healthy,683.2035,10.231478,,42.0,2.3781204
6,healthy,683.2035,0.88629603,,31.5,0.22240825
1,healthy,684.0045,25.779634,15.5,46.5,4.732505
2,healthy,684.0045,60.839664,13.0,38.5,16.792515
3,healthy,684.0045,74.46558,5.0,21.0,14.536566
5,healthy,684.0045,14.193973,31.0,32.0,2.1945705
6,healthy,684.0045,1.0465121,5.0,43.5,0.20384377
7,healthy,684.0045,3.8092394,5.0,40.0,1.2265915
1,healthy,684.8225,85.34445,7.0,31.5,23.640976
2,healthy,684.8225,260.63208,21.5,22.0,49.06574
3,healthy,684.8225,430.9025,30.5,31.5,57.970524
4,healthy,684.8225,139.12607,45.5,46.0,25.78732
5,healthy,684.8225,13.215673,46.5,47.0,2.117438
6,healthy,684.8225,1.0447836,15.5,15.5,0.2505053
7,healthy,684.8225,2.5421388,5.0,22.5,0.5067572
1,healthy,685.625,106.45636,9.5,29.5,16.32303
2,healthy,685.625,105.849915,20.0,20.0,21.577675
4,healthy,685.625,208.77472,32.0,32.5,35.106133
5,healthy,685.625,10.244677,33.0,33.5,2.507322
6,healthy,685.625,0.9176897,36.0,37.0,0.15983409
1,healthy,686.433,90.834694,,33.0,24.05024
2,healthy,686.433,146.69716,47.0,47.5,19.013933
3,healthy,686.433,134.0678,22.5,29.0,11.106114
4,healthy,686.433,148.03854,49.5,50.0,33.16903
5,healthy,686.433,10.327225,,21.0,2.6950955
6,healthy,686.433,1.0026746,,34.0,0.24299033
1,healthy,687.2335,115.6575,10.0,39.5,21.205448
3,healthy,687.2335,197.05176,20.0,21.0,29.54148
4,healthy,687.2335,127.97649,,45.5,30.7691
5,healthy,687.2335,7.503957,,44.5,2.3697162
6,healthy,687.2335,1.1423647,,39.0,0.29167464
1,healthy,688.034,109.593994,27.5,28.0,19.914293
2,healthy,688.034,139.71669,23.5,23.5,28.65881
3,healthy,688.034,143.0911,,43.0,47.66504
4,healthy,688.034,129.39479,13.5,17.0,28.700804
5,healthy,688.034,12.772312,25.5,26.0,1.787464
6,healthy,688.034,0.86540234,,38.0,0.2862111
7,healthy,688.034,2.5334387,13.0,35.0,0.53604484
1,healthy,688.838,103.251205,,50.0,23.177809
2,healthy,688.838,108.34642,14.5,37.5,21.678543
3,healthy,688.838,295.80383,34.5,34.5,64.909355
4,healthy,688.838,109.553474,,15.0,25.645945
6,healthy,688.838,0.93697596,,21.5,0.29460397
7,healthy,688.838,4.2454877,6.5,20.5,1.3368521
1,healthy,689.639,145.5473,38.0,41.0,18.610464
2,healthy,689.639,104.651505,,35.5,34.354794
3,healthy,689.639,359.7141,26.5,30.0,30.014107
4,healthy,689.639,140.08708,35.0,37.5,24.254038
5,healthy,689.639,10.741061,17.0,38.5,1.561573
6,healthy,689.639,0.91378886,,41.0,0.28088817
7,healthy,689.639,5.8902125,22.5,23.5,1.2118498
1,healthy,690.454,86.14395,10.5,45.0,16.351313
2,healthy,690.454,18.310066,31.5,32.0,4.0388865
3,healthy,690.454,19.375523,44.5,46.5,4.9438314
4,healthy,690.454,180.27765,15.0,15.5,31.65625
5,healthy,690.454,8.038566,30.5,31.0,1.7807559
6,healthy,690.454,1.1021035,29.5,29.5,0.21915296
7,healthy,690.454,10.516796,5.5,50.0,0.8374819
1,healthy,691.2735,24.132416,11.0,45.5,4.0674944
2,healthy,691.2735,15.238558,7.0,44.5,1.839711
3,healthy,691.2735,19.050714,,24.5,5.103031
4,healthy,691.2735,116.50435,37.5,37.5,24.863586
5,healthy,691.2735,10.153368,36.0,37.0,1.7532644
6,healthy,691.2735,0.9948312,,44.0,0.27812535
1,healthy,692.086,66.29964,19.5,20.0,10.295713
2,healthy,692.086,168.31049,38.0,38.5,29.754692
4,healthy,692.086,132.46658,27.5,28.0,22.115517
5,healthy,692.086,11.3101425,42.0,42.5,1.9759182
6,healthy,692.086,1.4199429,12.5,43.0,0.21269749
1,healthy,692.8865,39.30152,,27.0,13.000263
2,healthy,692.8865,181.82065,,15.0,47.819626
3,healthy,692.8865,137.71399,18.5,22.0,19.884733
4,healthy,692.8865,135.77138,22.5,23.5,21.01825
5,healthy,692.8865,9.23352,28.0,28.0,2.0392647
6,healthy,692.8865,1.362797,19.5,20.5,0.26748836
1,healthy,693.696,71.229065,30.5,34.0,10.608467
2,healthy,693.696,57.04936,48.0,50.0,9.777705
4,healthy,693.696,106.41122,,28.0,30.642103
6,healthy,693.696,1.2404404,31.5,32.0,0.24240896
1,healthy,694.523,20.171473,,15.5,5.020852
2,healthy,694.523,184.53787,41.0,41.5,26.288166
3,healthy,694.523,107.9682,,45.5,28.216282
4,healthy,694.523,114.46744,11.0,40.0,33.14499
5,healthy,694.523,8.918824,20.5,21.0,1.4919907
6,healthy,694.523,0.69373375,,23.5,0.22572508
7,healthy,694.523,2.7901015,15.0,15.5,0.7313973
1,healthy,695.3285,50.26188,,25.0,12.074587
2,healthy,695.3285,82.33422,33.5,34.0,17.008965
4,healthy,695.3285,194.9475,19.5,20.0,36.567
5,healthy,695.3285,9.364956,,15.5,2.319209
2,healthy,696.1365,91.12056,15.0,28.0,12.053356
4,healthy,696.1365,200.34311,15.0,18.5,27.916254
5,healthy,696.1365,11.809081,17.5,17.5,2.5526779
6,healthy,696.1365,0.8413322,14.0,15.0,0.19878222
7,healthy,696.1365,3.6307635,36.5,38.5,0.7601708
1,healthy,696.9635,63.22106,40.0,40.0,13.939155
2,healthy,696.9635,61.73549,,37.0,13.141326
4,healthy,696.9635,115.48656,16.5,17.0,26.16784
5,healthy,696.9635,5.6554003,,37.0,1.7386296
6,healthy,696.9635,1.0669808,,18.5,0.2623802
1,healthy,697.7705,62.55716,10.0,42.5,12.755125
4,healthy,697.7705,110.00882,,19.5,25.73711
5,healthy,697.7705,7.939791,30.5,30.5,1.4970587
6,healthy,697.7705,0.89461553,10.5,34.5,0.21207361
3,healthy,698.597,16.178816,13.0,50.0,1.9382794
4,healthy,698.597,105.15067,,29.0,27.661934
5,healthy,698.597,8.42906,36.5,37.0,1.6446708
6,healthy,698.597,1.3469224,42.0,42.0,0.24787791
7,healthy,698.597,5.3607836,,30.5,1.6214852
1,healthy,699.4045,48.251244,22.5,23.0,8.658421
2,healthy,699.4045,46.675743,15.0,15.5,8.12932
4,healthy,699.4045,146.76086,27.5,28.0,24.822847
6,healthy,699.4045,1.0190678,20.0,20.0,0.22571968
7,healthy,699.4045,3.2319324,,49.5,0.98214716
1,healthy,700.2125,46.478783,,27.5,15.426267
2,healthy,700.2125,46.97108,14.0,24.5,6.5118012
4,healthy,700.2125,131.42859,47.5,47.5,26.057056
5,healthy,700.2125,11.731653,30.5,49.0,1.8765919
6,healthy,700.2125,0.9065584,,35.0,0.27930272
1,healthy,701.0195,57.81762,10.5,26.5,14.787738
2,healthy,701.0195,40.21065,,33.0,8.527343
3,healthy,701.0195,44.110565,5.5,27.0,3.9182315
4,healthy,701.0195,132.58311,,46.5,28.651665
6,healthy,701.0195,1.1558639,42.5,42.5,0.28767994
7,healthy,701.0195,6.416889,13.5,41.0,0.9452645
1,healthy,701.8275,87.27293,16.0,16.5,19.603182
2,healthy,701.8275,37.09534,16.0,16.5,8.070216
3,healthy,701.8275,186.25298,37.5,39.5,5.341291
4,healthy,701.8275,167.51956,37.0,37.5,33.0338
5,healthy,701.8275,13.009901,14.5,30.5,1.690749
7,healthy,701.8275,8.604761,17.5,18.5,1.6386844
1,healthy,702.6295,100.34043,23.0,23.5,16.709461
2,healthy,702.6295,29.322529,47.0,47.5,4.4999456
4,healthy,702.6295,195.44751,41.0,44.5,29.903177
5,healthy,702.6295,13.8863535,49.5,49.5,3.4520218
6,healthy,702.6295,1.1311393,,50.0,0.2413961
7,healthy,702.6295,3.6607292,6.0,45.0,0.7597824
2,healthy,703.43,17.393078,8.5,18.5,5.4729137
3,healthy,703.43,116.97504,16.0,16.0,30.874722
4,healthy,703.43,231.86201,32.0,32.0,44.659225
5,healthy,703.43,12.659859,,27.5,3.4541771
6,healthy,703.43,1.147888,38.0,38.0,0.28363374
2,healthy,704.231,10.947847,8.0,39.0,1.939924
3,healthy,704.231,28.632284,,36.5,9.341673
4,healthy,704.231,126.991806,34.0,34.0,25.989246
5,healthy,704.231,10.277854,,40.5,3.0098538
6,healthy,704.231,0.87389845,,33.0,0.23181812
7,healthy,704.231,4.5790377,31.0,32.0,1.2652676
1,healthy,705.0345,29.735046,15.5,47.0,5.546546
2,healthy,705.0345,15.314775,19.5,32.5,4.1816044
3,healthy,705.0345,14.682334,31.5,32.5,3.5909405
4,healthy,705.0345,236.01965,42.0,42.5,39.934654
5,healthy,705.0345,9.770739,,17.5,2.7714636
6,healthy,705.0345,0.90197206,9.5,38.0,0.175908
7,healthy,705.0345,2.6676843,6.0,24.0,0.5663758
1,healthy,705.8385,42.044205,43.0,43.5,6.7494006
2,healthy,705.8385,12.797983,37.0,37.0,3.2856944
3,healthy,705.8385,6.781281,11.5,41.0,1.4073579
5,healthy,705.8385,7.947836,9.0,15.0,2.2304058
6,healthy,705.8385,1.0227401,8.0,35.5,0.23504771
1,healthy,706.6565,26.087578,39.5,40.0,5.528627
2,healthy,706.6565,14.745513,11.5,17.5,3.0501082
3,healthy,706.6565,53.012085,34.0,35.0,7.4926577
4,healthy,706.6565,126.043396,,15.0,32.40314
5,healthy,706.6565,8.820109,,45.0,2.5085735
6,healthy,706.6565,1.173136,,25.5,0.28400522
7,healthy,706.6565,4.1677675,5.0,41.5,1.1163986
1,healthy,707.4575,21.429504,,30.0,4.9277697
4,healthy,707.4575,105.34521,,21.5,32.022552
5,healthy,707.4575,11.079755,48.0,48.5,2.3036327
6,healthy,707.4575,0.8257997,,17.5,0.23899269
7,healthy,707.4575,4.1686606,,50.0,1.2772737
1,healthy,708.285,29.890656,33.0,33.5,5.677918
2,healthy,708.285,9.705623,,35.0,2.7839904
4,healthy,708.285,125.76234,13.0,17.0,24.508387
5,healthy,708.285,12.16441,27.0,27.5,1.5693733
6,healthy,708.285,0.9472765,,15.5,0.29648274
7,healthy,708.285,3.3028004,5.0,33.5,0.6105687
1,healthy,709.101,25.462696,45.0,46.0,3.4178765
2,healthy,709.101,10.209139,25.0,25.5,2.0886858
4,healthy,709.101,191.79854,45.0,49.0,30.147612
5,healthy,709.101,6.8973002,,15.5,1.8907529
6,healthy,709.101,1.2097895,16.0,16.5,0.15675794
7,healthy,709.101,3.7716238,17.0,27.0,0.8909618
1,healthy,709.9045,10.211738,7.5,24.5,1.7888839
2,healthy,709.9045,14.072714,40.0,40.5,2.5365343
3,healthy,709.9045,142.84106,,25.0,42.183796
4,healthy,709.9045,97.82686,,28.0,27.55277
5,healthy,709.9045,6.994688,11.0,30.5,1.8830562
6,healthy,709.9045,0.99043,,20.5,0.26012737
1,healthy,710.7075,3.9433298,47.0,48.0,1.2942816
2,healthy,710.7075,14.034249,30.0,33.0,1.8856913
3,healthy,710.7075,255.1055,38.5,39.0,54.4323
4,healthy,710.7075,154.55151,27.5,28.5,20.55105
7,healthy,710.7075,4.718607,5.0,15.0,0.97426885
1,healthy,711.5105,21.43835,30.0,30.5,3.8726664
2,healthy,711.5105,15.95624,8.0,23.0,2.8912659
3,healthy,711.5105,302.61652,16.5,17.0,58.75992
4,healthy,711.5105,88.82262,,32.5,29.191578
5,healthy,711.5105,7.1239653,,35.5,2.204468
6,healthy,711.5105,1.0890284,5.5,45.5,0.22151971
7,healthy,711.5105,4.6103396,12.0,22.0,1.0268332
3,healthy,712.312,243.64252,5.0,17.0,11.83699
4,healthy,712.312,121.867294,13.0,16.5,26.766054
5,healthy,712.312,7.3292246,,29.5,1.879757
6,healthy,712.312,1.3733943,41.0,49.5,0.2607425
7,healthy,712.312,6.1051636,,15.0,1.9751564
2,healthy,713.124,7.521188,7.5,48.0,1.972633
4,healthy,713.124,128.13129,5.0,37.5,20.737873
5,healthy,713.124,7.4957037,,24.0,1.7725769
6,healthy,713.124,0.957256,,28.0,0.26668382
1,healthy,713.936,5.2750273,13.0,19.0,0.89392465
2,healthy,713.936,9.057533,,35.5,2.8319833
4,healthy,713.936,137.56079,12.5,38.5,21.327906
5,healthy,713.936,4.7894106,5.0,18.5,1.3301246
6,healthy,713.936,1.047122,,46.0,0.27736273
1,healthy,714.756,5.0458097,23.0,24.5,1.5961915
2,healthy,714.756,8.408851,38.5,40.0,1.3505901
3,healthy,714.756,5.697286,23.5,24.0,1.0539389
4,healthy,714.756,177.20056,25.0,25.5,26.160143
5,healthy,714.756,6.8982515,,20.5,1.5982629
6,healthy,714.756,0.8967984,,15.5,0.24666739
7,healthy,714.756,4.583214,36.0,47.5,1.06761
1,healthy,715.5625,4.771905,23.5,24.0,0.97363436
2,healthy,715.5625,9.532032,38.0,40.0,2.1069005
3,healthy,715.5625,45.040596,5.0,27.5,1.1360965
4,healthy,715.5625,95.23437,33.5,34.0,20.289005
5,healthy,715.5625,9.500459,37.5,40.0,1.684777
6,healthy,715.5625,0.86177003,,20.5,0.24908334
7,healthy,715.5625,4.9773126,30.5,33.0,0.74263024
4,healthy,716.405,97.81062,,16.5,31.740679
5,healthy,716.405,5.5703516,,32.5,1.7851939
6,healthy,716.405,1.0332998,,45.0,0.27735576
7,healthy,716.405,7.2415347,39.0,43.5,1.262193
1,healthy,717.271,4.48451,31.5,32.0,1.1965015
2,healthy,717.271,9.913288,29.5,29.5,2.8007677
3,healthy,717.271,202.09616,23.5,27.5,34.073505
6,healthy,717.271,0.82887477,,50.0,0.21680424
7,healthy,717.271,3.4012706,5.5,36.5,0.68077546
1,healthy,718.103,5.0346255,30.0,31.0,1.133732
3,healthy,718.103,186.8497,16.5,19.5,30.081062
4,healthy,718.103,111.10588,37.5,38.0,18.436012
6,healthy,718.103,1.1103218,46.0,46.5,0.21756257
2,healthy,719.0495,12.353317,7.5,16.5,1.8754908
3,healthy,719.0495,123.8875,6.0,39.0,32.13006
4,healthy,719.0495,129.72116,26.5,27.5,18.577213
5,healthy,719.0495,3.1709564,12.5,48.5,0.8709883
6,healthy,719.0495,0.84948885,13.5,49.5,0.1914344
2,healthy,719.942,9.395997,14.0,41.5,1.8592923
3,healthy,719.942,8.533664,44.5,48.0,2.1330206
4,healthy,719.942,107.40344,,42.5,33.282215
5,healthy,719.942,4.7129974,,39.5,1.0158453
6,healthy,719.942,1.1888499,11.5,29.0,0.25522065
7,healthy,719.942,7.9589887,5.0,22.5,1.4094471
2,healthy,720.7765,10.012925,8.5,18.0,1.4896133
3,healthy,720.7765,11.143984,5.0,20.5,1.2451192
4,healthy,720.7765,96.82033,6.5,23.0,29.15973
5,healthy,720.7765,6.6078186,5.5,28.5,0.7918545
6,healthy,720.7765,0.8134249,,16.0,0.26939768
7,healthy,720.7765,7.7670364,6.5,24.0,1.0052849
1,healthy,721.6295,3.0637112,15.0,17.0,0.4511649
2,healthy,721.6295,10.993969,32.0,38.5,2.5873282
3,healthy,721.6295,151.62347,,45.0,44.909706
4,healthy,721.6295,122.10623,,47.5,30.356394
5,healthy,721.6295,3.7795093,,32.0,1.1473383
6,healthy,721.6295,0.89911413,,26.5,0.20509075
7,healthy,721.6295,3.1029031,5.0,18.5,0.6068073
1,healthy,722.872,2.1440163,,45.5,0.6065458
3,healthy,722.872,173.91788,38.5,41.0,31.002052
4,healthy,722.872,130.62018,17.5,18.5,15.674322
5,healthy,722.872,3.351654,7.5,19.0,0.6823829
6,healthy,722.872,1.0704246,48.5,49.0,0.27109212
7,healthy,722.872,5.6902432,7.0,17.0,0.697174
1,healthy,723.944,2.5635698,6.0,20.5,0.5548904
2,healthy,723.944,11.192715,5.0,38.0,1.3645531
3,healthy,723.944,6.306162,13.0,32.5,1.1662936
4,healthy,723.944,90.3592,29.5,30.0,19.15469
5,healthy,723.944,2.820912,,45.5,0.6598679
6,healthy,723.944,1.1927015,36.5,37.0,0.22717883
1,healthy,725.026,2.5717494,5.0,31.0,0.42460608
3,healthy,725.026,7.822811,44.5,45.5,2.0233297
4,healthy,725.026,93.596954,,15.5,31.085545
5,healthy,725.026,3.086399,16.5,38.5,0.59047604
6,healthy,725.026,1.1215321,11.0,35.5,0.19503227
7,healthy,725.026,5.349294,,24.0,1.3267219
1,healthy,726.1555,30.251598,5.0,19.5,0.8651635
2,healthy,726.1555,532.7649,5.0,15.0,3.31879
3,healthy,726.1555,673.01245,5.5,18.5,10.942265
4,healthy,726.1555,120.19644,5.0,31.5,19.94436
5,healthy,726.1555,26.000397,5.0,19.5,0.76974756
6,healthy,726.1555,1.195101,41.5,42.5,0.24557365
7,healthy,726.1555,15.6274805,5.0,17.5,1.1442398
1,healthy,728.601,3.180037,22.5,27.5,0.4650541
2,healthy,728.601,16.382177,,36.0,4.508648
3,healthy,728.601,47.867775,,31.0,14.717366
4,healthy,728.601,113.2318,35.5,36.0,19.609625
5,healthy,728.601,2.721239,5.0,23.0,0.55094504
6,healthy,728.601,1.0470335,,40.0,0.27447897
7,healthy,728.601,5.5367584,20.0,28.5,0.71012187
1,healthy,732.662,32.69778,5.0,19.5,1.4482588
2,healthy,732.662,600.31976,5.0,15.0,1.9749908
3,healthy,732.662,1333.6799,10.5,17.0,6.5325127
4,healthy,732.662,113.997314,14.0,15.0,19.131983
5,healthy,732.662,27.863867,5.0,20.0,0.61040807
6,healthy,732.662,1.5334623,15.0,47.5,0.17795563
7,healthy,732.662,16.508154,5.0,34.5,0.9888899
1,healthy,737.321,31.518652,5.0,19.5,0.62649864
2,healthy,737.321,970.76465,5.0,15.0,1.0793118
3,healthy,737.321,811.26086,10.5,19.0,7.4318833
4,healthy,737.321,162.17099,12.0,43.5,20.785995
5,healthy,737.321,26.997766,5.0,20.0,0.38222927
6,healthy,737.321,0.74093336,11.0,35.5,0.23660459
7,healthy,737.321,22.731804,5.0,17.5,0.9475315
1,healthy,742.58,35.892067,5.0,19.5,1.2779918
2,healthy,742.58,1168.9098,5.0,15.0,1.3298038
3,healthy,742.58,1372.038,12.5,19.0,33.467747
4,healthy,742.58,105.45373,,16.0,24.723133
5,healthy,742.58,27.501242,5.0,20.0,0.70110893
6,healthy,742.58,1.1114352,,41.0,0.29352605
7,healthy,742.58,17.933212,5.0,17.5,0.69588065
1,healthy,752.957,33.54162,5.0,20.0,5.4136515
2,healthy,752.957,238.96255,5.0,16.0,1.2495093
3,healthy,752.957,562.3625,6.0,19.5,1.1613128
4,healthy,752.957,94.42018,10.0,41.0,17.81437
5,healthy,752.957,22.928997,5.0,21.0,0.6709499
6,healthy,752.957,1.216986,32.5,32.5,0.245851
7,healthy,752.957,17.301558,5.0,18.5,0.90490454
1,healthy,755.3205,43.72265,5.0,21.0,4.4614
2,healthy,755.3205,393.24115,5.0,16.0,2.2610319
3,healthy,755.3205,195.68558,6.5,18.0,0.99107534
4,healthy,755.3205,86.292946,18.5,18.5,20.512234
5,healthy,755.3205,24.653553,5.0,21.0,0.52577406
6,healthy,755.3205,1.3803344,9.5,17.0,0.20245986
7,healthy,755.3205,17.457558,5.0,19.0,0.9190585
1,healthy,764.7235,43.355026,5.0,21.5,5.207058
2,healthy,764.7235,931.6477,5.0,17.0,2.5405505
3,healthy,764.7235,1120.0862,11.5,21.0,12.664494
4,healthy,764.7235,120.84209,5.0,34.5,23.61713
5,healthy,764.7235,22.19746,5.0,22.0,0.39000323
6,healthy,764.7235,0.9288835,,27.5,0.24424563
7,healthy,764.7235,15.67247,5.0,16.5,1.2590021
1,healthy,770.711,56.03489,8.5,19.0,6.63696
2,healthy,770.711,463.3495,5.0,15.0,2.1593668
3,healthy,770.711,1132.0289,12.0,15.5,33.089108
4,healthy,770.711,135.44159,24.0,24.5,23.030504
5,healthy,770.711,26.310574,5.0,19.5,0.6281578
6,healthy,770.711,1.2050452,29.0,29.0,0.24055223
7,healthy,770.711,14.385164,5.0,17.5,0.44945836
1,healthy,773.818,78.30381,5.0,16.5,5.721908
2,healthy,773.818,632.5199,5.0,16.0,2.0704381
3,healthy,773.818,991.0542,13.0,18.0,9.940793
4,healthy,773.818,156.8418,5.5,15.0,23.934748
5,healthy,773.818,31.521976,5.0,22.0,0.462028
6,healthy,773.818,1.1882265,21.0,21.0,0.21986076
7,healthy,773.818,18.02516,5.0,19.5,1.8769553
1,healthy,779.0375,39.512505,5.0,20.5,4.9314213
2,healthy,779.0375,647.2715,5.0,15.5,2.0815737
3,healthy,779.0375,239.60637,17.0,17.5,44.506897
4,healthy,779.0375,91.60864,13.0,17.0,21.845623
5,healthy,779.0375,24.2053,5.0,21.0,0.57439935
6,healthy,779.0375,1.167691,8.5,45.5,0.27308628
7,healthy,779.0375,16.545286,5.0,18.5,0.98305196
1,healthy,786.886,2.5221527,,40.5,0.7730953
2,healthy,786.886,12.3459015,16.0,17.5,1.8971152
3,healthy,786.886,217.2685,40.0,41.0,30.952244
4,healthy,786.886,22.2616,22.0,27.0,3.8476818
5,healthy,786.886,3.184744,16.5,17.0,0.4244841
6,healthy,786.886,1.3327236,27.0,27.5,0.19530518
1,healthy,864.826,37.798832,5.0,21.5,4.8074713
2,healthy,864.826,81.35559,5.0,20.5,2.7547345
3,healthy,864.826,11.406388,5.0,17.5,2.004157
4,healthy,864.826,12.625454,5.0,22.5,1.0294015
5,healthy,864.826,19.99597,5.0,22.0,0.34099272
6,healthy,864.826,1.0999482,,39.0,0.2334805
7,healthy,864.826,17.548645,5.0,19.5,0.8550369
1,healthy,867.622,41.996796,5.0,37.5,5.42457
2,healthy,867.622,641.52734,5.0,16.0,5.657152
3,healthy,867.622,1003.34656,14.5,18.5,41.62634
4,healthy,867.622,10.750962,5.0,37.5,1.0901883
5,healthy,867.622,20.274635,5.0,22.0,0.34057778
6,healthy,867.622,1.0372698,6.0,19.5,0.23727252
1,healthy,871.508,52.832638,5.0,37.0,4.56522
2,healthy,871.508,1125.2745,5.0,15.5,2.8429925
3,healthy,871.508,1206.7437,16.5,18.0,41.74338
4,healthy,871.508,12.83649,5.0,37.5,1.2291946
5,healthy,871.508,20.866842,5.0,20.5,0.6829061
7,healthy,871.508,21.012358,5.0,18.5,1.5377187
1,healthy,875.2235,39.820618,5.0,21.0,4.0760956
2,healthy,875.2235,669.5206,5.0,16.5,1.8938046
3,healthy,875.2235,374.0318,20.5,20.5,95.73847
4,healthy,875.2235,12.562954,5.0,22.5,0.77706796
5,healthy,875.2235,20.840122,5.0,21.5,0.6129527
6,healthy,875.2235,1.1322261,37.5,38.0,0.24833712
7,healthy,875.2235,20.848434,5.0,19.5,1.7348788
1,healthy,878.9935,43.028347,5.0,20.5,4.1119685
2,healthy,878.9935,1286.6951,5.0,15.5,3.4768536
3,healthy,878.9935,1183.8898,14.0,17.0,82.73243
4,healthy,878.9935,41.66931,5.0,37.5,0.87481886
5,healthy,878.9935,20.143503,5.0,21.0,0.38328424
6,healthy,878.9935,0.9888809,,37.0,0.2283036
7,healthy,878.9935,20.3062,5.0,18.5,1.8160586
1,healthy,881.9365,39.80499,5.0,20.0,4.483091
2,healthy,881.9365,945.3022,5.0,15.0,5.2223434
3,healthy,881.9365,1120.8053,14.5,17.0,43.172768
4,healthy,881.9365,10.290553,5.0,21.0,1.1257927
5,healthy,881.9365,19.547422,5.0,21.0,0.32520673
6,healthy,881.9365,0.78609765,5.5,35.0,0.20899566
7,healthy,881.9365,19.652283,5.0,18.5,1.0141926
1,healthy,884.56,33.02541,5.0,19.0,0.6020873
2,healthy,884.56,493.28775,5.0,16.0,3.9176922
3,healthy,884.56,1007.5742,10.5,15.0,71.350204
4,healthy,884.56,13.748188,5.0,19.5,0.9554776
5,healthy,884.56,19.882038,5.0,19.5,0.32915762
7,healthy,884.56,17.363632,5.0,17.0,0.9983531
1,healthy,888.8475,30.88484,5.0,19.0,1.0231589
2,healthy,888.8475,699.13794,5.0,16.5,5.237785
3,healthy,888.8475,291.0809,5.0,16.0,17.943508
4,healthy,888.8475,16.747515,5.0,19.5,1.4963577
5,healthy,888.8475,19.60574,5.0,19.5,0.37568176
6,healthy,888.8475,1.1630034,,31.0,0.2835644
7,healthy,888.8475,17.388168,6.5,17.0,1.1788236
1,stroke,942.3785,27.365707,12.0,35.5,5.4588895
2,stroke,942.3785,16.119244,36.5,49.0,3.0322545
4,stroke,942.3785,29.65158,13.0,45.0,2.7124605
5,stroke,942.3785,6.079174,5.0,35.0,0.87116516
6,stroke,942.3785,1.0760335,37.5,38.0,0.22937658
1,stroke,943.4025,69.430244,5.0,19.0,7.4122505
2,stroke,943.4025,21.14025,21.0,26.5,2.3942654
3,stroke,943.4025,80.68916,11.5,42.5,6.390448
4,stroke,943.4025,18.179104,13.5,29.5,1.3091813
5,stroke,943.4025,29.723925,5.0,19.0,0.50308955
6,stroke,943.4025,0.6418162,,44.0,0.21008031
7,stroke,943.4025,190.43115,5.0,15.5,2.3587337
1,stroke,949.0025,49.04213,47.5,48.5,7.4192696
2,stroke,949.0025,13.852143,5.0,15.0,3.0148664
3,stroke,949.0025,7.4013214,5.0,20.5,1.1418738
5,stroke,949.0025,2.9016292,13.0,15.0,0.95619786
6,stroke,949.0025,1.0278491,,27.5,0.3381047
7,stroke,949.0025,4.216549,15.0,19.0,0.9628179
1,stroke,950.215,41.458138,29.5,30.0,6.8051195
2,stroke,950.215,14.352356,13.5,44.5,1.717835
4,stroke,950.215,8.755637,34.5,38.0,1.2549117
5,stroke,950.215,3.7525458,27.5,41.5,0.79335845
6,stroke,950.215,1.162073,,22.5,0.2561485
7,stroke,950.215,8.889661,5.0,23.0,1.1968379
1,stroke,951.332,64.59015,48.0,48.5,12.654139
2,stroke,951.332,7.516515,10.0,49.5,2.1221955
3,stroke,951.332,14.176527,19.5,20.5,2.130989
4,stroke,951.332,15.876071,5.0,36.0,2.9643269
5,stroke,951.332,2.612226,5.0,15.0,0.75459844
6,stroke,951.332,1.1739928,,50.0,0.24913846
7,stroke,951.332,10.721969,,44.0,3.1291869
1,stroke,957.4985,38.408577,24.5,24.5,8.02358
5,stroke,957.4985,14.12568,5.0,29.5,0.8013231
6,stroke,957.4985,0.8063301,,29.0,0.21245834
7,stroke,957.4985,32.674168,31.5,32.5,7.1319633
1,stroke,958.5765,19.094524,19.5,19.5,5.097673
2,stroke,958.5765,6.9291553,6.5,16.0,1.7274817
3,stroke,958.5765,13.68654,27.5,45.5,1.7508134
4,stroke,958.5765,7.1802807,31.5,32.0,1.6282122
5,stroke,958.5765,2.9515338,5.0,20.5,0.49875763
6,stroke,958.5765,1.1115466,49.0,49.0,0.2507149
7,stroke,958.5765,5.1900787,25.0,38.5,0.9071093
1,stroke,969.3815,20.363441,,32.0,5.6215305
3,stroke,969.3815,12.928673,,19.5,4.0070252
4,stroke,969.3815,8.805813,,31.5,2.1995451
5,stroke,969.3815,7.6106005,5.0,46.5,0.6101264
6,stroke,969.3815,0.7429083,10.0,40.5,0.17290664
1,stroke,971.3825,21.430927,,29.0,5.3275685
2,stroke,971.3825,8.643492,,37.5,2.1502848
5,stroke,971.3825,5.3379164,5.0,17.0,0.36383444
6,stroke,971.3825,1.1333493,11.0,43.5,0.25588453
7,stroke,971.3825,14.624362,,47.5,4.2097826
1,stroke,979.108,44.599297,5.0,20.0,5.753263
2,stroke,979.108,151.96219,5.0,18.5,3.5577369
3,stroke,979.108,54.6556,5.0,19.0,1.2006488
4,stroke,979.108,18.614605,5.0,20.5,2.8927362
5,stroke,979.108,8.197159,5.0,20.0,0.48971054
6,stroke,979.108,1.030085,,27.5,0.26816478
7,stroke,979.108,21.319763,5.0,18.0,1.1796879
1,stroke,982.216,44.298855,5.0,19.5,2.8488035
2,stroke,982.216,160.91472,5.0,18.5,2.419233
3,stroke,982.216,180.57942,5.0,15.0,3.746477
4,stroke,982.216,18.000462,5.0,19.5,1.7239877
5,stroke,982.216,12.309292,5.0,19.5,0.31089872
6,stroke,982.216,0.9601705,,41.0,0.24888112
7,stroke,982.216,20.989365,7.0,17.5,1.0736029
1,stroke,985.107,37.30797,5.0,19.5,0.8222395
2,stroke,985.107,126.30532,5.0,18.5,2.6919372
3,stroke,985.107,112.85308,5.0,17.0,9.328039
5,stroke,985.107,8.074588,5.0,19.0,0.42299554
6,stroke,985.107,1.0812695,,45.0,0.2921154
7,stroke,985.107,24.098875,5.5,17.5,1.6515876
1,stroke,986.973,3.7784379,9.0,32.0,1.196119
2,stroke,986.973,10.913654,23.5,31.5,2.5322714
4,stroke,986.973,16.960829,6.5,15.0,1.9446483
5,stroke,986.973,7.6773634,13.0,32.0,1.2076548
6,stroke,986.973,1.1500623,27.0,27.0,0.25805065
7,stroke,986.973,11.154272,12.5,17.5,2.7205777
2,stroke,988.384,11.130928,,22.0,2.7074945
4,stroke,988.384,30.33338,46.5,50.0,2.5405133
5,stroke,988.384,2.9676158,31.0,32.0,0.81484133
6,stroke,988.384,0.9420545,,25.5,0.25827634
2,stroke,989.4435,14.264923,15.5,16.0,2.3997097
3,stroke,989.4435,18.81949,7.0,31.0,2.145072
4,stroke,989.4435,44.266586,16.5,21.0,2.6634429
5,stroke,989.4435,2.7857413,5.0,42.0,0.70436954
6,stroke,989.4435,0.9912804,,16.5,0.29160208
1,stroke,990.4615,3.7485325,20.0,31.5,0.82754916
3,stroke,990.4615,9.888983,45.5,46.5,1.8856438
4,stroke,990.4615,50.62732,5.5,15.0,2.640932
5,stroke,990.4615,6.3583956,5.0,45.0,0.7827883
6,stroke,990.4615,1.0194399,,15.0,0.2753617
1,stroke,991.3535,43.961617,5.0,19.5,0.68291
2,stroke,991.3535,150.4187,5.0,18.5,2.3354864
3,stroke,991.3535,45.168613,5.0,18.5,2.4151907
4,stroke,991.3535,22.397139,5.0,22.5,3.826894
5,stroke,991.3535,9.132922,5.0,19.0,0.7284103
6,stroke,991.3535,0.88121694,,38.0,0.2757305
7,stroke,991.3535,21.675663,7.0,17.5,2.5305114
1,stroke,992.558,4.365615,6.0,22.5,0.8271095
2,stroke,992.558,7.765912,5.0,35.0,2.1709704
3,stroke,992.558,11.92328,34.0,41.5,1.4320188
4,stroke,992.558,245.41887,43.0,45.0,8.583728
5,stroke,992.558,4.9991393,29.0,30.0,0.84802836
6,stroke,992.558,1.1752244,5.0,32.0,0.18922168
3,stroke,993.5365,8.623419,10.5,29.5,2.3325553
5,stroke,993.5365,7.400635,5.0,20.0,1.0267669
6,stroke,993.5365,0.994716,10.0,43.0,0.19339591
7,stroke,993.5365,7.3736362,5.0,28.5,1.1264522
1,stroke,994.7285,3.2894626,,37.0,0.8087161
2,stroke,994.7285,12.336107,14.5,15.0,3.1885781
4,stroke,994.7285,19.03711,11.0,20.0,3.7034135
5,stroke,994.7285,4.6367364,43.5,44.0,0.8875109
6,stroke,994.7285,1.4008619,27.5,27.5,0.2738745
7,stroke,994.7285,5.6148205,,49.0,1.8091367
2,stroke,995.619,13.538244,22.0,22.5,2.5580275
4,stroke,995.619,30.112469,22.0,22.5,5.2223687
5,stroke,995.619,5.6450267,22.0,22.5,1.171947
6,stroke,995.619,0.67911196,,43.0,0.22193386
7,stroke,995.619,5.4986777,11.5,21.0,1.394808
1,stroke,996.452,3.686329,5.0,16.0,0.82281184
2,stroke,996.452,20.422047,8.5,15.0,2.679279
4,stroke,996.452,20.311802,,37.0,5.7996836
5,stroke,996.452,4.7242365,31.0,28.0,0.9029658
6,stroke,996.452,0.90110457,,44.5,0.28842023
7,stroke,996.452,2.8846412,42.0,48.5,0.4878977
2,stroke,997.262,9.456209,5.0,35.0,1.4111587
3,stroke,997.262,7.9286304,25.0,45.5,1.8119528
6,stroke,997.262,1.126051,35.5,36.0,0.16851526
7,stroke,997.262,5.1640005,5.0,50.0,0.70496243
2,stroke,998.3735,10.618293,14.0,35.0,2.132258
3,stroke,998.3735,9.1948185,20.0,48.5,1.4560598
4,stroke,998.3735,19.90533,,33.0,5.500157
5,stroke,998.3735,3.1003137,16.5,17.0,0.7052444
6,stroke,998.3735,1.1171424,9.5,28.5,0.20859201
1,stroke,999.307,1.5921432,5.0,50.0,0.45761272
2,stroke,999.307,10.428703,32.5,33.0,1.8869008
6,stroke,999.307,0.8929362,,28.5,0.28640267
7,stroke,999.307,4.652367,5.0,17.5,0.47508842
1,stroke,1000.1655,3.1036408,9.5,19.0,0.8048557
2,stroke,1000.1655,13.774252,31.5,32.0,2.5799804
4,stroke,1000.1655,22.402058,23.0,23.0,4.5731153
5,stroke,1000.1655,6.147732,13.0,15.5,0.8079819
6,stroke,1000.1655,0.8627875,,47.5,0.20820321
7,stroke,1000.1655,7.9331274,37.0,50.0,1.0947068
2,stroke,1000.9835,11.07939,5.0,43.5,2.7569118
5,stroke,1000.9835,5.332225,25.0,25.5,1.3939764
6,stroke,1000.9835,1.1909208,,29.0,0.27570388
7,stroke,1000.9835,3.3006253,6.0,49.0,0.9906586
2,stroke,1001.9485,16.941563,14.5,15.5,2.002688
3,stroke,1001.9485,6.329896,36.0,36.5,1.9098024
4,stroke,1001.9485,52.33359,20.0,22.0,4.0398273
5,stroke,1001.9485,3.6085205,27.5,28.0,0.75199777
6,stroke,1001.9485,1.1748676,,46.0,0.2632812
1,stroke,1002.9055,1.8618925,,27.5,0.5092609
2,stroke,1002.9055,11.865241,,24.0,3.393492
3,stroke,1002.9055,7.349144,14.0,42.5,1.4743391
4,stroke,1002.9055,13.844194,,19.5,3.9188104
5,stroke,1002.9055,3.233644,5.0,23.0,0.8233206
6,stroke,1002.9055,0.8102052,,42.0,0.2593351
7,stroke,1002.9055,3.7435925,5.0,31.5,0.5157623
1,stroke,1003.73,2.5297372,20.5,20.5,0.7095298
2,stroke,1003.73,15.285522,18.0,19.5,2.2533078
3,stroke,1003.73,13.599064,14.0,16.5,2.7782426
5,stroke,1003.73,2.6465855,5.0,18.5,0.64671594
6,stroke,1003.73,0.8442546,,50.0,0.21701945
2,stroke,1004.7495,7.3269167,10.5,37.0,2.2405438
3,stroke,1004.7495,7.860743,5.0,20.5,1.1782302
4,stroke,1004.7495,28.999178,43.0,43.0,6.9670706
5,stroke,1004.7495,4.6752024,26.0,27.0,0.78467613
6,stroke,1004.7495,1.4038823,23.0,24.0,0.21376885
1,stroke,1005.592,4.126773,32.5,50.0,0.67738676
3,stroke,1005.592,9.978874,,36.0,2.1655304
4,stroke,1005.592,21.363756,13.5,16.5,4.0189023
5,stroke,1005.592,4.0448174,5.0,40.0,1.0671129
6,stroke,1005.592,0.84274495,,49.0,0.26686376
7,stroke,1005.592,6.2700977,5.0,15.0,1.0955672
1,stroke,1006.656,2.0520577,,22.5,0.4831889
2,stroke,1006.656,8.820438,10.0,30.5,1.9974638
4,stroke,1006.656,16.407116,33.5,33.5,4.566331
5,stroke,1006.656,2.7660742,5.5,20.0,0.7909029
6,stroke,1006.656,1.1065438,28.0,28.5,0.21786042
2,stroke,1008.2625,15.359568,18.0,29.0,2.5534136
3,stroke,1008.2625,9.123196,,41.0,3.0326161
4,stroke,1008.2625,20.410295,33.0,33.0,3.9460144
5,stroke,1008.2625,6.0539827,30.5,31.5,0.8156826
6,stroke,1008.2625,1.2293429,34.5,35.0,0.20382968
1,stroke,1009.2345,2.9011183,22.5,46.5,0.46051052
2,stroke,1009.2345,10.634772,5.0,36.0,2.241223
4,stroke,1009.2345,28.54751,23.0,24.0,3.9357884
5,stroke,1009.2345,2.857449,5.0,34.5,0.5742066
6,stroke,1009.2345,0.9134773,,36.0,0.21316594
2,stroke,1010.71,5.8245363,,25.5,1.6567454
3,stroke,1010.71,6.250779,6.5,19.0,1.4089794
4,stroke,1010.71,15.075808,40.5,41.0,2.6819222
5,stroke,1010.71,2.3879666,13.5,15.0,0.6140067
6,stroke,1010.71,1.1672481,,21.5,0.29891726
7,stroke,1010.71,3.6520295,,49.0,0.90027934
1,stroke,1012.1965,36.415066,5.0,19.5,0.90273637
2,stroke,1012.1965,144.47089,5.0,18.5,1.9419316
3,stroke,1012.1965,60.500137,5.0,19.0,2.9954934
5,stroke,1012.1965,8.408436,5.0,19.5,0.94763327
6,stroke,1012.1965,1.1064538,49.5,50.0,0.23977357
7,stroke,1012.1965,26.227142,5.0,17.5,0.5171754
1,stroke,1013.1055,2.7813292,10.5,24.5,0.75818175
3,stroke,1013.1055,10.9859295,8.0,48.0,2.1477022
4,stroke,1013.1055,24.18922,46.5,47.0,5.5139785
5,stroke,1013.1055,2.820518,,16.0,0.67784697
6,stroke,1013.1055,1.0576037,50.0,50.0,0.21281296
7,stroke,1013.1055,5.2035832,,15.0,1.353309
1,stroke,1014.633,4.89775,40.5,41.0,0.9811441
2,stroke,1014.633,7.5047913,,41.0,1.6505826
4,stroke,1014.633,26.197437,12.0,15.5,3.2378657
5,stroke,1014.633,4.6926713,5.0,22.0,0.692359
6,stroke,1014.633,0.88975585,,41.5,0.2378915
1,stroke,1016.194,27.08636,,20.0,5.6622834
2,stroke,1016.194,12.627332,10.5,16.0,2.1367548
4,stroke,1016.194,54.990765,15.5,18.5,6.2912736
5,stroke,1016.194,4.245587,,41.0,1.351872
7,stroke,1016.194,3.6970596,,15.0,1.0822902
1,stroke,1017.0785,35.863083,,22.5,9.321418
3,stroke,1017.0785,16.762072,28.0,48.5,1.4351792
4,stroke,1017.0785,20.91892,32.0,32.0,4.927132
5,stroke,1017.0785,2.7895274,,21.5,0.8033236
6,stroke,1017.0785,0.7661115,,20.5,0.24657898
7,stroke,1017.0785,3.640407,46.0,50.0,0.49428096
1,stroke,1017.9725,34.431313,,19.5,7.354589
2,stroke,1017.9725,11.978739,15.0,16.0,1.5409366
3,stroke,1017.9725,6.396495,,38.0,1.5559342
5,stroke,1017.9725,2.8796444,15.0,15.5,0.6105224
6,stroke,1017.9725,0.86858225,18.0,18.0,0.17982055
7,stroke,1017.9725,2.549209,18.0,35.0,0.73015153
1,stroke,1019.4375,27.534819,,39.0,7.4768224
2,stroke,1019.4375,8.869831,6.5,29.0,2.0778081
3,stroke,1019.4375,13.980169,5.0,24.0,1.8123649
4,stroke,1019.4375,31.760372,24.5,25.0,4.9333806
5,stroke,1019.4375,3.6222816,12.0,16.5,0.6330839
6,stroke,1019.4375,1.3476571,40.5,41.5,0.2049828
7,stroke,1019.4375,2.8508973,5.0,38.0,0.62390625
2,stroke,1020.288,11.739009,14.5,23.0,2.4217577
3,stroke,1020.288,7.2815304,7.5,15.5,1.7264949
5,stroke,1020.288,4.340315,16.0,16.5,0.7914593
6,stroke,1020.288,1.0403912,,44.5,0.2779895
1,stroke,1021.1175,31.312313,21.5,22.0,7.0099783
2,stroke,1021.1175,10.515988,38.5,39.0,2.4248083
3,stroke,1021.1175,39.913418,7.5,17.5,4.637144
5,stroke,1021.1175,4.642449,31.0,32.0,0.9194168
6,stroke,1021.1175,1.1917439,48.0,48.0,0.2849578
1,stroke,1022.051,30.566853,45.5,46.0,4.678248
2,stroke,1022.051,7.009804,5.5,29.5,1.7828344
3,stroke,1022.051,7.1046734,31.0,41.5,1.3413279
4,stroke,1022.051,18.136421,,35.5,4.5391707
5,stroke,1022.051,3.766198,34.5,39.0,0.691562
6,stroke,1022.051,1.0812505,7.5,32.0,0.23713511
7,stroke,1022.051,2.886666,11.5,19.0,0.7299664
1,stroke,1022.8565,35.778,,21.5,9.420044
2,stroke,1022.8565,6.854217,10.0,27.0,1.2165517
3,stroke,1022.8565,10.701246,5.0,47.5,1.2330569
6,stroke,1022.8565,0.91010654,,47.0,0.2705203
1,stroke,1023.887,53.006954,37.0,40.5,6.5786867
2,stroke,1023.887,10.452196,29.5,32.5,1.8470061
3,stroke,1023.887,16.496262,22.0,23.0,1.8976631
4,stroke,1023.887,13.9884405,,16.0,4.1597714
5,stroke,1023.887,5.687235,18.5,20.0,0.84302586
6,stroke,1023.887,1.0710013,,50.0,0.25459608
1,stroke,1024.8195,39.50021,5.0,19.5,7.329321
2,stroke,1024.8195,379.78806,5.0,17.0,1.7028426
3,stroke,1024.8195,79.44745,5.0,16.0,10.300892
4,stroke,1024.8195,34.54855,5.0,38.0,3.479275
5,stroke,1024.8195,9.9148855,5.0,19.0,0.5550446
6,stroke,1024.8195,1.1706291,18.0,18.0,0.23339102
7,stroke,1024.8195,15.46805,6.5,17.0,1.524585
1,stroke,1025.782,41.70923,45.0,45.5,6.867591
2,stroke,1025.782,9.433424,5.0,32.0,1.7151496
3,stroke,1025.782,47.24128,17.0,40.0,5.475212
4,stroke,1025.782,20.069525,,34.5,5.361452
5,stroke,1025.782,3.6340046,24.5,24.5,1.0219455
6,stroke,1025.782,1.0070007,,32.0,0.3340808
7,stroke,1025.782,3.0468256,5.5,43.0,0.6990425
1,stroke,1026.6105,64.06589,20.0,46.0,6.8139095
3,stroke,1026.6105,132.11208,30.5,32.0,12.0128355
4,stroke,1026.6105,317.44437,44.5,47.0,8.503775
5,stroke,1026.6105,13.222588,15.5,42.5,1.5510033
6,stroke,1026.6105,1.1631196,,40.0,0.27907667
7,stroke,1026.6105,50.478447,5.0,16.5,8.386073
1,stroke,1027.423,36.23842,34.5,35.0,7.122414
2,stroke,1027.423,6.1002455,,25.5,2.0200143
3,stroke,1027.423,73.05798,13.5,17.0,9.519499
4,stroke,1027.423,46.334347,,21.0,14.736778
5,stroke,1027.423,7.3919716,,44.5,1.7338109
7,stroke,1027.423,13.204538,5.0,44.0,3.3368893
1,stroke,1028.341,24.31158,,34.5,7.1064134
2,stroke,1028.341,8.522165,5.0,20.5,2.328668
4,stroke,1028.341,19.727518,,32.5,4.9754543
5,stroke,1028.341,3.0012195,,39.0,0.976279
6,stroke,1028.341,1.0363181,,21.0,0.2605284
1,stroke,1029.3185,25.869225,18.5,18.5,6.2937927
2,stroke,1029.3185,8.053509,17.5,41.5,1.8287711
4,stroke,1029.3185,57.087257,35.5,36.0,7.8610997
5,stroke,1029.3185,3.1597095,5.0,32.5,0.7895221
6,stroke,1029.3185,1.0228744,,22.5,0.26633912
7,stroke,1029.3185,14.370357,23.0,48.5,1.5601711
1,stroke,1030.162,19.193916,42.0,43.0,2.942687
3,stroke,1030.162,52.00406,5.0,15.5,7.1736774
4,stroke,1030.162,72.56741,32.5,36.0,7.4346056
5,stroke,1030.162,5.9699664,5.0,44.5,1.440983
6,stroke,1030.162,1.3476447,8.5,30.0,0.16210537
7,stroke,1030.162,3.9290462,37.5,41.5,0.5311383
1,stroke,1031.0125,40.712135,20.5,24.5,5.185863
2,stroke,1031.0125,6.8414826,5.0,23.5,1.7936137
3,stroke,1031.0125,118.53327,31.5,34.5,12.55585
4,stroke,1031.0125,67.42348,24.5,24.5,11.487247
5,stroke,1031.0125,6.6757445,14.5,15.0,1.3600463
6,stroke,1031.0125,0.77639,,45.5,0.23772214
7,stroke,1031.0125,7.728776,,45.0,2.1127582
1,stroke,1031.91,41.571823,19.0,19.5,7.2669983
2,stroke,1031.91,9.228411,5.0,19.5,2.405016
3,stroke,1031.91,147.9699,35.0,38.5,11.91903
4,stroke,1031.91,73.31383,34.5,35.0,10.890329
5,stroke,1031.91,5.120725,,21.5,1.2642348
6,stroke,1031.91,0.7707643,,20.5,0.2523073
7,stroke,1031.91,4.7145753,28.5,29.5,0.9327481
1,stroke,1032.721,46.11342,10.0,43.5,8.462428
2,stroke,1032.721,6.612651,47.5,47.5,1.8317612
3,stroke,1032.721,76.11435,,47.0,19.991207
4,stroke,1032.721,64.533356,44.0,47.0,8.375199
5,stroke,1032.721,7.5931616,20.0,21.0,0.98368454
6,stroke,1032.721,0.86073506,,50.0,0.24769755
1,stroke,1033.632,23.068329,6.0,40.0,7.351985
3,stroke,1033.632,13.215718,5.0,33.5,2.6590662
4,stroke,1033.632,68.23215,36.5,39.5,9.378398
5,stroke,1033.632,4.9537873,7.0,39.5,0.900682
6,stroke,1033.632,1.2657622,10.5,46.0,0.18801184
1,stroke,1034.4685,25.366348,,29.0,7.4961076
4,stroke,1034.4685,54.739555,10.0,25.5,11.112336
5,stroke,1034.4685,4.833879,,22.5,1.2231805
6,stroke,1034.4685,1.1682279,,47.0,0.26471087
1,stroke,1035.3135,41.01323,43.5,44.0,8.517846
4,stroke,1035.3135,56.216984,22.5,23.0,7.901248
5,stroke,1035.3135,7.104313,17.0,18.0,1.1021948
6,stroke,1035.3135,1.0757804,,35.0,0.35110062
1,stroke,1036.211,43.31627,48.0,48.5,7.523052
2,stroke,1036.211,11.883278,48.0,49.0,3.6530702
4,stroke,1036.211,51.14872,,32.5,14.986679
5,stroke,1036.211,5.7991257,5.0,35.5,1.2563765
6,stroke,1036.211,1.0166113,12.0,20.0,0.25961792
1,stroke,1037.068,42.541992,47.5,48.0,9.024667
2,stroke,1037.068,8.200422,,38.5,2.146556
3,stroke,1037.068,8.338481,33.5,39.5,2.2006836
5,stroke,1037.068,5.603654,45.0,45.5,1.0028921
6,stroke,1037.068,1.3587008,33.5,34.0,0.28612393
7,stroke,1037.068,3.2660308,,33.0,1.0209748
1,stroke,1037.9095,41.117447,,30.0,9.196774
2,stroke,1037.9095,8.020704,,21.5,2.486597
4,stroke,1037.9095,67.5466,32.0,32.5,10.343726
5,stroke,1037.9095,4.9083853,,34.0,1.0628923
6,stroke,1037.9095,0.8513812,,35.0,0.24633715
7,stroke,1037.9095,2.7243056,5.0,26.0,0.4533366
1,stroke,1038.78,46.097275,20.0,22.5,7.854195
2,stroke,1038.78,10.435529,7.0,47.5,1.8394136
4,stroke,1038.78,70.157,33.5,34.0,12.22025
5,stroke,1038.78,4.741049,,28.5,1.5212578
6,stroke,1038.78,1.050418,26.0,26.0,0.22875485
7,stroke,1038.78,2.8344383,9.0,35.5,0.6567258
1,stroke,1039.611,43.333786,6.0,33.5,6.703355
2,stroke,1039.611,11.686909,8.0,35.0,2.5756423
4,stroke,1039.611,74.50783,42.0,42.5,12.699257
5,stroke,1039.611,6.3408976,31.5,32.5,1.186888
6,stroke,1039.611,1.3232665,46.5,47.0,0.23987529
7,stroke,1039.611,4.3801203,5.0,40.5,0.6733876
1,stroke,1040.535,29.37442,31.5,32.0,5.319183
2,stroke,1040.535,17.272081,6.0,19.0,1.2657917
3,stroke,1040.535,5.828025,5.0,44.5,1.6723963
5,stroke,1040.535,3.8376973,,41.5,1.0293305
6,stroke,1040.535,1.2111382,49.5,50.0,0.28239274
7,stroke,1040.535,4.059333,20.5,28.0,0.7998287
1,stroke,1041.464,28.469841,39.5,39.5,6.312355
2,stroke,1041.464,6.4602327,5.0,44.0,1.0553081
3,stroke,1041.464,9.713463,14.0,25.5,2.5466695
4,stroke,1041.464,22.029709,5.5,23.0,5.350309
5,stroke,1041.464,6.190684,35.5,35.5,1.2644274
6,stroke,1041.464,1.1118292,,20.5,0.26192755
1,stroke,1042.436,38.479126,15.5,15.5,7.265232
3,stroke,1042.436,13.463305,8.5,22.5,1.4688541
4,stroke,1042.436,80.61503,31.5,32.5,9.180847
5,stroke,1042.436,5.2329135,13.0,30.0,0.97212774
6,stroke,1042.436,0.7513155,,23.0,0.24162771
1,stroke,1043.989,92.80176,25.0,48.5,17.52839
2,stroke,1043.989,8.231726,28.0,40.5,1.4542602
3,stroke,1043.989,13.453221,40.0,46.5,2.177835
4,stroke,1043.989,67.030334,24.0,24.5,10.416569
5,stroke,1043.989,9.7764845,20.5,22.0,1.0153713
6,stroke,1043.989,1.0571566,,25.0,0.2767383
7,stroke,1043.989,24.210701,18.0,40.0,2.0686274
1,stroke,1044.8735,53.987705,8.5,20.5,13.87797
2,stroke,1044.8735,490.4663,5.0,18.5,1.765676
3,stroke,1044.8735,149.77191,5.0,16.0,2.2068954
4,stroke,1044.8735,78.26046,7.0,21.0,8.831989
5,stroke,1044.8735,20.467861,5.0,20.5,1.010471
6,stroke,1044.8735,1.3043687,30.0,30.5,0.21177195
7,stroke,1044.8735,13.166393,5.0,18.5,0.6902454
1,stroke,1045.72,40.76862,33.5,34.0,6.1438026
2,stroke,1045.72,6.7552223,16.5,17.0,1.3168851
4,stroke,1045.72,15.485754,9.0,29.5,4.132365
5,stroke,1045.72,2.8884463,22.0,22.5,0.5793857
1,stroke,1046.7975,27.09866,19.0,19.5,5.789558
2,stroke,1046.7975,19.759705,22.0,31.5,1.8480664
3,stroke,1046.7975,9.582735,13.0,22.0,2.7626674
4,stroke,1046.7975,50.319893,30.0,30.0,10.985296
5,stroke,1046.7975,4.1849957,22.5,30.0,0.7855748
6,stroke,1046.7975,1.0067501,,17.5,0.26928347
7,stroke,1046.7975,4.646579,5.0,30.5,0.5398933
1,stroke,1048.09,38.194458,31.5,31.5,7.6850843
3,stroke,1048.09,10.675514,21.0,21.5,2.3529193
4,stroke,1048.09,44.576607,50.0,50.0,8.76735
5,stroke,1048.09,3.6924014,42.0,42.5,0.8835697
6,stroke,1048.09,1.2155153,27.0,27.0,0.27787736
7,stroke,1048.09,5.6267977,30.0,34.0,1.0411979
1,stroke,1048.953,42.19635,34.0,35.0,7.5411305
2,stroke,1048.953,10.226188,5.0,15.0,2.7729714
4,stroke,1048.953,44.51171,41.0,41.0,11.560906
5,stroke,1048.953,3.150023,,21.5,0.9142085
6,stroke,1048.953,0.8923756,6.0,21.5,0.20471303
1,stroke,1049.761,40.101948,8.5,25.5,8.180541
2,stroke,1049.761,335.2177,6.0,25.0,6.912885
3,stroke,1049.761,48.52205,8.0,39.5,2.213959
4,stroke,1049.761,55.05249,5.0,40.0,7.9715705
5,stroke,1049.761,14.808145,5.0,26.5,0.85848945
7,stroke,1049.761,8.390503,6.5,25.5,1.2024596
1,stroke,1050.67,43.510296,18.0,18.5,6.919689
2,stroke,1050.67,11.750441,8.5,15.5,3.2328608
3,stroke,1050.67,9.346146,18.5,19.0,2.077987
4,stroke,1050.67,65.36319,,35.0,15.228188
5,stroke,1050.67,2.907611,23.5,24.0,0.76368314
6,stroke,1050.67,1.3034871,,15.5,0.29782662
1,stroke,1051.762,30.744919,30.0,31.0,5.0093694
2,stroke,1051.762,17.620802,16.0,33.0,2.391028
3,stroke,1051.762,17.587442,5.0,31.0,2.2899797
4,stroke,1051.762,64.814224,19.5,39.0,8.997634
5,stroke,1051.762,5.388689,18.5,19.0,1.0081742
6,stroke,1051.762,1.0153043,,31.5,0.32534382
7,stroke,1051.762,4.2921915,21.0,29.0,1.3250276
1,stroke,1052.713,50.07228,5.0,20.0,5.277471
2,stroke,1052.713,540.67004,5.0,18.0,2.1844087
3,stroke,1052.713,55.71701,5.0,19.0,9.233707
4,stroke,1052.713,51.943058,19.5,20.5,11.430209
5,stroke,1052.713,10.096103,5.0,20.5,1.0965538
6,stroke,1052.713,1.1099195,,27.0,0.23092704
1,stroke,1053.71,25.006824,,48.0,7.595776
2,stroke,1053.71,12.732799,12.5,29.0,2.2392223
3,stroke,1053.71,9.984404,33.5,48.5,1.7532201
4,stroke,1053.71,50.45608,33.5,36.5,9.150901
5,stroke,1053.71,4.543159,43.0,43.0,0.91323
6,stroke,1053.71,1.0210936,42.5,42.5,0.20397356
7,stroke,1053.71,10.803864,5.0,50.0,1.1590669
1,stroke,1054.836,25.802242,,44.0,5.865069
3,stroke,1054.836,362.89636,43.0,46.5,40.356647
4,stroke,1054.836,21.500557,16.0,16.5,3.4652529
5,stroke,1054.836,2.8612804,,35.0,0.79655564
6,stroke,1054.836,1.439611,22.0,22.5,0.22102654
7,stroke,1054.836,5.055884,5.0,32.5,0.6974704
1,stroke,1055.8725,26.082005,42.0,42.5,4.8653235
2,stroke,1055.8725,14.900108,10.5,30.5,1.4659145
3,stroke,1055.8725,183.5859,20.5,21.0,33.465332
4,stroke,1055.8725,57.311367,8.5,45.5,4.268758
5,stroke,1055.8725,3.579199,46.5,47.5,0.63659185
6,stroke,1055.8725,0.99707884,45.5,45.5,0.22400786
1,stroke,1056.9075,45.521637,5.0,19.5,5.1938167
2,stroke,1056.9075,561.83636,5.0,17.5,2.4180942
3,stroke,1056.9075,103.00529,11.0,15.0,28.141844
4,stroke,1056.9075,45.639328,22.0,22.5,8.74817
5,stroke,1056.9075,10.647645,5.0,19.0,0.7553184
6,stroke,1056.9075,0.8047746,,27.0,0.25445765
7,stroke,1056.9075,13.934185,7.0,17.0,1.0793079
1,stroke,1057.9075,26.012096,30.5,34.0,1.8345292
3,stroke,1057.9075,37.288853,9.5,36.0,3.1080532
4,stroke,1057.9075,17.099545,10.5,46.0,4.138459
5,stroke,1057.9075,4.117339,20.5,21.5,0.8684864
6,stroke,1057.9075,1.270118,24.0,41.5,0.24236871
7,stroke,1057.9075,7.943607,18.5,22.5,1.5110154
1,stroke,1058.8675,5.8823357,35.5,41.0,1.352032
2,stroke,1058.8675,11.316347,,43.0,2.5665367
4,stroke,1058.8675,74.08934,25.5,28.5,10.353564
5,stroke,1058.8675,4.6726103,20.5,50.0,0.75936455
6,stroke,1058.8675,1.2543778,32.5,33.0,0.20644134
7,stroke,1058.8675,4.590083,5.0,37.5,0.4728793
1,stroke,1059.6775,39.81393,5.0,20.0,1.0008366
2,stroke,1059.6775,489.0668,5.0,18.0,2.7556505
3,stroke,1059.6775,298.80664,10.5,15.5,26.876837
4,stroke,1059.6775,50.678303,,29.5,16.06138
5,stroke,1059.6775,12.8862,5.0,20.0,1.0400648
6,stroke,1059.6775,0.84673214,8.5,49.5,0.26854014
7,stroke,1059.6775,13.82,7.5,21.0,1.8968947
1,stroke,1062.093,42.12071,5.0,19.5,1.1819091
2,stroke,1062.093,475.49237,5.0,17.5,2.2609286
3,stroke,1062.093,237.3642,10.0,15.0,19.400719
4,stroke,1062.093,75.65977,19.5,20.0,12.314182
5,stroke,1062.093,9.91962,5.0,20.0,0.70139444
6,stroke,1062.093,1.0663149,,17.0,0.2765222
7,stroke,1062.093,16.77518,6.5,17.5,1.5465001
2,stroke,1063.232,13.560766,30.0,45.0,2.4010673
3,stroke,1063.232,129.38583,9.5,36.0,17.5038
4,stroke,1063.232,64.21631,23.5,24.0,9.589822
5,stroke,1063.232,4.0155625,,38.0,1.1785011
6,stroke,1063.232,1.30675,33.5,34.0,0.22148329
1,stroke,1064.127,5.217888,45.0,45.5,1.123559
2,stroke,1064.127,9.433306,39.0,43.5,2.5265005
3,stroke,1064.127,134.09605,15.5,15.5,33.010567
4,stroke,1064.127,75.74011,15.5,16.0,13.938433
5,stroke,1064.127,6.5359874,47.0,48.0,1.0158027
6,stroke,1064.127,0.92052215,,23.5,0.2932258
1,stroke,1065.395,4.5780497,,46.0,1.2215964
2,stroke,1065.395,9.296313,,19.5,2.67204
3,stroke,1065.395,559.26715,14.0,18.0,42.647736
4,stroke,1065.395,33.064873,5.0,48.5,9.856681
5,stroke,1065.395,3.7416017,29.5,30.0,0.84700125
1,stroke,1066.306,43.323105,5.0,20.0,0.78512686
2,stroke,1066.306,543.8648,5.0,17.5,3.5094454
3,stroke,1066.306,224.6577,11.5,15.0,34.09894
4,stroke,1066.306,61.427242,17.5,17.5,12.1167145
5,stroke,1066.306,10.293494,5.0,20.5,1.0296626
6,stroke,1066.306,1.0637953,34.5,39.0,0.20326287
7,stroke,1066.306,16.146013,6.5,17.5,1.0541109
4,stroke,1067.4655,70.69658,32.0,32.5,9.008564
5,stroke,1067.4655,2.748148,,39.0,0.76449305
1,stroke,1068.266,4.514771,7.5,49.0,0.8412951
2,stroke,1068.266,9.049797,19.5,46.5,1.827865
3,stroke,1068.266,387.02353,44.5,48.5,22.21867
4,stroke,1068.266,82.393776,,38.5,26.496511
5,stroke,1068.266,12.57645,,38.5,4.006519
6,stroke,1068.266,1.2633221,12.5,41.5,0.15752415
1,stroke,1069.1145,5.625562,23.0,24.0,1.3706281
2,stroke,1069.1145,19.123901,11.5,22.0,3.7476864
3,stroke,1069.1145,261.4577,,15.0,73.592926
4,stroke,1069.1145,127.37599,34.0,35.0,13.271278
5,stroke,1069.1145,7.593605,35.0,36.0,1.3537486
7,stroke,1069.1145,19.016539,5.0,19.5,3.0579278
1,stroke,1069.963,5.7413034,46.0,46.5,1.0572922
2,stroke,1069.963,34.615044,,27.5,10.6765585
3,stroke,1069.963,536.7438,46.0,46.5,108.83978
5,stroke,1069.963,8.765638,5.0,49.5,1.2984408
6,stroke,1069.963,1.2544959,,45.5,0.30441135
7,stroke,1069.963,69.105705,29.0,35.5,6.9205303
1,stroke,1070.774,5.4365826,27.5,28.0,1.0594281
2,stroke,1070.774,72.90932,5.0,46.0,6.3190618
3,stroke,1070.774,449.9431,6.5,42.5,89.96826
6,stroke,1070.774,1.0369062,26.0,26.0,0.2547407
7,stroke,1070.774,24.065853,,25.5,6.608333
1,stroke,1071.5785,7.3022594,36.0,37.0,1.4631147
3,stroke,1071.5785,784.93146,37.0,37.5,158.94917
6,stroke,1071.5785,1.0629656,,41.0,0.23579909
1,stroke,1072.401,3.7118206,5.0,28.5,0.97606164
3,stroke,1072.401,553.1589,42.5,43.0,106.524765
5,stroke,1072.401,6.013133,30.0,48.5,1.4273875
6,stroke,1072.401,1.1273531,,38.5,0.29591435
7,stroke,1072.401,54.41781,11.0,38.5,6.349264
1,stroke,1073.2435,3.4415617,5.0,36.0,0.6431744
2,stroke,1073.2435,20.223148,6.5,35.5,3.252059
4,stroke,1073.2435,45.386528,37.5,38.0,8.005344
5,stroke,1073.2435,5.1966105,5.0,35.5,0.9437606
6,stroke,1073.2435,1.4656814,16.0,37.5,0.20413058
1,stroke,1074.054,5.6055965,34.0,39.0,0.8703238
2,stroke,1074.054,27.713028,11.0,46.0,4.4590626
3,stroke,1074.054,765.82385,17.0,17.5,107.04595
4,stroke,1074.054,40.64142,,22.0,12.930525
5,stroke,1074.054,5.504651,47.0,47.0,1.1330832
6,stroke,1074.054,0.89785725,8.0,43.5,0.205915
7,stroke,1074.054,49.859924,42.0,43.0,4.5645022
1,stroke,1074.8585,3.6251404,,16.0,1.1351626
2,stroke,1074.8585,22.472027,,31.0,5.506074
4,stroke,1074.8585,64.764595,23.5,24.0,10.134773
5,stroke,1074.8585,5.9148855,8.5,43.5,1.1310192
6,stroke,1074.8585,1.1552305,,35.0,0.31322503
7,stroke,1074.8585,66.94879,47.0,47.0,12.965144
1,stroke,1075.666,3.8606486,46.0,46.5,0.8734631
2,stroke,1075.666,13.817698,,50.0,4.1819906
3,stroke,1075.666,578.9535,25.5,26.0,90.386024
4,stroke,1075.666,72.72283,,46.0,20.102676
5,stroke,1075.666,7.1272006,20.0,20.0,1.6994317
6,stroke,1075.666,0.69919395,,18.5,0.21572015
7,stroke,1075.666,73.415115,7.5,20.5,3.3256044
1,stroke,1076.4835,3.1042209,,38.5,0.9431705
3,stroke,1076.4835,442.18396,28.0,28.5,80.71353
4,stroke,1076.4835,68.31256,5.0,16.0,11.699453
5,stroke,1076.4835,5.944483,7.0,26.0,0.98351413
6,stroke,1076.4835,0.92354,,29.5,0.2711779
1,stroke,1077.3235,3.8178818,5.0,49.0,0.6450326
2,stroke,1077.3235,15.910099,40.0,40.0,3.585524
3,stroke,1077.3235,573.96313,7.0,25.5,179.41852
5,stroke,1077.3235,9.536033,30.5,31.0,1.6667101
7,stroke,1077.3235,62.63054,8.0,27.0,4.6246076
1,stroke,1078.1335,4.2711225,5.0,19.5,0.47639316
2,stroke,1078.1335,20.669884,5.5,18.5,4.648198
3,stroke,1078.1335,1123.9958,24.0,24.0,282.19016
4,stroke,1078.1335,106.96153,23.0,23.5,14.228721
5,stroke,1078.1335,7.7203197,12.0,15.0,1.8482829
6,stroke,1078.1335,1.244702,31.0,31.5,0.28522834
7,stroke,1078.1335,71.61569,39.0,39.5,10.339064
1,stroke,1078.9355,5.786637,38.0,50.0,0.7654996
2,stroke,1078.9355,21.560028,15.0,36.5,2.752552
3,stroke,1078.9355,400.1339,28.5,43.5,24.057283
4,stroke,1078.9355,72.821434,10.0,26.0,9.419772
5,stroke,1078.9355,9.0568905,,37.5,2.116334
6,stroke,1078.9355,1.3350917,28.5,29.0,0.2555406
7,stroke,1078.9355,48.568367,13.0,16.0,9.063448
1,stroke,1079.736,2.4737473,7.0,22.0,0.61051804
2,stroke,1079.736,19.495827,18.0,19.0,4.4494014
4,stroke,1079.736,74.380714,10.0,19.0,15.201256
5,stroke,1079.736,13.23927,,37.5,3.3576338
6,stroke,1079.736,1.239572,36.0,36.5,0.2342732
1,stroke,1080.5365,2.4469676,15.5,48.0,0.73074317
2,stroke,1080.5365,17.6483,,49.5,4.8971004
3,stroke,1080.5365,388.83075,,40.0,100.28301
4,stroke,1080.5365,78.32916,11.5,45.0,14.834935
5,stroke,1080.5365,7.272448,45.0,45.5,1.4511514
6,stroke,1080.5365,1.0568495,,33.5,0.3449453
7,stroke,1080.5365,72.50955,24.0,24.5,8.92197
1,stroke,1081.34,2.9944189,10.5,29.5,0.57044315
2,stroke,1081.34,39.38381,31.0,31.5,6.549594
3,stroke,1081.34,282.0691,49.0,49.5,67.66245
4,stroke,1081.34,44.39534,6.0,42.5,12.880005
5,stroke,1081.34,7.9078474,,26.5,2.5295496
6,stroke,1081.34,0.93912864,,33.5,0.29895982
1,stroke,1082.1445,5.958199,17.5,47.0,0.7601359
2,stroke,1082.1445,30.417442,24.5,25.0,5.667608
3,stroke,1082.1445,657.37244,6.0,22.0,81.24642
4,stroke,1082.1445,52.6403,5.0,47.0,11.696709
5,stroke,1082.1445,6.78858,49.5,49.5,1.4496287
6,stroke,1082.1445,1.0105138,,48.5,0.22006087
1,stroke,1082.9675,4.437496,40.5,41.0,1.1328069
2,stroke,1082.9675,25.539074,9.5,37.5,7.692591
3,stroke,1082.9675,334.66812,,42.5,98.89841
4,stroke,1082.9675,62.650375,41.0,42.0,10.855251
5,stroke,1082.9675,5.883131,,15.0,1.5431867
6,stroke,1082.9675,1.4322844,16.0,17.0,0.21655485
7,stroke,1082.9675,73.77313,38.5,39.0,13.328772
1,stroke,1083.7705,93.716675,11.0,49.0,0.5450398
2,stroke,1083.7705,1590.6461,12.0,47.5,4.4396763
4,stroke,1083.7705,76.84569,45.5,46.5,12.978515
5,stroke,1083.7705,23.745033,46.5,48.5,1.9919581
6,stroke,1083.7705,1.4515381,21.0,43.0,0.21290702
7,stroke,1083.7705,66.17174,19.5,19.5,9.747886
5,stroke,1084.5725,6.5458517,,33.5,1.709303
6,stroke,1084.5725,1.0789312,9.0,45.0,0.25678632
7,stroke,1084.5725,53.889397,44.5,45.0,9.808443
1,stroke,1085.3805,6.634163,15.5,16.0,1.298307
2,stroke,1085.3805,18.051315,17.5,42.5,3.9491842
3,stroke,1085.3805,329.739,41.0,41.5,50.635742
4,stroke,1085.3805,62.403984,,32.5,14.386534
5,stroke,1085.3805,8.434107,25.5,26.0,2.5805516
6,stroke,1085.3805,0.98170537,9.0,32.5,0.20353876
7,stroke,1085.3805,72.960495,33.0,34.0,8.252082
2,stroke,1086.2015,26.427877,33.5,42.5,4.8641524
3,stroke,1086.2015,665.0884,,27.0,182.36705
4,stroke,1086.2015,75.51726,33.0,33.5,13.333155
5,stroke,1086.2015,4.639678,5.0,21.5,1.3636796
6,stroke,1086.2015,1.0168998,42.5,42.5,0.1880063
7,stroke,1086.2015,57.6517,47.5,47.5,9.895128
2,stroke,1087.035,39.15261,27.0,27.0,8.340423
3,stroke,1087.035,325.02777,,37.0,105.94332
5,stroke,1087.035,4.4203997,20.0,20.5,1.035529
6,stroke,1087.035,0.81451654,5.0,38.5,0.21324569
7,stroke,1087.035,70.08073,22.5,33.0,4.563533
2,stroke,1087.8445,35.872974,17.5,44.0,6.775903
3,stroke,1087.8445,527.45105,23.5,24.0,106.19754
4,stroke,1087.8445,60.244743,,25.5,14.670405
7,stroke,1087.8445,81.31392,33.5,34.0,12.927605
1,stroke,1088.6505,4.4413357,5.0,37.5,0.94817406
2,stroke,1088.6505,21.659172,,19.0,6.9915624
3,stroke,1088.6505,416.08084,,43.5,120.98079
5,stroke,1088.6505,6.7912664,37.0,37.5,1.4033611
6,stroke,1088.6505,1.1932981,38.5,38.5,0.234905
7,stroke,1088.6505,97.664246,23.0,35.5,10.5220995
3,stroke,1089.4935,430.3999,20.5,22.5,77.05474
4,stroke,1089.4935,55.34623,,17.0,13.533026
5,stroke,1089.4935,3.6648426,7.5,46.5,0.93974394
6,stroke,1089.4935,0.9284295,,46.0,0.21528202
7,stroke,1089.4935,84.141464,18.0,18.5,14.100636
1,stroke,1090.31,4.406612,,27.0,1.2057924
2,stroke,1090.31,22.784807,27.5,27.5,6.5038786
3,stroke,1090.31,282.35736,5.0,32.0,90.7769
4,stroke,1090.31,101.02914,38.5,39.0,11.071343
5,stroke,1090.31,3.6929226,,22.5,0.965538
1,stroke,1091.253,3.273445,49.0,50.0,0.7190704
2,stroke,1091.253,19.0624,5.0,15.0,2.8473222
3,stroke,1091.253,328.94397,5.5,43.5,9.099409
4,stroke,1091.253,67.960625,32.0,32.5,9.1571245
5,stroke,1091.253,4.574049,48.0,48.5,0.86701715
6,stroke,1091.253,1.0287981,,27.0,0.301755
7,stroke,1091.253,20.985172,7.5,15.0,2.5069225
1,stroke,1092.085,4.030197,5.0,42.0,0.57578695
2,stroke,1092.085,13.660366,,46.0,4.055757
3,stroke,1092.085,353.46017,43.0,43.5,50.72247
5,stroke,1092.085,8.660758,15.5,16.0,1.6468979
6,stroke,1092.085,1.3105671,21.0,21.0,0.23914729
7,stroke,1092.085,59.11826,6.5,19.0,5.2177052
2,stroke,1092.887,30.621181,47.0,48.0,4.0356183
3,stroke,1092.887,506.7498,8.5,49.0,59.777046
4,stroke,1092.887,266.98297,23.0,25.5,50.624523
6,stroke,1092.887,0.95690477,,38.5,0.27021566
7,stroke,1092.887,96.74153,31.0,34.0,11.698622
2,stroke,1093.7255,17.855453,,22.5,5.473948
4,stroke,1093.7255,157.7517,,39.0,43.56603
5,stroke,1093.7255,4.804478,,15.0,1.1697131
6,stroke,1093.7255,0.92263174,,39.5,0.2933658
7,stroke,1093.7255,61.112827,6.0,48.5,4.806804
1,stroke,1094.557,3.112828,34.0,35.5,0.93957084
4,stroke,1094.557,201.87253,6.0,34.0,48.535194
5,stroke,1094.557,5.19678,14.5,15.5,1.1720586
6,stroke,1094.557,0.94121164,,29.0,0.28473806
7,stroke,1094.557,73.95051,22.0,30.5,4.1182475
2,stroke,1095.3615,22.36402,16.5,49.5,4.526464
3,stroke,1095.3615,372.89087,39.0,42.0,49.321358
4,stroke,1095.3615,234.55843,8.5,35.5,42.104115
5,stroke,1095.3615,8.825997,32.5,32.5,2.4472961
6,stroke,1095.3615,1.1059074,24.5,44.0,0.19790784
1,stroke,1096.164,3.8450134,16.0,28.0,0.918846
2,stroke,1096.164,31.907036,35.5,36.5,4.8131285
3,stroke,1096.164,394.0086,23.0,23.0,77.53974
4,stroke,1096.164,269.70038,18.0,18.5,50.093937
5,stroke,1096.164,4.5288353,,23.5,1.4782906
6,stroke,1096.164,0.9905784,,45.0,0.24719942
7,stroke,1096.164,60.85935,7.0,22.5,1.8529274
1,stroke,1097.009,5.652368,8.0,42.5,0.9232397
2,stroke,1097.009,22.20438,15.5,16.0,5.077118
3,stroke,1097.009,185.3327,47.5,47.5,38.29532
4,stroke,1097.009,259.769,46.5,47.0,45.81839
5,stroke,1097.009,5.432275,7.0,31.5,0.95862186
6,stroke,1097.009,1.5470314,45.0,48.5,0.28733283
1,stroke,1097.854,2.649965,5.0,31.0,0.6191811
2,stroke,1097.854,31.614296,11.0,30.5,6.137609
4,stroke,1097.854,170.79352,,46.0,46.71628
5,stroke,1097.854,4.57634,19.0,19.5,1.1788543
6,stroke,1097.854,1.0999391,45.0,45.5,0.1910475
7,stroke,1097.854,57.181908,5.0,50.0,9.973685
2,stroke,1098.6605,22.772877,,16.5,5.529498
4,stroke,1098.6605,199.85373,5.0,38.0,50.227013
5,stroke,1098.6605,9.12207,29.5,31.5,1.3017471
7,stroke,1098.6605,73.1616,38.0,38.5,9.239368
1,stroke,1099.648,4.2042685,42.0,42.5,0.93137735
2,stroke,1099.648,16.270472,12.5,26.5,4.4054284
4,stroke,1099.648,185.40204,16.0,16.0,44.247772
5,stroke,1099.648,3.8455014,,35.5,1.1185932
6,stroke,1099.648,0.8922402,,31.0,0.22345933
7,stroke,1099.648,73.0253,42.0,45.5,2.770858
1,stroke,1100.449,8.293068,40.0,42.5,1.6032225
2,stroke,1100.449,19.023396,20.0,22.0,3.477672
5,stroke,1100.449,10.229169,5.0,17.5,1.1351576
6,stroke,1100.449,1.2546535,25.5,26.0,0.22578868
1,stroke,1101.25,8.018999,5.0,18.5,1.180123
2,stroke,1101.25,19.599699,11.0,18.5,4.2400684
3,stroke,1101.25,126.70943,,23.5,29.599215
4,stroke,1101.25,112.708084,19.5,19.5,21.909254
5,stroke,1101.25,10.903126,,16.5,3.4553301
6,stroke,1101.25,0.96319866,,16.0,0.22891036
7,stroke,1101.25,44.653084,,17.0,11.856909
3,stroke,1102.0635,104.45107,42.0,45.5,8.924348
4,stroke,1102.0635,122.68069,20.5,21.0,23.647476
5,stroke,1102.0635,9.3764305,5.5,34.5,1.8084978
6,stroke,1102.0635,0.96091926,,35.0,0.22165675
7,stroke,1102.0635,69.68532,16.5,44.0,3.7264748
1,stroke,1102.8815,3.8254201,28.5,38.5,0.716651
3,stroke,1102.8815,44.418007,36.5,36.5,12.049744
4,stroke,1102.8815,148.06462,37.5,38.0,27.509964
5,stroke,1102.8815,10.280342,,44.0,2.5008278
6,stroke,1102.8815,1.1695796,28.5,36.5,0.2060367
7,stroke,1102.8815,71.08499,42.0,45.0,4.495534
1,stroke,1103.6875,7.2865953,30.5,38.0,1.0874242
2,stroke,1103.6875,21.94382,17.5,29.5,4.1450734
3,stroke,1103.6875,37.39019,13.0,15.0,7.4735627
4,stroke,1103.6875,120.06123,44.5,44.5,26.21169
5,stroke,1103.6875,13.961952,48.0,48.5,2.5508845
6,stroke,1103.6875,0.8653716,42.5,43.0,0.19413166
7,stroke,1103.6875,70.40055,5.5,33.0,10.273063
1,stroke,1104.488,4.0090103,29.5,30.0,1.119839
4,stroke,1104.488,132.4571,26.0,26.5,26.572115
5,stroke,1104.488,13.392289,35.0,35.5,2.9767401
6,stroke,1104.488,1.0353947,45.0,45.0,0.22724585
7,stroke,1104.488,80.87777,18.0,23.5,9.984642
2,stroke,1105.289,11.489335,8.5,37.5,1.2829351
4,stroke,1105.289,140.16864,20.0,20.5,26.148817
5,stroke,1105.289,10.457544,13.5,16.0,2.5975187
6,stroke,1105.289,0.8096483,6.0,39.0,0.25341678
1,stroke,1106.0905,4.9040413,20.0,20.5,1.0100673
4,stroke,1106.0905,77.78136,7.0,40.0,21.003275
5,stroke,1106.0905,13.230877,,26.0,3.4193609
6,stroke,1106.0905,1.1191678,,33.0,0.3432142
7,stroke,1106.0905,61.77558,47.0,48.0,4.5429735
2,stroke,1106.894,13.614003,5.0,16.0,3.0624435
3,stroke,1106.894,98.689026,,46.5,26.362926
5,stroke,1106.894,14.079855,49.5,50.0,2.3988774
6,stroke,1106.894,1.0576369,6.5,49.5,0.22365484
7,stroke,1106.894,64.02737,47.0,47.0,13.532912
1,stroke,1107.695,5.428545,8.0,17.5,1.1494012
2,stroke,1107.695,10.985984,5.0,22.0,3.200679
4,stroke,1107.695,133.81107,,37.5,31.918507
5,stroke,1107.695,16.312115,40.0,40.5,2.6401937
6,stroke,1107.695,1.1751847,,19.0,0.2772872
7,stroke,1107.695,54.335682,,34.0,13.275099
1,stroke,1108.5255,4.5117526,24.5,35.5,0.72239625
2,stroke,1108.5255,13.9299555,45.5,46.0,2.5625758
3,stroke,1108.5255,21.058865,28.5,40.0,3.6087554
4,stroke,1108.5255,137.03616,21.5,22.5,26.078566
5,stroke,1108.5255,16.79755,41.5,42.0,2.2046502
6,stroke,1108.5255,0.86583143,,15.0,0.21772046
1,stroke,1109.3315,5.410211,43.5,45.0,1.2001418
2,stroke,1109.3315,8.629533,8.5,29.5,1.8421742
4,stroke,1109.3315,135.18494,17.5,17.5,25.75122
5,stroke,1109.3315,7.0967846,8.0,49.5,1.7692639
6,stroke,1109.3315,0.79783684,,17.0,0.25225812
7,stroke,1109.3315,5.2647076,22.0,22.5,0.9836087
1,stroke,1110.1475,4.979293,45.0,45.5,0.97718257
2,stroke,1110.1475,7.931532,25.0,26.0,2.0876722
4,stroke,1110.1475,103.49031,,38.5,25.703903
6,stroke,1110.1475,0.9197066,40.5,41.0,0.2067237
1,stroke,1110.954,4.0247955,8.5,15.0,1.294681
2,stroke,1110.954,8.709153,20.5,25.0,2.136276
4,stroke,1110.954,146.34041,46.0,46.5,24.784735
5,stroke,1110.954,7.8742456,43.0,43.0,2.007051
6,stroke,1110.954,1.2047647,26.5,27.0,0.20872363
7,stroke,1110.954,3.7394629,34.5,35.0,1.0941231
4,stroke,1111.766,135.70468,5.5,41.0,21.500963
5,stroke,1111.766,12.924427,31.0,31.5,1.6359607
6,stroke,1111.766,0.9629878,29.0,29.5,0.22689456
7,stroke,1111.766,3.367092,5.5,16.0,0.76190597
1,stroke,1112.5695,8.205288,22.0,22.5,1.6156075
2,stroke,1112.5695,13.375919,6.5,43.0,3.3048837
4,stroke,1112.5695,75.01448,13.5,16.5,20.089062
5,stroke,1112.5695,12.916391,15.0,15.0,2.4181302
6,stroke,1112.5695,1.047573,,47.0,0.3108956
7,stroke,1112.5695,2.1346622,47.5,48.0,0.62877756
3,stroke,1113.37,15.308482,,40.5,4.913296
4,stroke,1113.37,113.39647,33.5,34.0,22.922277
5,stroke,1113.37,15.246793,18.0,19.0,1.7385646
6,stroke,1113.37,1.323809,45.5,45.5,0.25939366
7,stroke,1113.37,3.496307,23.5,50.0,0.7039433
1,stroke,1114.172,5.612548,32.5,33.0,1.0133185
2,stroke,1114.172,18.470798,37.5,47.0,2.2414362
4,stroke,1114.172,121.77221,20.0,20.5,19.643904
5,stroke,1114.172,11.004793,27.5,30.0,1.9033215
6,stroke,1114.172,1.2090013,5.0,29.0,0.20601682
1,stroke,1114.977,4.343894,,18.5,1.4465088
6,stroke,1114.977,1.0186428,,38.5,0.29093143
7,stroke,1114.977,5.5547395,5.0,17.0,1.1845528
2,stroke,1115.7895,12.2694,5.0,16.0,1.7796906
3,stroke,1115.7895,13.2511,29.5,47.5,1.7126555
5,stroke,1115.7895,4.244685,,17.5,1.1663277
6,stroke,1115.7895,0.84257174,,48.0,0.2663066
1,stroke,1116.6025,8.416573,24.5,25.0,1.0969001
4,stroke,1116.6025,76.376816,,25.5,24.007801
5,stroke,1116.6025,3.917132,,34.5,1.162906
6,stroke,1116.6025,0.79411286,,33.0,0.26400423
1,stroke,1117.4225,5.4444036,12.0,42.5,1.1497811
3,stroke,1117.4225,9.781948,36.0,48.5,2.3670235
4,stroke,1117.4225,101.70894,21.5,22.0,21.706396
5,stroke,1117.4225,5.900243,36.5,37.0,1.1037515
6,stroke,1117.4225,0.8807392,9.0,40.0,0.22711477
7,stroke,1117.4225,4.962057,5.0,23.0,0.85557634
1,stroke,1118.224,9.328424,47.5,49.0,1.5737822
4,stroke,1118.224,116.43846,25.5,26.0,18.403187
5,stroke,1118.224,4.834366,,16.0,1.1826717
6,stroke,1118.224,1.0221695,47.5,47.5,0.22653419
1,stroke,1119.0385,5.05597,28.0,28.5,1.3880446
3,stroke,1119.0385,13.159843,14.0,15.0,2.9519951
4,stroke,1119.0385,93.472305,44.5,45.5,11.85849
5,stroke,1119.0385,4.3708596,6.0,18.5,0.81251013
6,stroke,1119.0385,1.4705372,36.5,37.0,0.27175567
1,stroke,1119.8845,3.2007244,20.5,50.0,1.0163611
2,stroke,1119.8845,8.477127,33.5,50.0,2.1881464
4,stroke,1119.8845,123.78617,17.0,18.0,16.16579
6,stroke,1119.8845,0.9652726,,31.0,0.26008815
1,stroke,1120.694,4.6573944,20.0,20.5,1.4869764
2,stroke,1120.694,18.448753,8.5,49.0,3.4610925
3,stroke,1120.694,136.97882,5.0,44.0,1.3332005
5,stroke,1120.694,4.8762283,14.0,15.0,1.0543897
6,stroke,1120.694,1.1234379,,26.0,0.30998585
7,stroke,1120.694,3.2382967,12.0,28.5,0.44431126
2,stroke,1121.515,14.395912,13.5,44.5,3.457273
3,stroke,1121.515,149.60547,11.5,40.0,25.992855
4,stroke,1121.515,17.116314,41.5,42.5,2.576647
5,stroke,1121.515,3.9295664,,18.5,1.1075846
6,stroke,1121.515,1.3675234,17.0,29.0,0.2546326
7,stroke,1121.515,3.1598332,5.0,40.0,0.4904134
2,stroke,1122.3775,10.998199,12.0,32.5,2.0510492
4,stroke,1122.3775,23.480427,,26.5,5.2612634
5,stroke,1122.3775,2.806354,6.0,41.0,0.8237035
6,stroke,1122.3775,1.3205229,38.0,38.5,0.22775939
1,stroke,1123.197,50.75945,7.0,46.5,5.1272073
2,stroke,1123.197,33.66758,46.5,48.0,4.6763105
3,stroke,1123.197,232.8872,,41.5,54.835125
4,stroke,1123.197,15.404158,,17.0,4.083682
6,stroke,1123.197,1.2160184,5.5,42.0,0.24120577
7,stroke,1123.197,3.841712,49.0,50.0,0.8644873
1,stroke,1124.032,29.819683,,21.0,6.793021
2,stroke,1124.032,7.6407404,13.5,43.5,2.4399428
3,stroke,1124.032,17.686941,,42.5,5.7644434
4,stroke,1124.032,18.879686,,39.5,6.0926676
5,stroke,1124.032,4.2660685,5.0,21.0,1.0256561
6,stroke,1124.032,1.205302,12.5,43.0,0.17935014
1,stroke,1124.863,34.880165,28.0,31.5,5.1148477
3,stroke,1124.863,17.848661,5.0,17.0,1.4470499
4,stroke,1124.863,18.343857,30.5,31.0,4.4136157
5,stroke,1124.863,15.72238,46.0,47.0,2.2125473
6,stroke,1124.863,1.5022056,23.0,41.5,0.20237257
7,stroke,1124.863,12.834824,6.0,16.0,0.89476186
1,stroke,1125.6635,28.839947,,44.5,6.9507437
2,stroke,1125.6635,12.699383,,20.5,3.5220156
3,stroke,1125.6635,111.29582,13.5,17.0,9.000799
4,stroke,1125.6635,25.371761,25.5,25.5,5.2811947
5,stroke,1125.6635,11.874216,47.5,50.0,2.1865256
6,stroke,1125.6635,1.0680418,9.5,40.5,0.18070239
7,stroke,1125.6635,2.2139113,5.0,17.0,0.6373608
1,stroke,1126.476,37.864594,22.0,23.0,6.1549788
2,stroke,1126.476,15.638702,6.0,15.0,4.585829
3,stroke,1126.476,14.885426,27.5,27.5,4.6771255
4,stroke,1126.476,24.822876,27.0,27.5,4.364806
6,stroke,1126.476,0.9976636,,34.5,0.25049552
7,stroke,1126.476,7.366251,,35.5,1.9382691
1,stroke,1127.277,26.605793,,38.0,6.9844894
2,stroke,1127.277,10.97839,41.0,43.0,2.2698183
5,stroke,1127.277,15.300381,44.0,44.0,2.4289722
6,stroke,1127.277,1.0851109,41.5,41.5,0.24501932
1,stroke,1128.111,21.989656,12.5,37.0,5.9236155
2,stroke,1128.111,16.3899,24.5,30.0,2.9154422
3,stroke,1128.111,10.419523,5.0,16.5,1.5931051
4,stroke,1128.111,20.926569,,32.5,5.956157
5,stroke,1128.111,5.1536865,,20.5,1.5595828
6,stroke,1128.111,1.3998921,42.5,43.0,0.21956386
7,stroke,1128.111,3.793965,42.0,46.5,0.6148691
1,stroke,1128.913,23.45592,,44.0,5.5201826
2,stroke,1128.913,33.14566,5.0,22.5,9.916269
4,stroke,1128.913,19.33861,6.5,37.0,4.3584995
5,stroke,1128.913,5.5533104,30.5,31.0,1.041369
6,stroke,1128.913,1.0375648,,27.5,0.27435508
1,stroke,1129.764,25.949436,49.5,49.5,6.280181
2,stroke,1129.764,15.178343,35.0,44.5,3.3232741
4,stroke,1129.764,16.121063,,28.5,4.855725
5,stroke,1129.764,4.776241,5.0,40.5,1.1214291
6,stroke,1129.764,1.125531,20.5,21.0,0.19812413
7,stroke,1129.764,5.384054,29.0,41.5,0.5760279
1,stroke,1130.589,29.327461,17.5,17.5,9.027699
5,stroke,1130.589,7.972643,,21.0,2.29208
6,stroke,1130.589,1.2004501,10.5,49.5,0.2448478
1,stroke,1131.394,31.268753,,29.5,7.605949
4,stroke,1131.394,23.503315,20.5,21.0,3.6265707
5,stroke,1131.394,7.6778374,20.0,20.5,1.5902904
6,stroke,1131.394,1.1577175,,30.0,0.29976663
1,stroke,1132.204,24.563286,34.5,35.0,5.5914426
2,stroke,1132.204,13.725196,10.0,45.5,2.8444734
3,stroke,1132.204,10.937661,5.0,18.5,1.4078511
4,stroke,1132.204,47.088833,13.0,24.0,2.8752
5,stroke,1132.204,14.224949,39.0,39.0,2.3374176
6,stroke,1132.204,0.95893055,,48.5,0.2792868
7,stroke,1132.204,2.4521675,21.0,27.0,0.7901824
1,stroke,1133.0305,28.39709,47.0,50.0,2.9648864
3,stroke,1133.0305,10.358561,17.0,50.0,1.2342433
4,stroke,1133.0305,14.49729,,45.5,3.6407466
5,stroke,1133.0305,17.0938,32.5,33.0,2.4892764
6,stroke,1133.0305,1.1897349,44.5,44.5,0.24963614
7,stroke,1133.0305,4.2798424,5.0,49.0,0.562344
1,stroke,1133.832,19.544823,9.0,46.5,5.815703
2,stroke,1133.832,11.037346,46.0,46.5,2.8346322
3,stroke,1133.832,8.0352955,,30.5,2.2059033
4,stroke,1133.832,20.921127,,49.0,5.2388844
6,stroke,1133.832,0.8817115,9.0,40.5,0.22672185
7,stroke,1133.832,7.182271,15.5,50.0,0.65083617
1,stroke,1134.6505,31.79591,21.0,21.0,6.378009
2,stroke,1134.6505,8.997794,8.5,28.5,2.1500685
3,stroke,1134.6505,10.841588,31.0,47.5,1.6730878
4,stroke,1134.6505,12.020334,,19.5,3.9638152
5,stroke,1134.6505,16.0975,40.5,41.0,2.5992765
6,stroke,1134.6505,1.0808,11.5,45.5,0.21804537
1,stroke,1138.2095,27.262028,,28.0,5.9981875
4,stroke,1138.2095,46.627647,6.0,17.0,2.3568377
5,stroke,1138.2095,3.6272752,16.0,16.5,0.62553924
6,stroke,1138.2095,1.14355,5.0,42.0,0.2210774
1,stroke,1140.976,22.199947,,33.5,5.487167
2,stroke,1140.976,13.808735,10.5,30.5,2.4494815
5,stroke,1140.976,3.3850737,,34.5,0.88772076
6,stroke,1140.976,0.9254178,,18.0,0.2819229
7,stroke,1140.976,3.6412282,28.5,36.5,0.61218894
1,stroke,1141.9535,22.315844,7.5,40.5,5.368816
2,stroke,1141.9535,11.14875,5.0,24.0,3.2826593
5,stroke,1141.9535,2.7744465,34.5,35.5,0.5393415
6,stroke,1141.9535,0.8114035,,47.5,0.22530682
7,stroke,1141.9535,3.1667113,,20.5,0.7456708
1,stroke,1142.968,45.00371,36.5,40.0,5.5635266
2,stroke,1142.968,11.54624,8.5,15.0,2.4354641
3,stroke,1142.968,8.70561,8.5,49.5,1.5146009
5,stroke,1142.968,1.9775041,,38.5,0.64103854
6,stroke,1142.968,1.349829,13.5,33.5,0.2589443
7,stroke,1142.968,2.7009525,13.0,17.0,0.5279949
1,stroke,1144.193,37.445667,32.5,33.0,6.6024714
2,stroke,1144.193,24.533386,5.0,15.0,4.120345
3,stroke,1144.193,9.463046,8.5,50.0,2.7458658
4,stroke,1144.193,49.698383,29.0,33.0,2.3467534
5,stroke,1144.193,3.0789661,13.5,40.5,0.67124724
6,stroke,1144.193,1.4241976,21.0,21.5,0.22600032
1,stroke,1145.5335,22.06602,11.0,48.5,5.091692
2,stroke,1145.5335,17.12526,5.0,50.0,3.1700943
3,stroke,1145.5335,7.2483244,23.5,24.5,2.3701627
4,stroke,1145.5335,46.83941,25.0,29.5,3.0759165
5,stroke,1145.5335,3.789983,28.0,29.5,0.6487788
6,stroke,1145.5335,1.1955268,,22.0,0.28610274
7,stroke,1145.5335,4.029039,5.0,50.0,1.1942027
1,stroke,1146.3515,27.029785,48.5,49.0,7.2005672
2,stroke,1146.3515,10.103512,,27.0,3.315295
3,stroke,1146.3515,14.351411,24.5,31.5,2.2074704
4,stroke,1146.3515,14.992104,11.0,15.0,2.2494092
6,stroke,1146.3515,0.64136505,17.0,17.0,0.13965613
6,stroke,1147.154,1.2321122,45.0,45.0,0.26984048
1,stroke,1147.967,28.475386,,26.5,6.5926337
6,stroke,1147.967,1.7582201,47.0,47.5,0.2563061
1,stroke,1149.585,26.712135,,46.5,5.901675
2,stroke,1149.585,10.181805,39.0,40.0,1.5234616
3,stroke,1149.585,12.994585,44.5,45.5,2.5542662
5,stroke,1149.585,4.1269994,30.5,31.0,0.8616383
6,stroke,1149.585,1.469653,18.0,18.5,0.21685801
7,stroke,1149.585,3.9742608,5.0,15.0,1.0446335
1,stroke,1151.3225,36.81684,26.5,27.0,6.6832685
2,stroke,1151.3225,16.056086,25.0,29.5,2.1369116
5,stroke,1151.3225,3.4555101,,28.5,0.86900264
6,stroke,1151.3225,1.0757093,11.5,43.0,0.26080325
1,stroke,1154.031,69.99884,5.0,20.5,6.0462403
2,stroke,1154.031,1229.0734,5.0,18.5,2.6534643
3,stroke,1154.031,138.9147,5.0,18.5,1.5146173
4,stroke,1154.031,28.0215,5.0,21.0,2.2064335
5,stroke,1154.031,20.089455,5.0,20.0,0.6659319
6,stroke,1154.031,1.1225312,,39.0,0.22633915
7,stroke,1154.031,16.438103,5.0,18.0,0.6548296
1,stroke,1155.7585,24.861034,,21.5,7.2444806
2,stroke,1155.7585,9.471187,24.0,24.5,2.7092261
3,stroke,1155.7585,7.8403583,5.0,34.0,1.7039
4,stroke,1155.7585,12.688065,,20.0,3.0853333
5,stroke,1155.7585,4.007438,17.5,18.0,0.9078022
6,stroke,1155.7585,1.0604001,42.0,42.0,0.21978636
1,stroke,1156.6335,45.614426,5.0,21.0,6.235282
2,stroke,1156.6335,1238.7751,5.0,18.5,2.4853098
3,stroke,1156.6335,149.00299,5.0,18.5,1.6064868
5,stroke,1156.6335,18.644196,5.0,20.0,1.0246438
6,stroke,1156.6335,0.8119055,7.5,19.0,0.14974009
7,stroke,1156.6335,17.156261,5.0,18.0,0.55610335
1,stroke,1157.4775,32.637634,,20.5,6.806917
2,stroke,1157.4775,20.159836,9.5,19.0,2.6027198
3,stroke,1157.4775,10.1165695,9.0,19.0,2.132638
4,stroke,1157.4775,11.775056,,18.5,3.456135
5,stroke,1157.4775,2.628286,11.5,24.5,0.8343475
6,stroke,1157.4775,1.0802876,,26.5,0.30021474
7,stroke,1157.4775,2.4681041,,49.0,0.6387128
1,stroke,1158.7755,62.51806,5.0,20.5,6.7349734
2,stroke,1158.7755,1295.7504,5.0,18.0,1.7307177
3,stroke,1158.7755,133.96133,5.0,18.5,2.0041358
4,stroke,1158.7755,30.223644,5.0,20.5,2.0831554
5,stroke,1158.7755,20.847977,5.0,20.5,0.90702593
7,stroke,1158.7755,17.364876,5.0,18.0,0.61785066
1,stroke,1159.643,27.69843,,20.0,6.890407
2,stroke,1159.643,9.99976,,36.0,2.5368052
7,stroke,1159.643,5.608921,37.5,46.5,0.8634268
1,stroke,1161.0455,55.00509,5.0,20.0,4.716392
2,stroke,1161.0455,1315.5333,5.0,18.0,2.305469
3,stroke,1161.0455,178.9006,5.5,22.0,3.3794525
4,stroke,1161.0455,31.374285,5.0,20.0,4.87864
5,stroke,1161.0455,17.169523,5.0,19.5,0.8289096
6,stroke,1161.0455,1.2102561,,49.5,0.33073863
7,stroke,1161.0455,16.797415,6.0,18.0,0.47593075
1,stroke,1162.2595,21.787865,5.0,34.5,4.4301486
3,stroke,1162.2595,11.300187,11.0,15.0,2.3063052
4,stroke,1162.2595,36.581413,38.5,42.5,3.9876952
5,stroke,1162.2595,2.8202434,33.5,34.0,0.6827851
6,stroke,1162.2595,1.323674,17.5,22.5,0.21923283
1,stroke,1163.528,24.081585,,38.0,5.4323483
3,stroke,1163.528,8.709967,5.0,16.0,1.8155067
4,stroke,1163.528,7.7564917,,34.0,2.1049716
5,stroke,1163.528,3.42555,45.0,45.5,0.7526125
3,stroke,1164.623,13.421281,5.0,19.0,1.4566959
4,stroke,1164.623,48.95307,20.5,31.5,3.0329528
5,stroke,1164.623,4.125118,12.5,32.0,0.68808806
6,stroke,1164.623,0.9508978,,44.5,0.3001205
7,stroke,1164.623,7.2380686,48.0,50.0,1.5344168
1,stroke,1165.426,21.669489,,20.5,5.568736
3,stroke,1165.426,26.411541,6.0,48.5,2.0874407
5,stroke,1165.426,4.1842446,5.0,23.0,0.99846673
6,stroke,1165.426,1.2068849,29.0,29.5,0.19807804
6,stroke,1166.229,1.2051959,45.0,45.5,0.24212809
1,stroke,1168.3705,73.97964,5.0,20.5,7.597855
2,stroke,1168.3705,1524.6588,5.0,18.0,1.5715355
3,stroke,1168.3705,176.57533,5.0,18.5,1.7869909
4,stroke,1168.3705,32.742405,19.0,20.5,7.350789
5,stroke,1168.3705,17.341677,5.0,20.0,1.006886
6,stroke,1168.3705,1.367874,10.0,27.5,0.22100215
7,stroke,1168.3705,17.370398,5.0,18.0,0.78653234
1,stroke,1170.7685,61.153107,5.0,20.5,6.291726
2,stroke,1170.7685,1563.6967,5.0,18.5,2.0439816
3,stroke,1170.7685,256.3282,5.0,18.0,2.3478055
4,stroke,1170.7685,32.99914,5.0,20.0,8.314975
5,stroke,1170.7685,18.839962,5.0,20.0,0.7727495
6,stroke,1170.7685,1.106017,,45.5,0.27668434
7,stroke,1170.7685,17.56845,5.0,21.5,1.0641468
1,stroke,1173.8855,67.35526,5.0,20.5,3.497915
2,stroke,1173.8855,1635.2021,6.5,18.5,2.9748645
3,stroke,1173.8855,214.88522,5.0,18.5,1.4926026
4,stroke,1173.8855,39.132244,5.0,26.0,3.2339962
5,stroke,1173.8855,21.353722,5.0,20.5,0.59125245
6,stroke,1173.8855,0.9533179,,22.0,0.29709464
7,stroke,1173.8855,16.905382,5.0,18.5,0.8876064
1,stroke,1180.435,18.179272,6.5,46.0,3.3497512
2,stroke,1180.435,9.858918,,31.5,2.670043
4,stroke,1180.435,23.065525,5.0,19.0,1.371424
5,stroke,1180.435,2.18355,22.5,23.0,0.49627197
6,stroke,1180.435,1.362605,16.5,16.5,0.27469435
7,stroke,1180.435,2.333332,,38.0,0.7511223
1,stroke,1181.9985,61.209373,5.0,20.0,3.446213
2,stroke,1181.9985,1384.5906,5.0,18.0,4.5622463
3,stroke,1181.9985,176.88515,5.0,18.0,1.5854704
4,stroke,1181.9985,24.06458,5.0,21.0,1.8403658
5,stroke,1181.9985,19.271664,5.0,19.5,0.6025918
6,stroke,1181.9985,0.9497096,14.5,15.0,0.23053588
7,stroke,1181.9985,20.15657,5.0,17.5,0.59915674
1,stroke,1183.718,22.710316,16.5,17.0,3.5098743
2,stroke,1183.718,10.094414,29.0,29.5,2.1759484
3,stroke,1183.718,13.854187,38.5,45.0,1.8744323
4,stroke,1183.718,9.648141,27.5,28.0,1.7358286
5,stroke,1183.718,2.1549973,33.0,33.0,0.46382302
6,stroke,1183.718,1.1387746,24.0,24.0,0.2666715
7,stroke,1183.718,3.57833,41.5,41.5,0.66999555
1,stroke,1185.754,57.377083,5.0,20.5,3.7286026
2,stroke,1185.754,1432.6562,5.0,18.0,3.1133091
3,stroke,1185.754,216.64935,5.0,17.5,2.6972878
4,stroke,1185.754,23.782461,5.0,21.5,1.8663108
5,stroke,1185.754,19.4337,5.0,20.0,0.5863105
6,stroke,1185.754,0.9378933,,50.0,0.2857616
7,stroke,1185.754,22.578537,7.0,18.0,0.7893918
1,stroke,1189.2475,57.46705,5.0,21.0,3.476981
2,stroke,1189.2475,1421.1733,5.0,18.0,1.7657065
3,stroke,1189.2475,418.14404,5.0,17.5,2.8411381
4,stroke,1189.2475,23.718159,5.0,21.0,3.0463493
5,stroke,1189.2475,17.179953,5.0,20.0,0.4555031
6,stroke,1189.2475,1.4959419,6.5,16.5,0.23964463
7,stroke,1189.2475,21.591927,5.0,18.0,0.65077025
1,stroke,1191.1265,56.298325,5.0,20.5,3.3993008
2,stroke,1191.1265,1320.5754,5.0,18.0,2.8958972
3,stroke,1191.1265,198.95859,5.0,18.0,5.383685
4,stroke,1191.1265,26.220915,5.0,21.0,1.4049431
5,stroke,1191.1265,18.769802,5.0,20.0,0.3675339
6,stroke,1191.1265,1.2201111,,40.0,0.38275984
7,stroke,1191.1265,21.212065,6.5,18.0,0.95534223
1,stroke,1194.4365,18.476929,8.5,45.0,3.964063
2,stroke,1194.4365,6.97234,12.0,15.0,2.1836414
3,stroke,1194.4365,14.245088,39.0,45.0,2.5040753
4,stroke,1194.4365,13.223721,6.0,47.5,1.0813152
6,stroke,1194.4365,0.9033188,,45.5,0.2700562
1,stroke,1202.2915,12.771136,6.0,43.0,3.4106214
2,stroke,1202.2915,9.600505,18.5,19.0,2.1295652
3,stroke,1202.2915,9.171348,10.0,23.5,2.824791
4,stroke,1202.2915,41.621754,7.5,50.0,1.4243724
5,stroke,1202.2915,6.706926,7.0,17.0,0.46373537
6,stroke,1202.2915,0.7791468,,32.0,0.23307176
7,stroke,1202.2915,3.8009279,10.5,23.5,0.5661999
1,stroke,1216.5855,17.161526,27.0,27.0,3.1905353
3,stroke,1216.5855,131.33434,32.0,38.0,4.0951786
5,stroke,1216.5855,21.130478,5.0,21.5,0.92897695
7,stroke,1216.5855,5.6097593,6.5,41.5,1.6629174
1,stroke,1217.406,13.623138,,32.5,3.7227678
2,stroke,1217.406,12.067787,5.0,16.5,2.1458168
3,stroke,1217.406,86.473236,7.0,34.5,25.880651
4,stroke,1217.406,7.4954405,10.0,22.5,1.5587667
5,stroke,1217.406,6.167944,5.0,15.0,1.2761056
6,stroke,1217.406,0.8269718,,35.0,0.22015503
7,stroke,1217.406,2.9561322,34.5,38.0,0.66121995
1,stroke,1219.0575,66.16446,5.0,20.5,3.836225
2,stroke,1219.0575,1409.078,5.0,18.5,3.0437202
3,stroke,1219.0575,481.43707,6.0,16.5,10.402238
4,stroke,1219.0575,30.348215,5.0,21.0,2.1535327
5,stroke,1219.0575,22.2419,5.0,20.0,0.355443
6,stroke,1219.0575,0.837584,,48.5,0.23334463
7,stroke,1219.0575,19.808887,7.5,18.0,0.41055307
1,stroke,1222.99,67.6163,5.0,20.5,3.453131
2,stroke,1222.99,1283.6246,5.0,18.5,2.1903942
3,stroke,1222.99,342.47217,5.0,17.5,14.949765
4,stroke,1222.99,56.239914,5.0,36.5,1.7489332
5,stroke,1222.99,20.464813,5.0,20.0,0.43948668
7,stroke,1222.99,19.396385,5.0,18.0,1.1120156
1,stroke,1227.3735,68.74953,5.0,20.5,3.0652297
2,stroke,1227.3735,1413.157,5.0,18.5,2.2740924
3,stroke,1227.3735,470.1222,6.0,16.5,17.011927
4,stroke,1227.3735,50.64688,5.0,37.0,1.455348
5,stroke,1227.3735,22.670002,5.0,20.0,0.43919924
6,stroke,1227.3735,1.0486429,,48.5,0.27835435
7,stroke,1227.3735,19.077904,5.0,18.0,0.71007264
1,stroke,1233.923,56.53304,5.0,20.5,7.0696344
2,stroke,1233.923,1364.1332,5.0,18.5,1.8349966
3,stroke,1233.923,458.36096,5.0,16.5,3.2161107
4,stroke,1233.923,32.711563,5.0,20.5,3.3886406
5,stroke,1233.923,20.730318,5.0,20.0,0.34403932
6,stroke,1233.923,1.1419086,,34.5,0.2568018
7,stroke,1233.923,21.152187,7.0,18.0,1.2683271
1,stroke,1235.8415,23.660666,25.0,25.5,5.083863
2,stroke,1235.8415,10.177538,10.5,16.0,1.910154
4,stroke,1235.8415,46.415306,21.0,33.5,1.5577188
5,stroke,1235.8415,5.3696947,47.5,48.5,1.3179427
6,stroke,1235.8415,1.3126339,34.5,35.0,0.21695562
1,stroke,1237.4785,71.7654,5.0,20.5,5.500955
2,stroke,1237.4785,1538.823,5.0,18.5,1.6587284
3,stroke,1237.4785,506.1887,6.0,16.5,3.0739448
4,stroke,1237.4785,31.188921,5.0,21.0,2.2671359
5,stroke,1237.4785,19.81086,5.0,20.0,0.5131882
6,stroke,1237.4785,0.79698443,,43.5,0.22204003
7,stroke,1237.4785,17.284706,5.0,18.0,0.5724782
1,stroke,1240.239,68.2316,5.0,20.0,6.3968563
2,stroke,1240.239,1441.4901,5.0,18.0,2.1010015
3,stroke,1240.239,364.1947,5.0,17.5,1.431036
4,stroke,1240.239,49.35822,5.0,25.0,1.7974325
5,stroke,1240.239,17.9379,5.0,19.5,0.49138948
6,stroke,1240.239,1.1226002,,20.0,0.3237419
7,stroke,1240.239,20.1194,5.0,17.5,0.6126099
1,stroke,1243.683,73.32295,5.0,20.0,5.579788
2,stroke,1243.683,1476.0485,5.0,18.0,1.8288282
3,stroke,1243.683,508.70456,5.5,16.0,2.4608638
5,stroke,1243.683,17.888268,5.0,19.5,0.56372964
6,stroke,1243.683,1.290804,13.0,26.0,0.23427843
7,stroke,1243.683,19.07189,5.0,17.5,0.7362043
1,stroke,1246.9225,76.17795,5.0,20.0,4.7313223
2,stroke,1246.9225,1507.8375,5.0,18.0,2.3705254
3,stroke,1246.9225,590.43384,7.5,16.0,28.628664
4,stroke,1246.9225,41.54808,5.0,20.0,0.890663
5,stroke,1246.9225,16.32288,5.0,19.5,0.44277757
6,stroke,1246.9225,1.2040644,,37.5,0.2675421
7,stroke,1246.9225,17.03474,7.0,18.0,0.83597034
1,stroke,1249.548,67.30072,5.0,20.5,5.9701405
2,stroke,1249.548,1342.4058,5.0,18.0,3.6516323
3,stroke,1249.548,455.50424,5.5,16.0,12.421598
4,stroke,1249.548,35.33672,5.0,20.0,1.6786274
5,stroke,1249.548,17.154545,5.0,19.5,0.39766687
6,stroke,1249.548,1.2187865,17.0,17.5,0.21489389
7,stroke,1249.548,18.84655,7.0,17.5,1.1656138
1,stroke,1252.455,63.04972,5.0,20.5,6.1190724
2,stroke,1252.455,1443.5898,5.0,18.5,2.4363282
3,stroke,1252.455,573.6784,6.0,16.5,19.071562
4,stroke,1252.455,34.86501,6.5,20.5,10.406562
5,stroke,1252.455,16.112776,5.0,20.0,0.50146735
6,stroke,1252.455,1.2415302,46.0,46.5,0.21130726
7,stroke,1252.455,16.484348,5.0,18.0,0.55757385
1,stroke,1265.7845,19.588903,5.0,48.0,5.016801
4,stroke,1265.7845,8.117574,,23.0,2.6666408
5,stroke,1265.7845,5.588486,5.0,45.0,0.816972
7,stroke,1265.7845,3.85568,7.0,25.0,0.5543444
1,stroke,1280.8705,33.318726,7.5,36.0,3.8264616
2,stroke,1280.8705,15.928875,16.5,27.5,2.8666704
4,stroke,1280.8705,7.963503,,20.0,2.613161
5,stroke,1280.8705,23.501554,5.0,27.5,1.0219054
6,stroke,1280.8705,1.1690907,,28.0,0.26038015
7,stroke,1280.8705,3.5280068,,25.5,0.8867827
1,stroke,1281.8025,33.595783,12.0,47.0,3.2589862
2,stroke,1281.8025,12.053981,44.0,44.0,2.7036288
4,stroke,1281.8025,9.082346,15.0,16.5,1.4340786
5,stroke,1281.8025,13.697519,5.0,15.0,0.5418963
6,stroke,1281.8025,1.0077503,8.0,43.0,0.3258199
7,stroke,1281.8025,4.7229037,45.0,49.5,0.9384657
1,stroke,1284.082,29.39178,34.5,35.0,5.876603
2,stroke,1284.082,18.064259,20.5,30.5,4.20255
3,stroke,1284.082,80.38812,,15.0,22.53919
6,stroke,1284.082,1.3111069,31.5,32.0,0.22582228
1,stroke,1289.399,48.644222,5.0,21.0,5.9708724
2,stroke,1289.399,875.1325,5.0,18.0,2.1534264
3,stroke,1289.399,124.13046,5.5,18.0,1.5917504
4,stroke,1289.399,12.800005,5.0,23.0,1.6748158
5,stroke,1289.399,7.0196743,5.0,19.5,0.5294058
6,stroke,1289.399,0.94854075,,43.0,0.21660118
7,stroke,1289.399,16.740448,7.0,18.0,0.60715735
1,stroke,1292.353,50.405556,5.0,20.0,4.766871
2,stroke,1292.353,889.3984,5.0,17.5,7.2337728
3,stroke,1292.353,407.24536,7.0,15.5,23.811552
4,stroke,1292.353,12.375145,5.0,20.5,2.388184
5,stroke,1292.353,7.9021873,5.0,19.5,0.49004412
6,stroke,1292.353,1.5903616,48.0,48.0,0.30358034
7,stroke,1292.353,17.77826,6.5,17.5,0.6095968
1,stroke,1295.5485,48.29485,6.0,20.0,4.613064
2,stroke,1295.5485,926.48975,5.0,17.5,4.5498962
3,stroke,1295.5485,387.3048,5.0,15.5,16.365532
4,stroke,1295.5485,20.215208,5.0,19.5,1.6051623
5,stroke,1295.5485,7.4267387,5.0,19.0,0.4337746
6,stroke,1295.5485,0.96390593,,26.0,0.24791431
7,stroke,1295.5485,15.093162,5.0,17.5,0.5453194
1,stroke,1297.7455,48.97718,7.0,20.0,5.699327
2,stroke,1297.7455,911.94714,6.5,17.5,3.1720731
3,stroke,1297.7455,366.28738,11.5,15.5,22.916126
5,stroke,1297.7455,7.2872763,5.0,19.0,0.5847172
6,stroke,1297.7455,1.1997681,41.5,42.0,0.24761404
7,stroke,1297.7455,18.229479,6.5,17.0,0.7834308
1,stroke,1299.891,62.13114,5.0,20.0,5.9737015
2,stroke,1299.891,884.52686,5.0,17.5,2.504987
3,stroke,1299.891,213.466,5.0,16.5,1.8179183
4,stroke,1299.891,18.359121,5.0,19.5,2.7320588
5,stroke,1299.891,8.2752905,5.0,19.5,0.48619518
6,stroke,1299.891,1.2098551,26.5,38.5,0.223928
7,stroke,1299.891,13.335234,7.0,17.5,0.73404205
1,stroke,1301.8055,50.867157,5.0,21.0,5.24373
2,stroke,1301.8055,886.5204,5.0,18.0,1.8786627
3,stroke,1301.8055,414.81836,5.5,16.0,9.470034
4,stroke,1301.8055,43.40728,5.0,15.5,2.4712107
5,stroke,1301.8055,6.3295507,5.0,36.0,0.3765171
6,stroke,1301.8055,1.2875473,,41.0,0.28374487
7,stroke,1301.8055,18.876966,7.0,17.5,1.0626733
1,stroke,1303.666,44.351604,18.0,20.5,7.293332
2,stroke,1303.666,889.9491,5.0,17.5,2.1610415
3,stroke,1303.666,328.19696,7.0,15.5,17.059502
4,stroke,1303.666,17.613495,5.0,19.5,2.1686974
5,stroke,1303.666,7.9049435,5.0,19.0,0.4957548
6,stroke,1303.666,1.1668388,16.5,17.0,0.21637058
7,stroke,1303.666,17.310131,6.5,17.5,0.91245425
1,stroke,1306.4705,34.22898,10.0,20.5,7.9844193
2,stroke,1306.4705,811.97205,5.0,17.5,2.2515717
3,stroke,1306.4705,252.30794,5.0,16.0,8.4227295
4,stroke,1306.4705,16.478119,5.0,36.5,1.8831124
5,stroke,1306.4705,8.540937,5.0,19.0,0.42385674
6,stroke,1306.4705,1.1148794,,48.0,0.26132768
7,stroke,1306.4705,19.512417,5.5,17.5,0.64291227
1,stroke,1308.809,38.383682,5.0,19.5,4.371241
2,stroke,1308.809,910.5805,5.0,17.0,3.3292093
3,stroke,1308.809,226.9036,5.0,16.0,8.503411
4,stroke,1308.809,19.107126,5.0,19.5,1.3936902
5,stroke,1308.809,6.015129,5.0,19.0,0.43035114
7,stroke,1308.809,17.600836,6.5,17.5,0.7628802
1,stroke,1312.2925,42.29415,5.0,20.0,4.8845057
2,stroke,1312.2925,902.9514,5.0,17.5,2.6521387
3,stroke,1312.2925,117.21952,5.0,17.5,0.8443724
4,stroke,1312.2925,17.65183,5.0,19.5,1.6991591
5,stroke,1312.2925,7.878735,5.0,19.0,0.44167504
6,stroke,1312.2925,0.7765449,6.5,35.0,0.18715087
7,stroke,1312.2925,17.192614,5.0,17.5,0.75900465
1,stroke,1329.255,20.180466,6.5,39.0,6.213728
2,stroke,1329.255,14.990613,10.5,50.0,2.0157547
3,stroke,1329.255,6.115624,29.0,39.0,1.6784865
5,stroke,1329.255,4.969569,28.0,50.0,0.7879923
6,stroke,1329.255,1.2058406,,31.5,0.33469856
7,stroke,1329.255,5.051926,5.0,16.5,0.6892783
1,stroke,1330.057,29.366402,11.0,46.5,6.5143933
2,stroke,1330.057,14.360666,10.0,21.5,3.3570907
6,stroke,1330.057,0.9625845,,27.0,0.22335571
1,stroke,1332.8935,68.9996,5.0,21.0,5.5391173
2,stroke,1332.8935,1434.6082,5.0,18.5,2.7842505
3,stroke,1332.8935,521.38635,5.0,18.0,1.4760307
4,stroke,1332.8935,33.628136,5.0,21.0,1.8922629
5,stroke,1332.8935,19.13822,5.0,19.5,0.43795648
6,stroke,1332.8935,1.0639901,,49.0,0.2688883
7,stroke,1332.8935,21.077381,6.5,18.0,0.5376739
1,stroke,1335.1885,45.067596,5.0,21.0,7.7934704
2,stroke,1335.1885,1373.828,5.0,18.0,3.8324323
3,stroke,1335.1885,411.5502,5.0,17.0,1.5163162
4,stroke,1335.1885,29.219973,5.0,20.5,2.2294693
5,stroke,1335.1885,17.774534,5.0,19.5,0.52271646
6,stroke,1335.1885,1.0123045,,22.5,0.27196744
7,stroke,1335.1885,20.48943,5.0,18.0,0.6032223
1,stroke,1337.743,61.635216,5.0,21.0,5.046584
2,stroke,1337.743,1471.4648,5.0,18.0,2.9138365
3,stroke,1337.743,477.69525,5.0,17.5,1.3035604
4,stroke,1337.743,53.324173,5.0,33.0,1.8360904
5,stroke,1337.743,16.068693,5.0,19.5,0.33491662
6,stroke,1337.743,0.8081689,,33.0,0.24660543
7,stroke,1337.743,18.85749,5.0,18.0,0.5330003
1,stroke,1338.903,32.14818,5.0,37.0,8.5782175
2,stroke,1338.903,9.330711,7.5,40.5,3.087464
3,stroke,1338.903,261.39832,21.0,24.0,23.323036
5,stroke,1338.903,5.868317,5.0,40.0,1.1971303
6,stroke,1338.903,1.1602148,7.5,18.5,0.22205462
7,stroke,1338.903,2.5730867,18.5,32.5,0.61176634
1,stroke,1340.0015,44.156326,27.5,28.5,7.0082226
2,stroke,1340.0015,16.742163,34.0,35.5,2.9435694
3,stroke,1340.0015,11.206794,28.0,49.0,1.5370994
4,stroke,1340.0015,6.9205704,46.0,46.5,1.5866405
6,stroke,1340.0015,0.9922096,10.0,17.0,0.2175618
7,stroke,1340.0015,2.0985975,15.0,15.5,0.44502318
1,stroke,1342.4845,56.345825,5.0,20.5,4.1568
2,stroke,1342.4845,1421.9565,5.0,18.0,2.6181989
3,stroke,1342.4845,533.87054,6.0,16.5,1.69318
4,stroke,1342.4845,28.140476,5.0,21.0,1.9445286
5,stroke,1342.4845,18.102783,5.0,19.5,0.3915996
7,stroke,1342.4845,18.27615,6.0,18.0,0.48743123
1,stroke,1344.5885,204.8494,6.5,27.5,10.761399
2,stroke,1344.5885,1386.9114,5.0,18.0,3.213506
3,stroke,1344.5885,654.8432,7.5,16.0,17.28668
4,stroke,1344.5885,47.063393,5.0,20.5,1.4315513
5,stroke,1344.5885,13.590865,5.0,19.5,0.39261216
7,stroke,1344.5885,18.642305,7.5,18.0,0.87092084
1,stroke,1345.4515,35.62407,41.5,41.5,7.4027824
2,stroke,1345.4515,24.977837,24.5,25.5,2.552162
3,stroke,1345.4515,9.625999,13.0,15.0,1.4810747
4,stroke,1345.4515,9.913248,25.5,26.0,1.6361139
6,stroke,1345.4515,0.7354348,7.0,43.0,0.22531137
1,stroke,1346.3365,34.332405,,25.5,10.176905
2,stroke,1346.3365,18.760666,15.5,19.5,2.213129
4,stroke,1346.3365,23.137972,8.0,16.5,3.6393235
1,stroke,1347.343,45.7847,40.0,40.5,7.3234334
2,stroke,1347.343,15.662091,50.0,50.0,3.9561663
3,stroke,1347.343,8.394127,5.0,18.0,1.7981672
4,stroke,1347.343,53.20214,7.5,19.5,2.9629903
5,stroke,1347.343,3.3363733,26.0,34.5,0.6636606
6,stroke,1347.343,0.8889042,,32.0,0.29510194
7,stroke,1347.343,2.886919,5.5,48.0,0.70209736
1,stroke,1349.3515,64.33432,5.0,21.0,8.213722
2,stroke,1349.3515,1420.5818,5.0,18.0,3.7311943
3,stroke,1349.3515,487.53738,6.0,17.0,2.3032978
4,stroke,1349.3515,28.749952,5.0,21.0,2.8954256
5,stroke,1349.3515,15.524061,5.0,19.5,0.8361441
6,stroke,1349.3515,1.0751687,5.0,23.0,0.2017817
7,stroke,1349.3515,18.74842,5.0,18.0,0.80197614
1,stroke,1351.5925,70.65685,5.0,21.5,6.8799596
2,stroke,1351.5925,1406.7822,5.0,18.5,2.687226
3,stroke,1351.5925,484.48718,5.0,17.0,3.4396756
4,stroke,1351.5925,28.959036,5.0,37.5,3.9690528
5,stroke,1351.5925,14.920757,5.0,20.0,0.54707724
6,stroke,1351.5925,1.3532803,29.0,29.5,0.27654603
7,stroke,1351.5925,19.233337,5.0,18.0,0.51095784
1,stroke,1353.253,25.925203,,29.5,7.3471966
2,stroke,1353.253,21.474682,7.5,29.5,3.3570895
3,stroke,1353.253,6.8477097,5.0,16.0,1.9570793
4,stroke,1353.253,12.445921,,18.0,3.5307698
5,stroke,1353.253,2.4264965,8.5,22.5,0.5681958
6,stroke,1353.253,1.0822814,,38.5,0.34011328
7,stroke,1353.253,2.1772678,6.5,15.0,0.5956367
1,stroke,1356.188,69.21009,5.0,21.0,10.709016
2,stroke,1356.188,1357.959,5.0,18.5,4.1393723
3,stroke,1356.188,523.7977,5.0,17.5,1.755178
4,stroke,1356.188,30.105583,5.0,21.5,2.4748538
5,stroke,1356.188,15.197257,5.0,19.5,0.46999404
7,stroke,1356.188,19.285194,5.0,18.0,0.8407045
2,stroke,1357.531,12.801842,10.5,31.0,3.574933
3,stroke,1357.531,8.349776,8.5,20.5,1.6014994
4,stroke,1357.531,14.759569,35.0,35.5,2.416561
5,stroke,1357.531,2.490871,29.0,30.0,0.44927815
6,stroke,1357.531,0.9581547,34.0,34.5,0.16301665
7,stroke,1357.531,2.4029117,17.5,28.5,0.44817102
1,stroke,1361.9295,94.71814,5.0,37.0,8.446226
2,stroke,1361.9295,1391.9487,5.0,18.0,5.318025
3,stroke,1361.9295,495.36716,5.0,17.0,1.2682723
4,stroke,1361.9295,27.021599,5.0,19.5,2.9850411
5,stroke,1361.9295,15.3876705,5.0,20.0,0.7260066
7,stroke,1361.9295,19.59334,5.0,18.0,0.68039596
1,stroke,1368.02,69.0329,8.5,20.5,10.138712
2,stroke,1368.02,1702.0612,5.0,18.0,2.6252663
3,stroke,1368.02,516.3352,5.0,18.0,2.5470386
4,stroke,1368.02,34.712807,5.0,20.0,3.3668523
5,stroke,1368.02,17.156223,5.0,19.5,0.4875124
6,stroke,1368.02,0.8967672,30.5,31.0,0.18574671
7,stroke,1368.02,18.201065,6.0,18.0,0.6886926
1,stroke,1369.8385,59.981834,5.0,20.5,2.2746973
2,stroke,1369.8385,1628.5457,5.0,18.0,2.011171
3,stroke,1369.8385,473.03204,6.0,18.0,2.3561752
4,stroke,1369.8385,34.403435,5.0,20.5,2.5677605
5,stroke,1369.8385,15.1325245,5.0,19.5,0.48759848
6,stroke,1369.8385,1.1292338,23.0,24.0,0.22835837
7,stroke,1369.8385,17.10787,5.0,18.0,0.7040577
1,stroke,1372.464,9.961566,39.5,40.0,2.4095566
2,stroke,1372.464,12.354693,5.0,25.5,2.3007562
3,stroke,1372.464,6.6719446,5.0,18.0,1.0595443
4,stroke,1372.464,15.733752,,35.0,4.684286
5,stroke,1372.464,1.7675502,34.0,34.5,0.44756818
6,stroke,1372.464,0.97807276,,32.0,0.24188942
7,stroke,1372.464,1.9091498,14.0,15.0,0.4835683
1,stroke,1375.8885,69.716415,5.0,20.5,2.0660245
2,stroke,1375.8885,1789.3937,5.0,18.0,2.8806787
3,stroke,1375.8885,616.652,5.0,17.0,3.900548
4,stroke,1375.8885,28.247608,5.0,20.0,4.5594163
5,stroke,1375.8885,14.774193,5.0,19.5,0.68713266
6,stroke,1375.8885,0.93169546,14.5,15.0,0.21152039
7,stroke,1375.8885,17.646809,5.0,18.0,0.6828106
1,stroke,1377.8135,9.994939,14.0,18.0,1.5761868
2,stroke,1377.8135,12.34113,8.0,36.0,2.0972848
4,stroke,1377.8135,32.78955,45.0,50.0,3.2309587
5,stroke,1377.8135,2.037693,11.5,15.0,0.5658948
6,stroke,1377.8135,0.9311404,,17.0,0.25551057
7,stroke,1377.8135,1.6610126,5.0,17.0,0.5038337
1,stroke,1379.428,8.446084,5.5,42.0,1.6041118
2,stroke,1379.428,11.716374,39.0,39.0,2.4751291
3,stroke,1379.428,8.185024,6.0,35.0,1.7755672
4,stroke,1379.428,10.532668,13.0,39.0,1.9360396
5,stroke,1379.428,1.4283596,5.0,29.5,0.39643618
6,stroke,1379.428,1.3190391,13.5,15.0,0.18870312
7,stroke,1379.428,3.7158494,9.5,16.5,0.38069004
1,stroke,1381.16,58.894665,5.0,20.5,1.535552
2,stroke,1381.16,1876.5454,5.0,18.0,3.3585098
3,stroke,1381.16,686.2824,6.0,18.0,16.55524
4,stroke,1381.16,33.1636,5.0,20.0,1.8139347
5,stroke,1381.16,12.456243,5.0,19.5,0.64615786
6,stroke,1381.16,1.1215608,,48.0,0.27672985
7,stroke,1381.16,16.300816,5.0,18.0,0.47807214
1,stroke,1384.371,7.9720654,46.5,46.5,1.9872203
2,stroke,1384.371,11.141378,7.0,19.5,1.756741
4,stroke,1384.371,19.354935,5.0,17.5,3.0838957
5,stroke,1384.371,2.6504748,39.0,40.0,0.51880443
6,stroke,1384.371,1.2003282,46.0,46.0,0.24198046
7,stroke,1384.371,2.5903697,21.5,22.0,0.3709454
1,stroke,1388.789,72.90602,5.0,20.5,2.280859
2,stroke,1388.789,1899.7759,5.0,18.0,4.760034
3,stroke,1388.789,614.24304,5.0,18.0,28.22039
4,stroke,1388.789,40.034622,5.0,20.0,3.360754
5,stroke,1388.789,12.997669,5.0,19.5,0.7361395
6,stroke,1388.789,1.1398683,,46.0,0.2826546
7,stroke,1388.789,16.587774,7.0,18.0,0.73108995
1,stroke,1390.911,9.837424,7.5,27.0,2.1198273
2,stroke,1390.911,11.16465,,32.5,3.5706494
5,stroke,1390.911,3.1341157,12.5,43.0,0.44195157
6,stroke,1390.911,1.131037,,16.0,0.2311163
7,stroke,1390.911,5.4334135,32.0,36.0,1.2572948
1,stroke,1396.627,29.360268,,31.5,9.2043295
2,stroke,1396.627,18.00973,,16.5,5.4769244
3,stroke,1396.627,98.382904,,29.0,25.487652
4,stroke,1396.627,41.51462,16.5,26.5,2.4051316
5,stroke,1396.627,3.566798,26.5,37.5,0.6489491
6,stroke,1396.627,0.7921637,,40.5,0.25584197
7,stroke,1396.627,2.1880322,30.0,30.0,0.6544906
1,stroke,1408.37,29.008553,,35.5,8.389393
3,stroke,1408.37,10.642346,,16.5,2.2960546
5,stroke,1408.37,2.6242926,,46.5,0.7350438
6,stroke,1408.37,0.7827096,,31.0,0.2046537
7,stroke,1408.37,4.572041,,22.0,1.3377329
2,stroke,1415.936,10.568541,,50.0,3.2679849
4,stroke,1415.936,7.1990337,5.0,41.5,1.6201022
6,stroke,1415.936,0.8724326,44.0,44.0,0.18651515
7,stroke,1415.936,1.8158424,7.5,28.0,0.433515
1,stroke,1422.364,52.39749,33.0,36.5,6.8650246
3,stroke,1422.364,114.14523,22.0,26.0,3.8724937
4,stroke,1422.364,9.720262,14.0,26.0,1.8546034
5,stroke,1422.364,2.2855277,5.0,15.5,0.6628555
6,stroke,1422.364,0.726518,,21.5,0.2398427
7,stroke,1422.364,2.710554,34.0,34.5,0.7842524
1,stroke,1424.0375,38.22778,26.5,27.5,5.675871
3,stroke,1424.0375,118.75769,10.5,34.0,3.8573074
5,stroke,1424.0375,2.2601342,5.0,26.5,0.6844667
6,stroke,1424.0375,1.091942,,21.5,0.27588597
1,stroke,1427.028,40.027542,22.5,23.5,5.8540554
2,stroke,1427.028,11.484477,5.0,21.5,2.1067054
3,stroke,1427.028,13.105698,,46.0,3.3820415
4,stroke,1427.028,8.130801,38.0,38.5,1.5182897
5,stroke,1427.028,4.3160286,5.0,19.5,1.0582609
6,stroke,1427.028,1.4484022,19.0,19.0,0.31378165
1,stroke,1427.906,43.50211,24.0,49.5,7.6636744
2,stroke,1427.906,9.528112,5.5,25.5,1.6583133
7,stroke,1427.906,2.6046615,39.5,40.5,0.55289674
1,stroke,1436.838,26.663979,,42.5,7.88718
2,stroke,1436.838,5.928012,6.5,31.0,1.2399225
3,stroke,1436.838,14.86563,22.5,26.5,4.5401278
4,stroke,1436.838,22.785355,13.5,15.0,4.376323
6,stroke,1436.838,0.90922475,,27.0,0.25245202
7,stroke,1436.838,2.683963,45.5,46.5,0.44626588
1,stroke,1438.0175,37.067795,37.5,38.0,5.9707522
3,stroke,1438.0175,10.658012,5.0,15.0,3.4248862
4,stroke,1438.0175,12.865041,14.0,15.0,1.9189018
5,stroke,1438.0175,2.6309695,5.0,16.5,0.6850116
6,stroke,1438.0175,1.1699352,,24.0,0.26817808
7,stroke,1438.0175,1.6765395,5.0,16.0,0.3793993
1,stroke,1439.2685,30.25731,20.0,21.0,5.5443907
3,stroke,1439.2685,10.268116,16.5,22.5,1.0791618
5,stroke,1439.2685,21.729279,5.0,16.5,0.8206676
6,stroke,1439.2685,0.982605,15.5,16.5,0.2038229
7,stroke,1439.2685,5.529607,14.5,15.0,1.3352793
1,stroke,1440.078,22.00095,,33.0,5.599431
2,stroke,1440.078,14.046697,42.0,50.0,2.1243887
4,stroke,1440.078,10.397303,41.0,41.5,1.9051212
6,stroke,1440.078,1.455478,20.5,20.5,0.29510275
7,stroke,1440.078,4.6404834,5.0,27.0,0.6982424
1,stroke,1440.911,17.667168,11.5,48.5,4.787373
2,stroke,1440.911,7.8819427,46.5,46.5,2.5462887
3,stroke,1440.911,12.77549,8.0,15.0,2.6051776
4,stroke,1440.911,26.271118,5.0,19.0,1.7268251
5,stroke,1440.911,2.3030996,26.5,33.0,0.5298312
6,stroke,1440.911,0.86162436,41.5,42.0,0.20886296
7,stroke,1440.911,2.9875708,15.0,48.5,0.42261276
1,stroke,1441.7885,77.671326,5.0,20.5,5.0689664
2,stroke,1441.7885,1643.992,5.0,18.5,1.9922887
3,stroke,1441.7885,852.8544,5.0,18.0,2.4535005
4,stroke,1441.7885,373.80792,5.0,41.5,2.8568525
5,stroke,1441.7885,20.938587,5.0,20.0,0.8078072
6,stroke,1441.7885,0.9626269,13.5,28.5,0.20552696
7,stroke,1441.7885,17.693527,5.0,18.0,0.49090275
1,stroke,1444.3245,97.484566,5.0,20.0,4.7668715
2,stroke,1444.3245,1594.6466,5.0,18.0,2.1982133
3,stroke,1444.3245,852.66064,5.0,18.0,2.7285118
4,stroke,1444.3245,48.55081,18.0,20.0,9.428014
5,stroke,1444.3245,18.615421,5.0,19.5,0.56622016
6,stroke,1444.3245,1.0525446,33.0,33.5,0.22188321
7,stroke,1444.3245,18.275387,7.0,17.5,0.8531623
1,stroke,1446.3395,87.88807,5.0,20.5,5.061281
2,stroke,1446.3395,1550.0979,5.0,18.0,5.990551
3,stroke,1446.3395,842.62225,5.0,18.0,3.6523554
4,stroke,1446.3395,59.54487,5.0,26.5,2.942678
5,stroke,1446.3395,18.199888,5.0,19.5,0.7270954
7,stroke,1446.3395,19.4259,5.0,18.0,0.453782
1,stroke,1448.6845,23.668324,30.0,30.0,4.8210726
2,stroke,1448.6845,9.090627,5.0,18.5,1.5920982
3,stroke,1448.6845,6.4460387,,50.0,1.5988342
4,stroke,1448.6845,25.889824,48.5,50.0,2.8961282
5,stroke,1448.6845,2.8027909,7.5,46.5,0.6764168
6,stroke,1448.6845,1.0606138,14.5,15.0,0.19370581
7,stroke,1448.6845,2.2224858,27.0,35.5,0.52847934
1,stroke,1449.511,24.158041,12.5,49.5,4.6973543
2,stroke,1449.511,13.797204,6.0,27.5,1.44861
3,stroke,1449.511,7.204926,35.5,41.0,1.5827433
5,stroke,1449.511,3.26669,13.0,15.0,0.9213597
7,stroke,1449.511,2.1365209,11.5,36.5,0.37832013
1,stroke,1451.274,86.53324,5.0,20.0,5.242729
2,stroke,1451.274,1604.188,5.0,18.0,1.3209018
3,stroke,1451.274,870.9961,5.0,18.0,2.6972947
4,stroke,1451.274,51.020164,5.0,19.5,3.6502929
5,stroke,1451.274,16.910295,5.0,20.0,0.9095132
6,stroke,1451.274,0.8469576,,45.0,0.2643695
7,stroke,1451.274,19.914585,5.0,18.0,0.4176747
1,stroke,1453.321,18.006096,10.5,34.0,5.0095882
4,stroke,1453.321,13.253746,,21.5,3.5602815
5,stroke,1453.321,3.2516193,5.0,15.0,0.5063907
6,stroke,1453.321,1.080865,,30.5,0.29589355
7,stroke,1453.321,2.183559,5.5,21.0,0.60241187
1,stroke,1456.066,25.188568,41.0,41.5,5.517231
2,stroke,1456.066,5.824412,11.0,21.0,1.4685704
4,stroke,1456.066,11.130779,,41.0,2.8727028
6,stroke,1456.066,1.2492118,35.0,35.0,0.27560565
7,stroke,1456.066,2.4213533,5.0,25.0,0.311864
1,stroke,1457.8335,80.02856,5.0,20.5,4.5477657
2,stroke,1457.8335,1663.5232,5.0,18.0,1.3859687
3,stroke,1457.8335,838.8515,5.0,18.0,1.1534743
4,stroke,1457.8335,39.235966,5.0,19.5,3.416213
5,stroke,1457.8335,14.66764,5.0,19.5,0.82159
6,stroke,1457.8335,1.348973,23.5,24.0,0.24036457
7,stroke,1457.8335,18.353472,5.0,18.0,0.4093417
1,stroke,1459.972,81.81518,5.0,20.5,6.107817
2,stroke,1459.972,1724.6649,5.0,18.5,1.217961
3,stroke,1459.972,861.52136,5.0,18.0,4.3197083
4,stroke,1459.972,37.487514,5.0,20.0,3.1999152
5,stroke,1459.972,15.856804,5.0,19.5,0.44364086
6,stroke,1459.972,0.80069566,,30.0,0.22731261
7,stroke,1459.972,19.6969,5.0,18.0,0.34925234
1,stroke,1462.091,78.72936,5.0,20.5,7.062916
2,stroke,1462.091,1729.3683,6.5,18.5,2.9961398
3,stroke,1462.091,902.4071,5.0,18.0,1.9686993
4,stroke,1462.091,37.469666,5.0,20.0,3.5911381
5,stroke,1462.091,14.476202,5.0,19.5,0.4440984
6,stroke,1462.091,0.9756225,12.0,41.5,0.19530573
7,stroke,1462.091,17.674938,5.0,18.0,0.4121746
1,stroke,1464.308,90.617584,5.0,21.5,4.9383073
2,stroke,1464.308,1758.9666,5.0,18.5,2.129545
3,stroke,1464.308,868.1277,5.0,18.0,1.9674426
4,stroke,1464.308,35.62809,5.0,20.0,3.187148
5,stroke,1464.308,17.415604,5.0,19.5,0.86209434
6,stroke,1464.308,0.782936,8.0,35.0,0.19278696
7,stroke,1464.308,20.296894,5.0,18.0,0.57222897
1,stroke,1466.8205,36.311737,5.5,41.0,4.532221
2,stroke,1466.8205,9.175,5.0,19.0,1.0935314
4,stroke,1466.8205,13.861528,41.0,35.0,2.2631817
5,stroke,1466.8205,4.2899437,5.0,15.0,0.63568616
6,stroke,1466.8205,1.1284513,23.5,24.5,0.17091146
7,stroke,1466.8205,4.6805024,48.5,49.0,0.8090682
1,stroke,1503.3515,7.410919,,50.0,2.355792
2,stroke,1503.3515,13.456827,24.5,31.0,2.3921947
5,stroke,1503.3515,14.883036,5.0,47.5,0.44701567
7,stroke,1503.3515,4.332547,40.0,41.0,0.93947625
1,stroke,1504.156,7.8076553,5.0,43.0,1.2095559
5,stroke,1504.156,13.492863,36.5,50.0,2.1620739
6,stroke,1504.156,0.8292575,,45.5,0.23374096
7,stroke,1504.156,8.455492,,16.5,2.4654543
1,stroke,1504.981,27.706015,,21.5,6.5469437
2,stroke,1504.981,13.964449,48.5,50.0,3.5765517
4,stroke,1504.981,11.257249,29.0,33.0,1.7239087
5,stroke,1504.981,7.58397,,18.5,2.2960746
6,stroke,1504.981,0.92088485,,16.5,0.25009605
7,stroke,1504.981,24.850328,31.0,35.5,3.5808768
1,stroke,1511.084,56.41696,5.0,20.0,5.579173
2,stroke,1511.084,612.9564,5.0,18.0,1.7089602
3,stroke,1511.084,540.9513,5.0,15.5,1.9215443
4,stroke,1511.084,27.836771,5.0,20.5,1.273999
5,stroke,1511.084,5.1138444,5.0,19.0,0.28320998
6,stroke,1511.084,0.8245214,,22.0,0.25859874
7,stroke,1511.084,17.092333,5.0,18.0,0.4037264
1,stroke,1513.895,33.179474,5.0,20.5,1.6643432
2,stroke,1513.895,626.95734,5.0,18.0,2.487766
3,stroke,1513.895,285.19714,5.0,16.0,2.8639474
4,stroke,1513.895,14.834426,5.0,22.0,1.2454312
5,stroke,1513.895,7.850836,5.0,19.0,0.39120746
7,stroke,1513.895,19.595304,7.0,18.0,0.4650613
1,stroke,1515.5275,6.2366486,41.0,43.0,1.2825297
3,stroke,1515.5275,80.784454,16.5,16.5,23.862782
5,stroke,1515.5275,3.130443,5.0,49.5,0.42152265
7,stroke,1515.5275,2.5757966,33.0,28.0,0.4486152
1,stroke,1516.838,36.81446,5.0,20.5,1.8578312
2,stroke,1516.838,624.9683,5.0,17.5,2.0825617
3,stroke,1516.838,449.38007,6.5,15.5,23.469616
4,stroke,1516.838,15.450703,5.0,19.5,3.3188007
5,stroke,1516.838,6.023292,5.0,19.0,0.6129746
6,stroke,1516.838,1.1412909,39.5,40.0,0.19843945
7,stroke,1516.838,17.129766,5.5,17.5,0.55991644
1,stroke,1519.0265,33.969677,5.0,20.5,2.1619034
2,stroke,1519.0265,629.76953,5.0,18.0,2.7074032
3,stroke,1519.0265,444.82187,7.5,15.5,50.450058
4,stroke,1519.0265,15.331001,5.0,20.0,1.5783533
5,stroke,1519.0265,5.648292,5.0,19.0,0.31407017
6,stroke,1519.0265,1.2741163,29.0,29.0,0.2643692
7,stroke,1519.0265,17.483507,5.0,18.0,0.44364133
1,stroke,1520.967,42.40875,5.0,20.5,1.0417534
2,stroke,1520.967,662.89886,5.0,17.5,1.6216716
3,stroke,1520.967,315.32846,5.5,17.5,1.4654526
4,stroke,1520.967,13.888367,5.0,19.5,1.703297
5,stroke,1520.967,5.695033,5.0,19.5,0.5508017
6,stroke,1520.967,1.0915496,,43.5,0.23922022
7,stroke,1520.967,16.097416,5.0,17.5,0.40595457
1,stroke,1523.0495,46.59574,5.0,20.5,1.1139215
2,stroke,1523.0495,648.0846,5.0,17.5,2.2603803
3,stroke,1523.0495,581.53925,7.0,15.0,51.12329
4,stroke,1523.0495,22.504435,5.0,21.0,2.0302024
5,stroke,1523.0495,4.958985,5.0,19.0,0.6140993
6,stroke,1523.0495,1.0056236,,19.5,0.24379869
7,stroke,1523.0495,17.5554,5.5,17.5,0.68354106
1,stroke,1524.984,41.54682,5.0,20.5,2.3560746
2,stroke,1524.984,711.42206,5.0,17.5,4.601167
3,stroke,1524.984,482.543,6.5,15.0,16.056087
5,stroke,1524.984,4.654132,5.0,35.5,0.8053298
6,stroke,1524.984,1.0134642,35.5,36.0,0.18433213
7,stroke,1524.984,18.737019,5.0,17.5,0.31791288
1,stroke,1527.5035,49.225662,5.0,20.5,1.7902846
2,stroke,1527.5035,792.1625,5.0,18.0,1.9682404
3,stroke,1527.5035,292.73685,5.0,17.5,2.6738195
4,stroke,1527.5035,16.512695,5.0,20.0,1.781386
5,stroke,1527.5035,7.3399577,5.0,19.0,0.298057
6,stroke,1527.5035,1.0907458,6.5,23.0,0.21904631
7,stroke,1527.5035,19.950806,7.0,18.0,0.50319177
1,stroke,1529.834,38.26767,5.0,21.0,1.5717752
2,stroke,1529.834,715.24963,6.0,18.0,1.4210104
3,stroke,1529.834,288.61438,5.0,15.5,4.3613076
4,stroke,1529.834,22.792866,6.5,21.0,5.391014
5,stroke,1529.834,4.861975,5.0,19.0,0.5357371
6,stroke,1529.834,1.2603512,49.0,50.0,0.22274493
7,stroke,1529.834,19.30323,6.0,18.0,0.34134012
1,stroke,1537.0405,43.996574,5.0,20.0,1.5997598
2,stroke,1537.0405,794.0957,5.0,17.5,4.3739076
3,stroke,1537.0405,346.00848,5.0,17.5,2.020061
5,stroke,1537.0405,4.8112288,5.0,19.5,0.50728303
6,stroke,1537.0405,1.0218508,,42.0,0.29011768
7,stroke,1537.0405,15.411623,5.0,17.5,0.34306952
1,stroke,1539.7065,8.144437,22.0,22.5,1.125266
2,stroke,1539.7065,9.7170515,18.5,19.0,1.7571747
3,stroke,1539.7065,10.147839,17.0,33.0,3.3592682
4,stroke,1539.7065,5.764093,,34.0,1.4608835
5,stroke,1539.7065,7.071583,5.0,30.0,1.1452873
6,stroke,1539.7065,1.5410908,22.5,23.0,0.26266593
7,stroke,1539.7065,34.292934,7.5,50.0,1.0290059
1,stroke,1551.4105,4.0144043,14.5,36.0,1.0949075
2,stroke,1551.4105,12.553486,42.0,48.5,1.5319593
4,stroke,1551.4105,8.11908,,28.0,2.3959343
5,stroke,1551.4105,8.512999,5.0,15.5,0.32436022
6,stroke,1551.4105,1.1188118,37.5,38.0,0.2518367
7,stroke,1551.4105,17.887026,5.0,23.0,1.1597744
1,stroke,1552.382,7.393869,,24.0,2.0269132
4,stroke,1552.382,8.5401945,11.0,16.0,1.5083082
5,stroke,1552.382,3.042058,5.0,17.0,0.34244707
6,stroke,1552.382,1.157618,19.0,19.0,0.2364798
7,stroke,1552.382,3.757182,18.0,48.5,0.53537506
1,stroke,1570.4895,74.08004,5.0,20.5,2.2973757
2,stroke,1570.4895,1216.4624,5.0,18.5,2.8997488
3,stroke,1570.4895,791.8741,5.0,18.0,2.2395802
4,stroke,1570.4895,33.5605,5.0,20.5,1.858012
5,stroke,1570.4895,18.024393,5.0,19.5,0.60363966
6,stroke,1570.4895,1.3229649,40.0,40.5,0.2524093
7,stroke,1570.4895,16.770596,5.0,18.5,0.33759284
1,stroke,1572.9925,11.63788,5.5,18.5,1.322486
2,stroke,1572.9925,8.548064,10.5,37.5,1.736102
3,stroke,1572.9925,12.299648,14.5,18.0,2.4095564
4,stroke,1572.9925,41.960205,22.5,34.0,1.6143885
6,stroke,1572.9925,1.1140504,,29.0,0.25217232
7,stroke,1572.9925,5.055209,36.0,39.5,1.22008
1,stroke,1573.7995,7.47773,15.0,48.5,1.3925251
2,stroke,1573.7995,12.704642,46.0,49.5,2.291039
3,stroke,1573.7995,7.15257,5.0,35.5,1.3596301
5,stroke,1573.7995,9.609706,33.0,37.5,2.6461442
6,stroke,1573.7995,1.2841535,38.5,39.0,0.23273487
7,stroke,1573.7995,4.6188974,5.0,26.0,1.2359934
1,stroke,1576.636,74.30768,5.0,20.0,2.2772386
2,stroke,1576.636,1206.5454,5.0,18.0,1.93214
3,stroke,1576.636,731.24054,5.0,18.0,2.1944242
4,stroke,1576.636,32.60694,5.0,20.5,2.1458352
5,stroke,1576.636,8.746577,5.0,19.5,0.42981082
6,stroke,1576.636,0.94148755,8.0,22.0,0.22477938
7,stroke,1576.636,14.949133,5.0,18.0,0.4078846
1,stroke,1578.9025,71.23337,5.0,21.0,1.695242
2,stroke,1578.9025,1269.9547,5.0,18.0,2.0171173
3,stroke,1578.9025,773.0207,5.0,18.0,1.9075449
4,stroke,1578.9025,55.948437,5.0,35.5,1.4463611
5,stroke,1578.9025,9.478384,5.0,19.5,0.60615236
6,stroke,1578.9025,0.89184034,,46.0,0.20385776
7,stroke,1578.9025,14.825584,5.0,17.5,0.4024098
1,stroke,1581.032,80.947044,5.0,20.0,0.90216225
2,stroke,1581.032,1211.1321,5.0,18.0,3.2220116
3,stroke,1581.032,823.5733,5.0,18.0,1.1465008
5,stroke,1581.032,9.429708,5.0,19.0,0.66014194
6,stroke,1581.032,0.96966505,,42.5,0.2957629
7,stroke,1581.032,15.213921,5.0,17.5,0.26806736
1,stroke,1582.965,74.42907,5.0,20.0,0.5545329
2,stroke,1582.965,1213.3237,5.0,18.0,1.649344
3,stroke,1582.965,837.34814,5.0,18.0,2.7495081
4,stroke,1582.965,30.377449,5.0,20.0,1.7217159
5,stroke,1582.965,8.111381,5.0,19.0,0.48987645
6,stroke,1582.965,1.3519338,,49.0,0.32730964
7,stroke,1582.965,15.320391,7.0,17.5,0.4734124
1,stroke,1585.148,74.96905,5.0,20.0,1.1609697
2,stroke,1585.148,1244.1191,5.0,18.0,5.3091536
3,stroke,1585.148,872.4811,5.0,18.0,1.5833399
4,stroke,1585.148,47.056534,5.0,20.0,1.4428022
5,stroke,1585.148,10.252265,5.0,19.0,0.30777594
6,stroke,1585.148,1.2166971,42.0,42.5,0.19471642
7,stroke,1585.148,15.867609,5.0,18.0,0.45099476
1,stroke,1587.174,68.444824,5.0,20.0,1.2205108
2,stroke,1587.174,1330.2009,5.0,17.5,1.0453515
3,stroke,1587.174,967.57874,5.0,17.5,1.392907
4,stroke,1587.174,27.502363,5.0,19.5,3.2463665
5,stroke,1587.174,7.3050857,5.0,19.0,0.6108179
7,stroke,1587.174,15.936862,5.0,17.5,0.33215088
1,stroke,1589.408,58.229557,5.0,20.0,1.2079484
2,stroke,1589.408,1452.6875,5.0,18.0,2.019485
3,stroke,1589.408,1154.1776,5.0,18.0,3.0110395
4,stroke,1589.408,25.453934,5.0,20.5,3.3675344
5,stroke,1589.408,7.9808755,5.0,19.0,0.5428472
6,stroke,1589.408,0.88672906,,48.5,0.25382003
7,stroke,1589.408,15.659958,7.0,18.0,0.48733115
1,stroke,1593.174,55.082474,5.0,20.5,2.336346
2,stroke,1593.174,1329.8705,5.0,18.0,2.7892232
3,stroke,1593.174,800.3087,6.0,18.0,15.24448
4,stroke,1593.174,32.48623,5.0,20.0,4.89768
5,stroke,1593.174,10.379456,5.0,19.0,0.4659684
6,stroke,1593.174,0.89218867,,49.0,0.28725284
7,stroke,1593.174,16.17655,7.0,17.5,0.40501955
1,stroke,1600.3415,12.899387,5.0,18.0,1.2517185
4,stroke,1600.3415,41.08603,15.0,23.5,1.7273853
6,stroke,1600.3415,1.581792,16.5,17.5,0.16610938
7,stroke,1600.3415,1.909483,46.0,46.0,0.46784052
1,stroke,1612.587,10.512993,44.5,46.0,1.6560391
2,stroke,1612.587,10.232524,6.0,22.0,1.533778
5,stroke,1612.587,6.152457,5.0,15.0,1.2014469
6,stroke,1612.587,0.96707594,,26.0,0.24805179
7,stroke,1612.587,3.6414657,11.5,30.0,1.1792215
1,stroke,1613.3975,6.334015,49.0,50.0,1.2018005
3,stroke,1613.3975,6.7029715,19.5,25.5,1.6062399
4,stroke,1613.3975,7.1307387,,39.0,2.3370502
5,stroke,1613.3975,4.945669,12.5,18.0,0.97713
6,stroke,1613.3975,1.029283,44.0,44.0,0.22672263
1,stroke,1620.842,88.49991,5.0,20.0,1.6808556
2,stroke,1620.842,1211.3981,6.0,18.0,2.0411415
3,stroke,1620.842,1128.4177,6.0,18.0,16.302155
4,stroke,1620.842,34.30338,5.0,20.0,1.4481987
5,stroke,1620.842,15.142257,5.0,19.0,0.42468938
6,stroke,1620.842,1.0207028,,46.0,0.25745836
7,stroke,1620.842,21.36544,7.0,17.5,0.3605956
1,stroke,1623.2345,83.493454,5.0,20.5,1.3977432
2,stroke,1623.2345,1258.868,5.0,18.5,2.5372195
3,stroke,1623.2345,1046.7094,5.0,18.5,1.7578439
4,stroke,1623.2345,41.39414,5.0,20.0,1.3584976
5,stroke,1623.2345,14.9650545,5.0,19.5,0.45428059
6,stroke,1623.2345,1.0702195,5.0,43.5,0.21232246
7,stroke,1623.2345,20.852179,5.0,18.0,0.36935297
1,stroke,1640.4665,51.91075,5.0,20.5,1.6094924
2,stroke,1640.4665,1482.9691,5.0,18.0,2.7093463
3,stroke,1640.4665,984.89905,5.0,18.5,6.4399896
4,stroke,1640.4665,28.037008,5.0,20.0,2.0770674
5,stroke,1640.4665,7.6976013,5.0,19.0,0.5207174
6,stroke,1640.4665,1.0511315,,42.5,0.2429782
7,stroke,1640.4665,19.015186,5.0,18.0,0.42646417
1,stroke,1643.0705,60.803192,5.0,20.0,2.5949237
2,stroke,1643.0705,1473.6636,5.0,17.5,3.3529172
3,stroke,1643.0705,1043.7864,5.0,17.5,1.0014693
4,stroke,1643.0705,30.48943,5.0,19.5,2.9246075
5,stroke,1643.0705,7.1367197,5.0,19.0,0.5386043
6,stroke,1643.0705,1.2371442,15.5,18.0,0.21141104
7,stroke,1643.0705,18.30593,6.0,17.5,0.8744855
1,stroke,1645.214,51.264843,5.0,20.0,1.4108837
2,stroke,1645.214,1462.7509,5.0,17.5,1.9168016
3,stroke,1645.214,957.63354,5.0,17.5,1.486663
4,stroke,1645.214,32.68446,5.0,20.5,2.0689166
5,stroke,1645.214,8.546104,5.0,18.5,0.57274437
6,stroke,1645.214,1.2883418,19.0,20.0,0.20968433
7,stroke,1645.214,19.67234,5.0,17.5,0.36009136
1,stroke,1647.5685,59.740208,5.0,20.0,1.0585258
2,stroke,1647.5685,1525.5757,5.0,18.0,1.5760375
3,stroke,1647.5685,1042.927,5.0,17.5,3.2487197
4,stroke,1647.5685,26.735,5.0,20.0,2.7195182
5,stroke,1647.5685,8.60808,5.0,19.0,0.33507976
6,stroke,1647.5685,0.9364986,,24.5,0.24873433
7,stroke,1647.5685,18.34423,5.0,17.5,0.3676443
1,stroke,1650.4175,59.60413,5.0,20.5,1.0903932
2,stroke,1650.4175,1500.1494,5.0,18.0,2.1790771
3,stroke,1650.4175,1069.3644,5.0,18.0,2.6452713
4,stroke,1650.4175,31.280502,5.0,21.5,2.8788002
5,stroke,1650.4175,8.837349,5.0,19.0,0.7206451
6,stroke,1650.4175,1.047402,20.5,21.0,0.23514292
7,stroke,1650.4175,18.196085,7.0,17.5,0.47809243
1,stroke,1652.7425,93.28572,5.0,27.5,0.9727532
2,stroke,1652.7425,1485.0981,5.0,17.5,1.705886
3,stroke,1652.7425,991.8639,5.0,17.5,1.7482384
4,stroke,1652.7425,29.511534,5.0,20.0,6.6418376
5,stroke,1652.7425,7.6850886,5.0,18.5,0.6194902
6,stroke,1652.7425,1.2163385,21.5,22.0,0.22792794
7,stroke,1652.7425,19.11577,5.0,17.5,0.4517965
1,stroke,1656.4945,131.23799,20.5,40.5,1.3389319
2,stroke,1656.4945,4973.929,36.0,38.5,1.4268688
3,stroke,1656.4945,3346.1636,5.0,38.5,0.61923707
4,stroke,1656.4945,79.49841,5.0,40.0,2.1621299
5,stroke,1656.4945,19.192099,5.0,39.0,1.0058134
6,stroke,1656.4945,1.2321584,21.5,21.5,0.22462964
7,stroke,1656.4945,71.44987,37.0,38.5,0.39848992
1,stroke,1658.503,55.733433,5.0,21.0,1.0830846
2,stroke,1658.503,1492.1523,5.0,18.0,2.3230622
3,stroke,1658.503,975.06616,5.0,18.0,2.406379
4,stroke,1658.503,31.29755,5.0,20.5,1.7299662
5,stroke,1658.503,9.534403,5.0,19.0,0.73874253
6,stroke,1658.503,0.96143353,,20.5,0.27112648
7,stroke,1658.503,18.33848,5.0,18.0,0.4333224
1,stroke,1660.2725,10.096407,25.0,30.0,1.1345465
2,stroke,1660.2725,12.269337,5.0,16.0,1.671939
3,stroke,1660.2725,13.72027,,48.0,4.34158
4,stroke,1660.2725,6.3559694,16.0,46.0,1.6368014
6,stroke,1660.2725,0.8189708,,33.0,0.23968561
7,stroke,1660.2725,40.200996,5.0,42.5,4.4923964
1,stroke,1662.8625,39.180855,40.5,41.0,7.7548847
3,stroke,1662.8625,11.263881,24.5,46.0,2.2049303
5,stroke,1662.8625,3.382055,35.0,36.5,0.77703863
6,stroke,1662.8625,1.1535407,33.5,33.5,0.22951515
7,stroke,1662.8625,1.5349663,20.5,20.5,0.43075058
1,stroke,1665.5515,44.695374,,45.5,11.534581
2,stroke,1665.5515,8.948096,10.5,28.0,2.0920496
3,stroke,1665.5515,14.775582,8.0,15.0,2.908663
4,stroke,1665.5515,23.24234,5.0,21.0,1.8820436
5,stroke,1665.5515,2.1262636,5.0,36.0,0.54727846
6,stroke,1665.5515,1.1085055,49.5,49.5,0.23108743
7,stroke,1665.5515,2.0121655,34.0,34.5,0.3688155
1,stroke,1666.975,45.404903,38.5,38.5,9.286305
2,stroke,1666.975,7.989584,40.0,41.5,2.357184
3,stroke,1666.975,9.24486,23.0,50.0,2.7335758
5,stroke,1666.975,3.343814,5.0,45.5,0.70734096
6,stroke,1666.975,1.1201715,22.0,22.5,0.2160603
7,stroke,1666.975,41.97128,5.0,17.0,7.830557
2,stroke,1667.7765,7.9906487,32.5,32.5,2.5077674
3,stroke,1667.7765,6.3877535,9.5,27.0,1.5097269
5,stroke,1667.7765,5.103964,5.0,23.5,1.2709403
6,stroke,1667.7765,1.2100829,45.5,45.5,0.25573927
1,stroke,1668.5805,43.830276,48.0,48.5,10.489468
2,stroke,1668.5805,10.489212,,37.5,2.8575356
3,stroke,1668.5805,19.992476,46.0,50.0,4.787672
4,stroke,1668.5805,33.589333,15.5,36.5,2.971838
6,stroke,1668.5805,0.87258124,,42.0,0.28291413
7,stroke,1668.5805,160.10748,16.0,44.0,11.414225
1,stroke,1669.382,43.912727,6.5,48.5,9.533951
2,stroke,1669.382,10.8200035,5.0,38.5,1.5807627
3,stroke,1669.382,9.04876,43.0,49.0,1.9152548
4,stroke,1669.382,38.98315,7.0,21.5,2.222428
7,stroke,1669.382,7.680168,5.0,30.5,1.4944704
1,stroke,1670.2005,46.89051,,35.0,9.8181925
2,stroke,1670.2005,8.070519,45.5,50.0,2.6370726
3,stroke,1670.2005,20.051537,41.0,46.5,3.0040448
5,stroke,1670.2005,136404.88,,18.0,37509.344
6,stroke,1670.2005,1.097774,5.0,21.0,0.21269491
7,stroke,1670.2005,12.487743,5.0,15.0,3.2986777
1,stroke,1671.006,44.378082,,40.0,10.751043
2,stroke,1671.006,8.106742,,16.5,2.2363374
4,stroke,1671.006,7.6237345,,33.0,2.3265724
6,stroke,1671.006,1.0086179,,31.5,0.23296204
7,stroke,1671.006,13.773031,5.0,21.0,3.0690143
1,stroke,1673.6895,56.595894,21.5,25.0,7.696198
2,stroke,1673.6895,7.436843,15.5,21.0,1.616954
3,stroke,1673.6895,8.831459,37.5,39.5,1.964862
4,stroke,1673.6895,1364.4154,5.0,21.5,3.2511463
5,stroke,1673.6895,16019.705,5.0,21.5,1.0994399e-05
6,stroke,1673.6895,1.1662067,5.5,23.0,0.22280616
7,stroke,1673.6895,12.877977,33.0,49.0,0.9787796
1,stroke,1674.4965,30.513176,,32.0,9.44787
2,stroke,1674.4965,11.404083,23.0,41.0,1.6361485
3,stroke,1674.4965,10.86731,5.0,16.5,2.8195026
5,stroke,1674.4965,40885.99,12.0,29.5,7179.118
6,stroke,1674.4965,1.0760391,,36.0,0.25536212
1,stroke,1675.2975,31.795216,,16.0,8.762678
4,stroke,1675.2975,11.482438,24.0,24.5,1.9938709
6,stroke,1675.2975,1.1753371,23.5,24.0,0.23799495
7,stroke,1675.2975,1.5977015,17.5,18.0,0.4420506
1,stroke,1676.101,35.439053,,28.5,8.988183
2,stroke,1676.101,7.99974,32.5,33.5,2.4833486
5,stroke,1676.101,38073.34,8.0,25.0,5543.812
6,stroke,1676.101,1.2340057,26.0,49.0,0.21170342
7,stroke,1676.101,4.24708,17.5,42.0,0.39418626
1,stroke,1676.904,29.884888,,47.0,7.807248
2,stroke,1676.904,9.131036,,24.0,2.242964
3,stroke,1676.904,6.0556,5.0,15.0,1.8630772
5,stroke,1676.904,2677.0254,13.0,47.0,423.91534
6,stroke,1676.904,1.0906913,14.0,18.5,0.23472422
1,stroke,1677.7155,40.669334,,29.0,8.963426
2,stroke,1677.7155,6.4930625,6.0,27.5,2.1521616
3,stroke,1677.7155,12.000447,38.0,39.0,3.5105662
4,stroke,1677.7155,9.352972,38.0,38.0,1.8616807
6,stroke,1677.7155,1.0702615,45.0,47.5,0.20105542
