channel,hemisphere,stimulus_time,amplitude,latency,peak_time,baseline_std
4,healthy,0.876,2546.0103,,35.0,616.67316
7,healthy,0.876,6970.1006,5.0,19.0,1018.90405
8,healthy,0.876,2726.337,25.0,25.0,560.6924
11,healthy,0.876,7476.8125,6.5,20.5,1301.0883
2,healthy,1.855,2755.0952,9.0,19.0,480.83875
7,healthy,1.855,5248.039,5.0,15.0,920.0013
9,healthy,1.855,5919.0166,17.5,17.5,1461.763
2,healthy,3.029,3644.7449,45.0,45.0,908.8893
4,healthy,3.029,5090.7354,39.0,48.5,621.8843
7,healthy,3.029,7159.6562,5.0,15.0,1232.7697
9,healthy,3.029,13689.068,5.0,15.0,1184.2502
7,healthy,4.698,4913.5107,5.0,15.0,1013.55054
8,healthy,4.698,4847.979,8.5,40.5,539.8024
9,healthy,4.698,5104.83,5.0,30.0,1611.4036
11,healthy,4.698,9479.214,5.0,20.0,1623.8411
4,healthy,5.7185,4037.107,33.0,33.5,790.4965
11,healthy,5.7185,6398.6143,6.5,20.0,1825.0264
2,healthy,6.54,4232.701,7.0,21.5,689.34784
4,healthy,6.54,3828.7002,31.0,47.5,638.13916
7,healthy,6.54,3459.468,5.0,27.0,824.1953
4,healthy,7.4455,3315.0862,,23.0,1078.7054
7,healthy,7.4455,7187.302,5.0,17.0,2274.0369
8,healthy,7.4455,3587.1624,5.0,31.5,621.18506
9,healthy,7.4455,6482.773,6.5,24.5,1181.3087
11,healthy,7.4455,9123.316,9.0,18.0,1781.5447
2,healthy,8.714,4203.3857,5.0,46.0,1046.0891
4,healthy,8.714,3985.062,5.5,29.0,566.7749
8,healthy,8.714,2925.2085,,41.5,796.8051
11,healthy,8.714,8146.2354,27.0,29.0,2417.8542
2,healthy,10.006,3114.0063,38.0,42.5,680.6038
4,healthy,10.006,4316.6406,44.5,44.5,981.65375
7,healthy,10.006,5214.534,5.0,45.5,706.51416
8,healthy,10.006,2948.6147,13.5,15.0,578.94073
9,healthy,10.006,4521.254,5.0,15.0,783.3047
11,healthy,10.006,9701.754,,30.5,2745.9524
4,healthy,11.471,2503.03,,15.0,549.4387
8,healthy,11.471,4984.278,35.0,35.5,735.8786
9,healthy,11.471,8432.887,6.5,48.0,706.02563
11,healthy,11.471,21667.227,5.0,32.0,1860.8578
4,healthy,12.544,2620.4011,,32.0,822.11896
8,healthy,12.544,3548.1777,,16.0,752.57794
9,healthy,12.544,11159.801,16.5,35.0,1456.3907
11,healthy,12.544,8684.811,,20.5,2123.193
2,healthy,14.1225,3941.645,6.0,16.5,763.9297
4,healthy,14.1225,3484.713,19.5,19.5,869.8517
7,healthy,14.1225,11048.47,5.0,36.5,658.29974
8,healthy,14.1225,3248.2979,12.5,38.5,738.9038
4,healthy,15.2855,3262.8147,20.5,48.0,539.2869
11,healthy,15.2855,16601.898,10.0,46.5,2249.1729
4,healthy,16.7015,4365.837,48.0,37.5,969.40765
7,healthy,16.7015,10514.204,11.5,35.5,1720.147
8,healthy,16.7015,3351.3145,22.5,23.0,627.96234
9,healthy,16.7015,10209.199,11.0,19.5,1484.8057
11,healthy,16.7015,12618.74,32.0,46.5,2729.3525
2,healthy,17.669,4283.083,12.0,35.0,1054.0188
4,healthy,17.669,2250.3657,,41.5,689.8781
7,healthy,17.669,5996.9053,5.0,44.0,1334.0334
11,healthy,17.669,21275.684,33.0,38.5,5082.6304
4,healthy,19.2795,7417.9634,9.5,42.5,620.65955
7,healthy,19.2795,7482.953,6.5,37.0,1538.3317
8,healthy,19.2795,3262.7803,32.0,32.5,593.55634
11,healthy,19.2795,7205.0176,19.5,40.0,1775.7728
7,healthy,21.9685,7451.246,5.0,38.0,1324.5698
8,healthy,21.9685,2061.675,,16.5,661.24396
9,healthy,21.9685,8454.392,45.0,45.5,2364.5725
2,healthy,23.6735,5660.7383,5.0,42.5,910.0616
4,healthy,23.6735,16549.68,34.0,50.0,1137.6532
9,healthy,23.6735,7832.8237,5.0,46.0,587.0347
11,healthy,23.6735,9640.912,34.5,48.5,2233.6301
2,healthy,25.8275,3995.673,29.0,34.5,874.2591
7,healthy,25.8275,7033.1016,5.0,30.0,1238.4148
8,healthy,25.8275,5274.9526,47.0,50.0,1034.5988
9,healthy,25.8275,3770.6985,,15.5,1243.8043
11,healthy,25.8275,10235.934,,18.5,2791.7898
2,healthy,28.7025,4343.0366,7.0,34.0,792.85846
4,healthy,28.7025,6734.5786,13.0,44.0,723.1796
7,healthy,28.7025,3175.8604,5.0,40.5,809.92236
8,healthy,28.7025,4454.4243,25.0,34.0,845.2449
9,healthy,28.7025,3521.482,17.5,50.0,1140.7059
11,healthy,28.7025,6710.655,5.0,15.0,2132.6113
2,healthy,29.5515,2954.7869,5.0,40.5,792.5375
4,healthy,29.5515,2442.4795,,39.5,646.812
8,healthy,29.5515,2878.1091,35.5,35.5,566.84625
9,healthy,29.5515,6932.8945,38.0,38.5,1847.312
11,healthy,29.5515,11718.533,5.0,15.5,2250.6208
4,healthy,30.5895,2251.689,,48.0,663.5136
7,healthy,30.5895,7401.1724,5.0,15.0,1308.6193
8,healthy,30.5895,2676.5627,16.0,38.0,858.9316
9,healthy,30.5895,5567.6567,30.5,39.5,1015.6113
11,healthy,30.5895,9954.977,27.5,35.5,2350.2024
2,healthy,31.7705,4463.295,5.0,15.0,1008.7806
4,healthy,31.7705,4572.3096,42.5,48.0,670.5118
7,healthy,31.7705,29404.488,5.0,40.0,678.2737
8,healthy,31.7705,2838.522,12.5,47.5,630.8235
11,healthy,31.7705,14931.516,,33.5,4815.54
7,healthy,32.878,3723.7766,5.0,16.5,749.2016
8,healthy,32.878,3219.0972,38.5,38.5,550.5949
9,healthy,32.878,5012.4326,8.0,17.0,1238.3788
11,healthy,32.878,7701.487,6.0,23.5,1868.9567
4,healthy,34.1545,2044.1531,12.5,38.0,559.4883
7,healthy,34.1545,4497.4004,5.0,19.0,950.40173
8,healthy,34.1545,4347.2734,16.5,17.0,1052.5298
9,healthy,34.1545,8911.53,12.5,16.5,1808.3413
2,healthy,36.127,4382.915,5.0,19.0,653.04926
7,healthy,36.127,6468.697,5.0,19.0,2074.6365
11,healthy,36.127,9616.786,12.0,49.0,2140.602
2,healthy,39.8145,3306.054,18.0,41.0,949.35187
4,healthy,39.8145,3481.1077,12.0,24.5,791.6217
7,healthy,39.8145,7101.2305,5.0,48.0,1933.0669
8,healthy,39.8145,2845.5034,14.5,21.0,666.77826
11,healthy,39.8145,8043.007,5.0,49.0,1372.2483
7,healthy,40.916,6988.5156,5.0,15.0,1864.84
8,healthy,40.916,2794.6924,23.0,23.5,567.66925
9,healthy,40.916,5196.637,16.0,16.5,1210.7893
11,healthy,40.916,7308.8354,15.5,48.0,1809.2845
2,healthy,42.194,4807.699,11.5,31.5,685.7779
4,healthy,42.194,3211.3452,5.0,40.5,766.589
7,healthy,42.194,4430.05,17.0,18.0,1042.1555
9,healthy,42.194,4412.01,5.0,15.5,1281.3689
4,healthy,44.0865,6337.5596,49.5,50.0,1419.9252
8,healthy,44.0865,2936.1492,,27.5,841.5753
9,healthy,44.0865,9488.2705,7.5,31.0,940.47675
11,healthy,44.0865,25739.922,39.0,50.0,3313.7817
2,healthy,45.6775,2916.0752,7.0,28.5,876.4874
4,healthy,45.6775,5480.8335,31.0,32.0,698.6567
7,healthy,45.6775,8426.002,5.0,15.5,1673.8983
2,healthy,46.9395,2757.2664,18.5,47.0,793.84076
4,healthy,46.9395,11373.444,10.0,37.5,882.8172
9,healthy,46.9395,9418.4,5.0,16.5,956.2121
11,healthy,46.9395,9210.952,13.0,48.5,3029.1196
4,healthy,47.7405,19361.68,35.5,36.5,2008.2672
8,healthy,47.7405,6817.89,9.5,22.5,1367.1083
9,healthy,47.7405,3002.2703,8.5,15.0,692.9904
2,healthy,48.7275,6911.5703,6.5,47.5,1586.8496
4,healthy,48.7275,3577.0842,5.0,28.0,780.17633
7,healthy,48.7275,7203.1357,8.5,36.0,2087.131
8,healthy,48.7275,6435.3716,5.0,16.0,699.70294
2,healthy,50.2455,3296.4978,22.5,35.0,822.5295
4,healthy,50.2455,6978.212,40.5,49.5,1107.852
7,healthy,50.2455,8895.521,5.0,15.0,1072.5725
9,healthy,50.2455,2776.3281,,31.0,921.09674
11,healthy,50.2455,10707.218,17.5,26.5,2900.899
7,healthy,51.123,29075.48,5.0,18.5,1667.1
8,healthy,51.123,2880.5134,,22.5,650.1255
2,healthy,53.3345,14668.637,24.0,25.0,1684.3729
4,healthy,53.3345,6955.3994,36.0,40.0,1088.338
7,healthy,53.3345,9780.41,5.0,20.0,1389.1863
8,healthy,53.3345,6438.501,5.0,47.0,687.9459
9,healthy,53.3345,9912.291,31.5,42.0,2346.4783
2,healthy,54.1415,13580.455,,44.5,3975.789
4,healthy,54.1415,8921.773,,18.5,1927.5575
8,healthy,54.1415,7668.746,28.0,32.0,717.3969
11,healthy,54.1415,11681.1875,,15.0,3217.5198
2,healthy,55.0935,8431.478,5.0,15.0,1043.949
7,healthy,55.0935,20998.188,5.0,15.0,2378.4792
8,healthy,55.0935,3292.411,6.5,20.0,683.83685
9,healthy,55.0935,5541.442,,47.0,1778.2086
11,healthy,55.0935,6140.835,47.0,50.0,1487.0985
2,healthy,56.29,6736.815,13.0,18.0,812.62604
4,healthy,56.29,2662.5444,,49.5,689.4955
7,healthy,56.29,5865.9756,5.0,18.5,1885.0763
8,healthy,56.29,3732.6108,,25.5,929.1866
9,healthy,56.29,3049.3223,5.0,36.5,855.70233
11,healthy,56.29,5496.4355,36.5,43.0,1432.9785
2,healthy,57.2345,8817.078,5.0,31.5,1320.6433
4,healthy,57.2345,2796.3892,48.5,48.5,670.0357
7,healthy,57.2345,6901.245,5.0,35.0,2249.702
8,healthy,57.2345,3399.783,6.0,19.0,1008.14374
2,healthy,58.9825,5283.002,5.0,49.0,881.8607
4,healthy,58.9825,2726.8682,,41.5,905.51544
7,healthy,58.9825,18699.691,5.0,21.5,1643.4664
9,healthy,58.9825,11378.537,20.5,21.0,2851.8792
11,healthy,58.9825,13981.719,29.5,35.5,1929.1533
2,healthy,59.903,6818.64,13.5,19.0,1401.1111
4,healthy,59.903,2969.7788,21.0,22.0,586.1861
7,healthy,59.903,8865.186,5.0,15.5,1246.6548
8,healthy,59.903,5609.003,38.0,39.5,804.5952
9,healthy,59.903,6707.8364,9.0,18.5,1737.6162
2,healthy,60.7905,5359.3203,16.5,33.5,987.56024
4,healthy,60.7905,3316.3718,,29.0,781.6794
7,healthy,60.7905,8031.8477,,50.0,2573.5525
8,healthy,60.7905,2983.271,,22.5,849.19965
9,healthy,60.7905,7739.7617,15.0,16.0,2194.4683
11,healthy,60.7905,10086.882,40.5,40.5,3250.5647
2,healthy,61.591,8181.4966,8.0,15.0,1569.127
4,healthy,61.591,5254.426,26.5,50.0,683.4278
8,healthy,61.591,3834.7222,,33.5,1074.641
9,healthy,61.591,6229.004,,43.5,1918.3706
11,healthy,61.591,10281.059,5.0,17.0,1766.304
2,healthy,62.45,7206.8438,8.5,23.5,1332.275
4,healthy,62.45,2759.1816,,43.0,726.1557
7,healthy,62.45,6253.3604,5.0,15.5,1685.7882
8,healthy,62.45,4825.1616,5.0,19.0,779.46814
9,healthy,62.45,5488.206,5.0,24.0,1025.0746
11,healthy,62.45,11662.479,5.0,15.0,2354.2126
2,healthy,63.313,8285.951,44.5,45.5,1868.5198
4,healthy,63.313,3087.4263,,45.0,760.0142
7,healthy,63.313,8455.45,5.0,15.0,815.10986
8,healthy,63.313,3844.4763,39.5,48.5,662.61566
9,healthy,63.313,7895.748,9.0,31.0,1101.7087
2,healthy,64.1395,6562.8926,13.0,43.0,1535.1829
4,healthy,64.1395,4641.41,30.0,39.5,597.00085
7,healthy,64.1395,10394.68,5.0,15.0,1045.593
8,healthy,64.1395,2514.6667,,23.5,818.75586
9,healthy,64.1395,8572.468,11.5,24.0,1202.3658
11,healthy,64.1395,13245.446,17.5,43.0,1267.2637
2,healthy,65.006,10347.785,14.5,29.0,973.6548
4,healthy,65.006,3332.7607,,50.0,821.3165
9,healthy,65.006,4864.749,6.5,46.5,1366.5403
11,healthy,65.006,10177.703,,43.5,2319.9558
2,healthy,65.8435,7147.263,28.0,28.5,1782.4093
7,healthy,65.8435,9087.819,5.0,21.5,2124.1218
8,healthy,65.8435,3602.1787,5.0,15.0,689.9266
9,healthy,65.8435,7740.0186,35.5,37.5,1760.9563
11,healthy,65.8435,13497.387,5.0,17.0,2699.065
2,healthy,66.7185,10274.717,31.0,44.0,1072.6641
4,healthy,66.7185,2722.1006,,42.0,891.38556
7,healthy,66.7185,13103.57,5.0,50.0,1827.2465
8,healthy,66.7185,7999.8887,21.5,25.0,712.22504
9,healthy,66.7185,4396.9067,8.5,19.0,802.7201
11,healthy,66.7185,9574.019,28.5,36.5,1487.8472
2,healthy,67.5625,5380.0757,5.0,34.0,1263.9995
4,healthy,67.5625,4180.288,20.0,32.5,642.798
7,healthy,67.5625,15536.859,7.5,17.5,2804.105
9,healthy,67.5625,7374.3926,5.5,50.0,654.974
2,healthy,68.704,9277.598,32.0,32.5,1543.2157
4,healthy,68.704,4942.699,17.5,40.5,906.9694
7,healthy,68.704,4147.2227,5.0,43.5,822.5383
8,healthy,68.704,2754.8853,,37.5,735.51465
11,healthy,68.704,6213.598,5.0,32.5,1369.6543
2,healthy,69.511,9339.336,9.0,43.5,1817.2352
7,healthy,69.511,27901.059,5.0,38.0,1480.8203
8,healthy,69.511,3823.986,39.0,40.0,592.45386
9,healthy,69.511,9300.974,12.0,16.5,1840.7876
2,healthy,70.337,4316.399,,27.5,1135.4838
7,healthy,70.337,39986.52,5.0,26.0,2165.4543
9,healthy,70.337,3221.7168,5.0,36.5,945.1962
11,healthy,70.337,10766.405,13.0,18.0,1786.5326
4,healthy,71.804,2907.1416,,27.5,665.353
7,healthy,71.804,6208.2373,5.0,15.5,1333.9795
8,healthy,71.804,7169.9272,39.0,45.0,1217.5511
2,healthy,73.494,3651.3613,7.5,31.5,745.9692
4,healthy,73.494,2035.0709,10.5,33.5,530.208
8,healthy,73.494,5624.3955,6.5,24.0,644.5615
9,healthy,73.494,4059.7046,,41.0,1061.1735
4,healthy,75.3235,3247.0068,35.0,35.5,705.8316
7,healthy,75.3235,7627.459,6.5,15.5,1925.5116
9,healthy,75.3235,7092.9893,5.0,29.5,1336.3153
11,healthy,75.3235,11932.107,44.5,49.0,2394.7578
2,healthy,76.5585,3235.7683,,40.0,845.74725
4,healthy,76.5585,3415.0383,,33.0,939.6499
8,healthy,76.5585,4930.6763,,22.5,1623.7212
9,healthy,76.5585,30120.586,9.0,16.5,2621.9163
11,healthy,76.5585,38337.664,7.5,15.5,2541.8875
4,healthy,77.6115,2760.476,37.5,37.5,861.0641
7,healthy,77.6115,6228.1924,5.0,25.0,1279.0114
8,healthy,77.6115,3712.3557,47.5,48.0,761.2024
9,healthy,77.6115,4674.0273,5.0,32.5,937.3719
2,healthy,78.8145,4188.151,24.0,25.0,1208.2693
4,healthy,78.8145,3039.859,,48.0,780.36
7,healthy,78.8145,3111.098,5.0,23.5,824.92896
8,healthy,78.8145,7946.2734,5.0,42.0,970.005
9,healthy,78.8145,8106.6753,18.5,29.5,1569.6509
11,healthy,78.8145,11986.841,40.5,42.0,2043.6115
2,healthy,80.7225,2757.2686,8.0,46.0,543.7032
7,healthy,80.7225,4045.1602,5.0,20.5,1186.0408
8,healthy,80.7225,6115.497,5.0,15.0,990.468
9,healthy,80.7225,5765.451,,15.0,1578.2489
11,healthy,80.7225,11277.655,5.0,39.0,2480.2686
4,healthy,84.504,3196.9663,,46.5,676.09735
7,healthy,84.504,10058.537,34.5,42.5,1958.4384
8,healthy,84.504,4322.7686,,38.0,1202.2643
9,healthy,84.504,5751.6626,,50.0,1661.8632
11,healthy,84.504,17651.436,20.5,42.0,1939.6561
2,healthy,85.917,3138.5505,5.5,27.5,879.8139
4,healthy,85.917,2830.9592,22.5,23.0,588.67706
8,healthy,85.917,4367.2183,11.5,34.5,874.8273
9,healthy,85.917,5492.0557,15.0,16.0,1100.8116
11,healthy,85.917,11487.758,8.5,20.0,2408.4446
2,healthy,87.9565,2951.3726,5.0,24.5,545.71674
4,healthy,87.9565,3523.2058,5.0,15.0,1091.05
7,healthy,87.9565,5063.1255,5.0,23.5,955.8433
8,healthy,87.9565,3861.8564,31.0,31.5,750.17914
9,healthy,87.9565,4083.4434,8.0,47.5,909.074
11,healthy,87.9565,7868.804,,16.5,2241.581
2,healthy,91.9095,3924.5522,,23.5,1157.9272
4,healthy,91.9095,3827.5664,10.0,40.5,839.36804
7,healthy,91.9095,11769.335,5.0,35.5,1427.0532
8,healthy,91.9095,3286.6587,34.5,35.0,612.5034
9,healthy,91.9095,4779.426,16.0,36.5,1497.2754
11,healthy,91.9095,10623.892,,50.0,2802.6472
2,healthy,92.7135,2839.802,14.5,20.5,798.8267
4,healthy,92.7135,2683.8833,,41.5,781.103
7,healthy,92.7135,5072.7915,5.0,17.5,1190.6624
8,healthy,92.7135,2634.6533,,27.0,704.1985
11,healthy,92.7135,12793.375,12.0,26.0,1985.5001
4,healthy,93.7325,6164.3936,5.0,21.5,1028.5203
7,healthy,93.7325,6388.3926,5.0,15.0,1168.3578
8,healthy,93.7325,5556.744,,46.0,1645.0488
9,healthy,93.7325,21577.047,5.0,15.0,5434.9683
2,healthy,94.7955,22616.168,5.0,17.5,853.6073
4,healthy,94.7955,20602.938,5.0,30.0,661.85425
7,healthy,94.7955,21097.055,5.0,15.5,1521.2627
8,healthy,94.7955,51395.08,10.5,29.5,885.06287
9,healthy,94.7955,40720.89,11.5,29.5,3128.0532
11,healthy,94.7955,39553.71,9.5,17.0,2910.8743
2,healthy,95.6015,10912.845,8.0,17.0,2194.4258
4,healthy,95.6015,12127.576,5.0,15.0,560.7761
7,healthy,95.6015,16511.768,5.0,35.0,923.7177
8,healthy,95.6015,7817.551,5.0,29.0,995.45166
2,healthy,96.5075,17486.225,5.0,18.5,969.54865
4,healthy,96.5075,9579.812,5.0,21.5,898.4336
7,healthy,96.5075,20467.688,18.0,22.5,2675.062
8,healthy,96.5075,26820.227,5.0,21.0,1027.4434
9,healthy,96.5075,17264.76,5.0,21.0,2816.2517
11,healthy,96.5075,38483.523,5.0,21.0,2861.4814
2,healthy,97.766,3097.2476,39.5,48.5,732.8607
4,healthy,97.766,3548.0723,,41.0,995.2132
7,healthy,97.766,6460.8447,16.5,28.0,1478.7723
8,healthy,97.766,6130.4854,,15.5,2040.3789
11,healthy,97.766,12395.492,5.0,18.5,1598.0154
2,healthy,98.5685,2351.232,6.0,50.0,710.47253
4,healthy,98.5685,10256.507,,21.0,2792.3655
9,healthy,98.5685,7519.6934,5.5,31.0,1719.5062
2,healthy,99.6425,4479.108,,38.0,1094.2677
4,healthy,99.6425,2415.8037,,31.5,613.6082
7,healthy,99.6425,6317.9663,5.0,37.5,804.75665
9,healthy,99.6425,5004.3613,12.0,27.5,871.53455
2,healthy,100.5385,4434.38,22.0,39.0,1293.8406
4,healthy,100.5385,3259.348,44.0,44.0,734.6573
7,healthy,100.5385,9919.461,6.5,29.5,1497.2499
8,healthy,100.5385,7437.968,5.0,23.5,711.1534
11,healthy,100.5385,5973.322,21.5,36.5,1267.2661
4,healthy,101.344,3139.2764,13.5,22.5,591.535
7,healthy,101.344,33769.605,,40.5,8372.278
9,healthy,101.344,8334.727,5.0,16.0,1194.1149
2,healthy,102.443,14821.923,5.0,18.5,712.234
4,healthy,102.443,12401.996,5.0,18.0,712.357
7,healthy,102.443,16537.41,5.0,22.0,1706.5078
8,healthy,102.443,39396.34,5.0,20.5,1591.7921
9,healthy,102.443,25371.238,5.0,21.0,3279.2317
11,healthy,102.443,22198.42,5.0,21.5,4138.943
2,healthy,103.757,16438.316,5.0,18.5,1100.2244
4,healthy,103.757,13517.323,5.0,37.5,563.7171
7,healthy,103.757,19449.982,5.0,18.0,1117.7424
8,healthy,103.757,33900.96,5.0,21.0,1883.1696
9,healthy,103.757,15664.053,5.0,21.0,1214.3427
11,healthy,103.757,20744.44,14.0,21.5,6053.1006
2,healthy,104.9305,12154.85,5.0,19.0,812.16907
4,healthy,104.9305,15803.59,5.0,50.0,632.8664
7,healthy,104.9305,18364.111,8.0,38.5,1142.2579
8,healthy,104.9305,37552.383,5.0,20.5,1005.6036
9,healthy,104.9305,17846.81,5.0,21.0,1516.3877
11,healthy,104.9305,24901.676,5.0,21.0,4423.872
2,healthy,105.8505,15454.613,5.0,18.5,683.72723
4,healthy,105.8505,16414.088,5.0,21.0,1442.658
7,healthy,105.8505,18984.863,5.0,18.0,1518.0037
8,healthy,105.8505,34931.316,5.0,20.5,701.6942
9,healthy,105.8505,25892.293,5.0,20.5,1198.134
11,healthy,105.8505,32965.312,5.0,20.5,2657.4116
2,healthy,107.2,6982.383,5.0,15.5,916.04095
4,healthy,107.2,2872.335,,20.5,779.07025
7,healthy,107.2,4550.517,5.0,16.5,1311.395
8,healthy,107.2,3044.0405,42.0,42.5,610.3151
9,healthy,107.2,4597.5957,30.5,31.0,1037.4753
11,healthy,107.2,13187.541,7.5,24.0,1639.1359
7,healthy,108.5295,5558.6855,5.0,45.5,1121.6742
8,healthy,108.5295,3035.783,16.0,16.5,526.79315
9,healthy,108.5295,5399.748,18.5,23.5,1217.7677
11,healthy,108.5295,11917.84,6.0,26.0,2222.803
7,healthy,109.5405,3531.753,5.0,31.5,870.4985
8,healthy,109.5405,3776.5657,,40.0,1212.7812
9,healthy,109.5405,7506.5127,18.0,23.5,1324.8685
2,healthy,110.8465,6743.0195,41.0,42.0,878.54083
9,healthy,110.8465,5468.931,5.0,18.5,1448.2628
4,healthy,111.65,4588.3574,16.5,41.5,665.94684
9,healthy,111.65,6380.635,5.0,36.5,616.61334
11,healthy,111.65,9187.867,5.0,15.0,1902.1534
7,healthy,112.4895,7617.438,14.5,18.0,1688.8129
8,healthy,112.4895,2813.7886,11.5,42.0,679.0005
11,healthy,112.4895,19484.938,9.0,15.5,3439.8635
4,healthy,113.4305,4237.1606,15.0,15.5,822.4951
8,healthy,113.4305,2031.1403,10.0,46.5,674.7659
2,healthy,114.5155,3078.675,40.0,41.0,444.001
4,healthy,114.5155,2899.4053,,26.0,789.53394
7,healthy,114.5155,7696.7812,6.5,16.0,1102.5862
9,healthy,114.5155,7562.1245,5.0,43.5,1315.3346
2,healthy,115.7705,15799.619,5.0,18.5,577.13885
4,healthy,115.7705,15973.35,5.0,21.5,770.78107
7,healthy,115.7705,20001.447,5.0,18.5,1126.8414
8,healthy,115.7705,42285.145,5.0,21.0,2001.3647
9,healthy,115.7705,24761.508,5.0,21.0,1036.2799
11,healthy,115.7705,20577.354,5.0,21.0,2285.5486
2,healthy,116.7765,12225.852,5.0,18.5,785.5762
4,healthy,116.7765,18759.156,5.0,21.0,868.4909
7,healthy,116.7765,22034.303,5.0,18.0,1195.2328
8,healthy,116.7765,38813.305,5.0,20.5,763.96686
9,healthy,116.7765,30292.68,5.0,20.5,1937.5863
11,healthy,116.7765,26582.074,5.0,20.5,3131.4456
2,healthy,118.274,14740.428,5.0,19.0,1168.5227
4,healthy,118.274,15696.533,5.0,22.5,624.9351
7,healthy,118.274,18160.322,5.0,19.0,1286.0416
8,healthy,118.274,39581.883,5.0,21.5,1122.1489
9,healthy,118.274,16571.822,5.0,21.5,1004.0451
11,healthy,118.274,33164.82,5.0,21.5,5749.06
2,healthy,119.1655,4515.295,5.0,20.0,592.37524
7,healthy,119.1655,5686.3623,5.0,16.0,1556.4569
8,healthy,119.1655,2281.1777,13.0,15.5,594.04254
11,healthy,119.1655,9354.464,5.0,15.0,987.01544
2,healthy,120.681,16212.115,5.0,18.5,825.6448
4,healthy,120.681,18745.889,5.0,22.0,604.293
7,healthy,120.681,12504.501,5.0,19.0,789.2441
8,healthy,120.681,43548.17,5.0,21.5,1763.2313
9,healthy,120.681,21128.215,5.0,50.0,1504.1666
11,healthy,120.681,34305.63,5.0,21.5,2323.0012
2,healthy,121.813,13454.197,5.0,18.0,658.34845
4,healthy,121.813,17151.473,5.0,22.0,1131.3281
7,healthy,121.813,18605.318,5.0,18.5,836.1412
8,healthy,121.813,34938.58,5.0,20.5,1637.3889
9,healthy,121.813,20731.594,5.0,20.5,1322.8325
11,healthy,121.813,30902.945,5.0,20.5,3333.9397
2,healthy,123.6485,27997.521,8.5,15.5,833.97925
4,healthy,123.6485,42283.676,11.0,15.0,568.54614
7,healthy,123.6485,21656.469,5.0,15.5,1002.1456
8,healthy,123.6485,115710.55,11.0,15.0,693.4222
9,healthy,123.6485,62488.215,12.5,15.0,1603.1978
11,healthy,123.6485,109337.61,11.0,15.0,1777.3685
4,healthy,124.5565,3839.8867,26.5,27.0,610.16205
7,healthy,124.5565,4314.503,5.0,23.0,796.0358
9,healthy,124.5565,4358.6626,15.5,23.5,1188.5818
11,healthy,124.5565,8159.4204,34.5,34.5,2024.3237
2,healthy,126.143,3578.7937,7.0,16.0,358.3517
4,healthy,126.143,2967.8984,,42.5,842.15295
7,healthy,126.143,6640.836,5.0,21.0,1174.6903
8,healthy,126.143,4197.9697,9.0,40.0,893.5784
9,healthy,126.143,5378.8184,18.5,26.5,1593.9979
2,healthy,127.0415,14735.074,5.0,22.0,617.7899
4,healthy,127.0415,12233.203,5.0,38.5,663.914
7,healthy,127.0415,16245.106,5.0,22.0,1843.3125
8,healthy,127.0415,32630.768,5.0,21.0,758.81323
9,healthy,127.0415,24902.57,5.0,20.5,952.2628
11,healthy,127.0415,47258.758,5.0,21.0,2057.6187
2,healthy,127.997,14569.215,5.0,18.0,587.2376
4,healthy,127.997,14853.073,5.0,21.5,921.631
7,healthy,127.997,24479.432,5.0,18.0,1438.4219
8,healthy,127.997,41697.293,5.0,20.5,634.08496
9,healthy,127.997,26166.072,5.0,20.5,739.347
11,healthy,127.997,46824.605,5.0,20.5,1800.3394
4,healthy,128.92,2248.8364,,23.5,607.611
11,healthy,128.92,8702.368,5.0,16.0,1993.1982
2,healthy,130.1025,5594.121,10.5,16.5,843.25543
8,healthy,130.1025,2647.3782,,27.5,741.0166
9,healthy,130.1025,6083.425,14.0,27.5,1379.7261
11,healthy,130.1025,6337.2803,16.5,17.5,1405.0549
2,healthy,131.533,2772.0928,20.5,34.5,618.1629
7,healthy,131.533,8313.602,5.0,18.5,1103.8068
8,healthy,131.533,2806.176,5.5,17.5,738.6044
9,healthy,131.533,6839.0107,5.0,45.0,1185.6836
11,healthy,131.533,14830.781,,18.0,4605.054
2,healthy,132.64,3524.0571,5.0,50.0,914.32404
4,healthy,132.64,2273.489,15.0,15.0,541.34686
7,healthy,132.64,5992.998,5.0,37.5,877.56555
9,healthy,132.64,10171.996,7.5,50.0,1020.2363
2,healthy,134.679,2312.975,20.0,45.0,700.34875
4,healthy,134.679,3261.5518,12.5,23.5,575.03424
8,healthy,134.679,2993.405,,22.5,708.97363
9,healthy,134.679,10314.449,5.0,19.5,747.7423
2,healthy,135.6265,4516.6694,13.5,20.5,941.5022
4,healthy,135.6265,2939.5283,8.0,27.5,631.7393
7,healthy,135.6265,7289.15,5.0,15.0,1144.4231
9,healthy,135.6265,5062.3,6.5,43.5,1275.0065
4,healthy,136.5225,2395.5024,9.5,34.0,677.29865
7,healthy,136.5225,6441.1504,5.0,16.0,874.8547
8,healthy,136.5225,12290.332,18.5,44.5,1265.8972
9,healthy,136.5225,5386.9595,5.0,27.5,869.29193
11,healthy,136.5225,9414.09,21.5,32.0,1479.5518
2,healthy,138.852,2939.1753,7.0,50.0,537.0735
7,healthy,138.852,5648.034,20.0,36.0,1525.5247
11,healthy,138.852,7657.794,16.5,28.0,1913.1279
7,healthy,139.818,7303.54,12.5,18.0,932.4681
9,healthy,139.818,5960.813,,28.0,1438.0525
11,healthy,139.818,16075.654,18.0,21.5,2768.5574
2,healthy,140.7975,2609.2444,43.0,44.5,779.8877
4,healthy,140.7975,3690.5254,22.0,22.5,656.1352
7,healthy,140.7975,10066.068,5.0,23.5,835.8215
2,healthy,141.7995,4017.893,20.0,45.5,1024.0067
4,healthy,141.7995,3811.6147,25.0,50.0,680.74884
7,healthy,141.7995,7360.211,5.0,16.0,727.5688
8,healthy,141.7995,7288.653,5.0,22.0,928.5532
11,healthy,141.7995,5556.663,37.5,43.0,1222.4437
4,healthy,142.7905,3127.532,,22.5,694.39966
7,healthy,142.7905,3331.6484,5.0,31.0,636.59216
2,healthy,144.451,2774.6467,42.5,43.0,706.82806
4,healthy,144.451,5052.0186,45.5,48.0,581.00775
7,healthy,144.451,10218.418,6.5,18.5,1941.676
8,healthy,144.451,3081.3596,,26.0,1025.5365
4,healthy,145.3535,3439.229,,29.5,932.2676
7,healthy,145.3535,7086.762,5.0,15.0,1241.7495
8,healthy,145.3535,3645.8525,5.0,29.0,803.39886
9,healthy,145.3535,5773.0215,5.0,24.5,1226.6971
11,healthy,145.3535,19971.023,5.0,48.0,1331.1993
4,healthy,146.932,6141.325,30.0,50.0,618.2486
7,healthy,146.932,8268.144,5.0,17.5,832.6706
8,healthy,146.932,4010.6143,,48.5,1121.3279
9,healthy,146.932,4482.5815,,50.0,1100.3391
11,healthy,146.932,6064.268,5.0,44.0,1435.5681
2,healthy,147.901,3593.6655,5.0,17.0,486.2497
7,healthy,147.901,8146.1265,5.0,22.5,2049.4456
8,healthy,147.901,4877.79,42.5,43.5,1259.7712
11,healthy,147.901,15644.215,,50.0,3545.1555
2,healthy,151.1365,2497.5137,43.0,43.5,711.9451
4,healthy,151.1365,2969.6694,,43.5,720.22614
7,healthy,151.1365,5658.882,5.0,15.5,1791.5647
11,healthy,151.1365,13833.45,21.5,21.5,3794.6152
4,healthy,152.0255,2730.706,,36.5,832.33435
7,healthy,152.0255,6227.091,5.0,20.0,1281.7898
9,healthy,152.0255,3984.6382,16.5,49.5,862.7524
2,healthy,153.3435,4252.3926,38.5,42.0,906.3344
4,healthy,153.3435,3465.933,46.0,46.5,595.8139
8,healthy,153.3435,2871.189,13.0,17.0,587.64484
9,healthy,153.3435,4817.55,22.5,40.0,1399.1323
11,healthy,153.3435,4926.9453,11.0,15.0,1232.026
2,healthy,154.855,2490.538,15.5,36.0,612.44995
7,healthy,154.855,6053.0723,,20.5,1833.2633
8,healthy,154.855,3269.8225,40.5,41.0,506.8651
2,healthy,156.0275,3677.9226,8.5,30.0,480.45776
4,healthy,156.0275,5363.4517,11.5,21.5,739.59344
7,healthy,156.0275,5245.4824,,30.5,1537.6357
8,healthy,156.0275,7289.965,12.5,28.0,614.4799
9,healthy,156.0275,7776.0703,41.0,41.5,1892.5052
2,healthy,157.3905,4684.952,28.0,38.5,694.7909
4,healthy,157.3905,5295.279,35.5,36.0,947.70593
7,healthy,157.3905,4606.7896,7.0,41.0,1023.33936
8,healthy,157.3905,2596.3462,,31.5,596.18805
11,healthy,157.3905,9391.652,18.5,41.5,2038.4207
2,healthy,158.52,3125.334,9.5,37.5,576.9806
7,healthy,158.52,16716.768,5.0,16.0,1094.0083
8,healthy,158.52,2350.2388,9.0,46.0,455.63638
9,healthy,158.52,5424.006,12.5,15.0,1096.7754
11,healthy,158.52,13126.709,23.0,47.5,1692.8551
4,healthy,159.4055,3280.0232,,30.0,872.438
9,healthy,159.4055,8444.139,17.5,27.0,1035.6787
11,healthy,159.4055,5920.91,22.5,23.5,1386.0216
2,healthy,160.6425,3695.4365,5.0,34.5,838.8714
4,healthy,160.6425,3526.6553,39.0,39.5,528.796
7,healthy,160.6425,8117.792,5.0,16.5,1116.3423
8,healthy,160.6425,2529.1553,13.0,20.5,442.0654
9,healthy,160.6425,4717.576,23.5,27.5,1483.939
4,healthy,161.909,2951.6724,,48.5,979.4473
8,healthy,161.909,2747.5596,6.5,46.5,892.3201
9,healthy,161.909,4592.0967,16.5,46.5,1004.12274
2,healthy,164.269,2126.5269,,25.0,640.9507
4,healthy,164.269,3814.6587,35.0,35.5,719.8443
7,healthy,164.269,4194.7,5.0,15.0,1282.6779
8,healthy,164.269,2826.9421,,45.5,744.5268
9,healthy,164.269,8153.3545,21.5,30.5,962.0492
11,healthy,164.269,16386.668,32.5,32.5,4416.919
2,healthy,165.286,2334.904,5.0,15.5,658.4321
4,healthy,165.286,3321.6477,38.5,38.5,679.7015
8,healthy,165.286,4090.7012,31.5,32.0,723.5798
9,healthy,165.286,8149.2065,5.0,16.0,956.76666
11,healthy,165.286,9925.182,12.5,36.5,1879.0109
7,healthy,166.0905,62373.164,5.0,21.5,2055.704
4,healthy,167.0855,3234.724,6.0,16.5,984.78436
7,healthy,167.0855,6828.0635,5.0,28.0,1431.3995
9,healthy,167.0855,4215.4404,5.0,23.0,1033.6794
7,healthy,167.8865,62175.79,6.5,15.5,2281.1824
4,healthy,169.1245,2897.8452,21.5,21.5,749.95886
8,healthy,169.1245,4055.2249,28.0,28.0,795.85126
9,healthy,169.1245,3500.4155,,33.5,1002.1291
2,healthy,170.106,2845.5942,5.0,44.5,749.6954
4,healthy,170.106,3660.1265,26.5,26.5,725.21313
7,healthy,170.106,5725.245,5.0,15.0,1385.7653
8,healthy,170.106,7568.0967,5.0,21.0,1195.731
9,healthy,170.106,5345.129,5.0,15.5,1740.2305
11,healthy,170.106,17149.557,5.0,48.5,1769.6099
4,healthy,171.35,3308.1084,25.5,25.5,709.5026
8,healthy,171.35,4696.633,,45.0,1093.8127
9,healthy,171.35,6444.5327,8.5,21.0,1558.0165
11,healthy,171.35,14215.731,5.0,18.0,2037.7516
2,healthy,172.463,4710.8906,5.0,31.0,558.02435
4,healthy,172.463,2470.0852,7.5,46.5,563.6725
7,healthy,172.463,6417.0615,5.0,18.5,1505.9695
8,healthy,172.463,2343.4192,,46.5,757.071
9,healthy,172.463,5100.0933,29.5,33.5,1398.8912
11,healthy,172.463,9732.57,15.0,18.5,1720.4741
4,healthy,175.0625,2858.416,,28.5,726.505
7,healthy,175.0625,4897.003,6.0,26.5,1165.8629
9,healthy,175.0625,6026.8135,38.5,39.0,1330.2838
11,healthy,175.0625,9966.93,36.0,36.5,2581.593
4,healthy,176.7355,2745.9082,,47.5,763.1417
7,healthy,176.7355,5027.741,5.0,15.5,1045.1947
8,healthy,176.7355,3905.265,5.0,32.0,552.51373
9,healthy,176.7355,9171.77,8.0,44.5,623.49994
11,healthy,176.7355,6981.378,,32.5,2315.1262
2,healthy,178.832,18746.266,5.0,18.0,2239.9539
4,healthy,178.832,24347.973,5.0,22.0,915.6745
7,healthy,178.832,155461.28,7.0,18.0,1073.1383
8,healthy,178.832,58134.223,5.0,20.0,589.02704
9,healthy,178.832,35828.508,5.0,20.0,1522.8829
11,healthy,178.832,62727.145,5.0,20.0,2746.7002
2,healthy,180.295,2343.6362,45.0,45.0,632.7981
4,healthy,180.295,2550.9814,,48.0,680.80566
7,healthy,180.295,5431.5317,5.0,15.0,1134.746
8,healthy,180.295,3258.815,16.0,37.5,496.91602
9,healthy,180.295,5670.4062,5.0,50.0,928.8684
11,healthy,180.295,8949.918,16.5,23.5,1802.5483
2,healthy,181.441,4190.801,35.0,45.0,1192.3883
4,healthy,181.441,3115.2356,42.5,42.5,735.20386
7,healthy,181.441,9994.365,5.0,17.0,1190.8928
8,healthy,181.441,3075.9058,29.0,29.5,591.4563
9,healthy,181.441,5494.465,9.0,49.0,985.35376
11,healthy,181.441,9471.861,44.0,44.5,1958.164
2,healthy,183.9855,4114.581,5.0,17.0,670.39197
4,healthy,183.9855,2641.2979,5.0,47.0,723.06323
7,healthy,183.9855,4916.7676,6.5,23.5,1084.389
8,healthy,183.9855,3980.6914,21.5,27.5,791.55273
11,healthy,183.9855,9855.769,5.0,15.0,2687.7993
2,healthy,185.104,21980.152,5.0,21.5,1033.2189
4,healthy,185.104,17395.857,5.0,37.5,628.7088
7,healthy,185.104,141871.77,15.0,21.0,1098.7211
8,healthy,185.104,59512.836,5.0,20.5,671.36774
9,healthy,185.104,59485.906,5.0,20.5,1445.7094
11,healthy,185.104,49163.664,5.0,20.0,1200.4507
2,healthy,187.405,2756.1206,39.5,41.5,915.3957
4,healthy,187.405,2213.2527,9.0,21.5,521.71075
7,healthy,187.405,5532.3193,5.0,15.0,1059.5145
8,healthy,187.405,3510.1772,,46.0,817.5211
9,healthy,187.405,6736.9077,28.5,33.5,1279.633
11,healthy,187.405,11964.943,5.5,25.0,1919.0448
2,healthy,188.7895,3370.7585,18.5,27.5,787.36163
4,healthy,188.7895,2941.6338,,49.5,760.9908
7,healthy,188.7895,2829.934,5.0,39.5,838.52783
9,healthy,188.7895,9120.365,25.5,29.5,1311.1472
11,healthy,188.7895,5223.3213,,33.0,1392.1056
2,healthy,189.9265,20357.105,5.0,21.5,823.1033
4,healthy,189.9265,23501.885,5.0,37.5,1060.6683
7,healthy,189.9265,73729.62,6.5,21.5,828.84656
8,healthy,189.9265,75487.875,5.0,20.5,706.8232
9,healthy,189.9265,32319.102,5.0,20.5,1359.7198
11,healthy,189.9265,76036.92,5.0,20.5,3405.19
2,healthy,191.378,2819.3823,7.5,33.5,760.5719
4,healthy,191.378,2735.1914,15.5,16.0,666.945
7,healthy,191.378,6391.3325,5.0,20.0,1591.6489
8,healthy,191.378,2283.5845,5.0,15.0,622.82434
9,healthy,191.378,5101.3447,36.5,37.5,1700.2737
2,healthy,193.4995,4133.9727,48.0,48.5,1333.5356
4,healthy,193.4995,2556.5186,,43.5,549.6169
7,healthy,193.4995,5478.704,5.5,16.0,1373.8668
8,healthy,193.4995,4250.4766,5.0,17.5,644.49097
9,healthy,193.4995,6159.164,6.0,17.0,1541.6173
2,healthy,194.694,19416.186,5.0,21.5,848.4305
4,healthy,194.694,17103.53,5.0,21.5,679.9927
7,healthy,194.694,68530.95,7.0,22.5,726.00024
8,healthy,194.694,55690.562,5.0,20.0,674.6666
9,healthy,194.694,29115.688,5.0,36.5,1093.9451
11,healthy,194.694,76301.93,5.0,20.0,1632.6316
2,healthy,197.2325,21580.451,5.0,38.5,598.9175
4,healthy,197.2325,22234.441,5.0,37.5,1047.1527
7,healthy,197.2325,90363.84,6.5,19.5,1005.09546
8,healthy,197.2325,58759.703,5.0,20.5,465.70834
9,healthy,197.2325,39236.3,5.0,20.5,1714.9271
11,healthy,197.2325,79787.414,5.0,20.5,2131.4946
2,healthy,198.1965,18985.588,5.0,18.0,727.8375
4,healthy,198.1965,23565.38,5.0,21.0,588.96295
7,healthy,198.1965,5365.715,17.0,17.5,1737.5934
8,healthy,198.1965,62994.246,5.0,20.5,658.3782
9,healthy,198.1965,42473.27,5.0,20.5,3971.8848
11,healthy,198.1965,64365.586,5.0,20.0,1589.005
2,healthy,200.5455,18947.764,5.0,18.0,980.7294
4,healthy,200.5455,30853.316,5.0,21.5,818.76337
7,healthy,200.5455,84861.77,5.0,19.5,1159.1254
8,healthy,200.5455,65491.492,5.0,20.5,619.0813
9,healthy,200.5455,33821.77,5.0,20.5,1137.5189
11,healthy,200.5455,64109.977,5.0,20.0,3309.0544
4,healthy,202.7975,3681.6714,,20.0,1017.81665
8,healthy,202.7975,3621.4966,30.0,31.5,931.9906
11,healthy,202.7975,7569.076,5.0,15.5,1258.2036
2,healthy,206.069,19310.434,5.0,18.0,869.1837
4,healthy,206.069,29667.938,5.0,16.0,711.6756
7,healthy,206.069,59996.83,11.5,21.0,1161.1193
8,healthy,206.069,48795.78,5.0,20.5,978.7272
9,healthy,206.069,25703.934,5.0,20.5,2306.3606
11,healthy,206.069,70021.234,5.0,20.5,2857.2163
4,healthy,208.185,3421.1484,,32.5,760.2683
7,healthy,208.185,7858.4004,5.0,15.0,1334.3458
9,healthy,208.185,8066.1714,10.5,28.5,1215.7968
11,healthy,208.185,9992.686,18.5,28.0,1444.0724
4,healthy,209.651,2478.6924,12.0,26.5,723.4098
7,healthy,209.651,10052.882,8.0,17.0,894.21155
8,healthy,209.651,3478.31,,48.0,1152.7552
4,healthy,210.6495,4138.448,48.0,48.0,867.29
8,healthy,210.6495,8503.02,32.5,33.5,2130.809
2,healthy,211.972,27830.004,5.0,19.0,510.51843
4,healthy,211.972,20096.438,5.0,21.5,457.48508
7,healthy,211.972,12373.088,5.0,19.0,859.85876
8,healthy,211.972,62518.324,5.0,21.0,733.6271
9,healthy,211.972,24840.596,5.0,21.5,1318.5127
11,healthy,211.972,54542.164,5.0,21.0,2403.1973
2,healthy,214.4765,19315.93,7.0,18.0,1010.625
4,healthy,214.4765,27612.22,5.0,21.5,968.7044
7,healthy,214.4765,99821.19,15.0,20.0,1404.4202
8,healthy,214.4765,60983.934,5.0,20.0,841.04315
9,healthy,214.4765,23587.926,5.0,20.5,1921.4828
11,healthy,214.4765,69630.22,5.0,20.0,2334.1055
2,healthy,215.739,4998.256,5.0,31.5,717.3743
4,healthy,215.739,2406.5554,,36.5,726.73
7,healthy,215.739,8295.189,17.0,17.5,1607.6079
8,healthy,215.739,7808.997,26.0,29.5,660.5021
9,healthy,215.739,7978.3906,21.5,47.0,2033.0499
2,healthy,217.7415,19672.072,7.0,21.5,2435.6516
4,healthy,217.7415,22392.297,5.0,21.5,559.3623
7,healthy,217.7415,82815.3,7.5,20.5,1211.9653
8,healthy,217.7415,58453.074,5.0,20.0,722.80853
9,healthy,217.7415,36793.47,5.0,20.5,1230.1122
11,healthy,217.7415,61797.863,5.0,20.0,2879.8945
2,healthy,219.1925,19650.055,5.0,22.5,849.15314
4,healthy,219.1925,20395.691,5.0,38.5,519.1385
7,healthy,219.1925,806718.5,15.5,19.5,1986.5144
8,healthy,219.1925,54843.793,5.0,21.0,570.55145
9,healthy,219.1925,28353.225,5.0,21.5,998.8772
11,healthy,219.1925,59353.14,5.0,21.5,1926.7823
2,healthy,221.0635,4312.631,8.0,22.0,632.0187
4,healthy,221.0635,2669.9285,31.5,32.0,670.1715
7,healthy,221.0635,10089.697,,25.5,2286.856
8,healthy,221.0635,2496.8916,24.0,24.5,688.5239
9,healthy,221.0635,11420.468,10.5,45.0,1851.1467
11,healthy,221.0635,11418.784,11.5,49.5,2241.5457
4,healthy,222.838,3688.9722,,35.5,814.5336
7,healthy,222.838,5587.0947,5.0,38.0,1190.7405
8,healthy,222.838,3081.2998,46.0,46.0,767.9461
9,healthy,222.838,8075.312,16.0,28.5,923.17206
2,healthy,223.998,19622.23,5.0,21.5,1164.8665
4,healthy,223.998,27808.479,5.0,15.5,950.18884
7,healthy,223.998,157305.75,7.0,16.0,798.0353
8,healthy,223.998,55336.723,5.0,20.0,602.4546
9,healthy,223.998,38928.445,5.0,20.5,3009.1426
11,healthy,223.998,58850.82,5.0,20.0,3636.4504
2,healthy,225.075,3859.423,40.0,41.5,723.5386
4,healthy,225.075,3221.561,,20.5,710.9959
7,healthy,225.075,12947.252,5.0,15.0,1294.1881
8,healthy,225.075,3310.15,25.0,26.0,987.5906
9,healthy,225.075,7952.7676,22.5,49.0,1980.791
11,healthy,225.075,7915.304,27.0,28.0,1386.5089
2,healthy,226.251,20596.707,5.0,21.5,1120.1777
4,healthy,226.251,22728.666,5.0,20.5,567.5255
7,healthy,226.251,12885.076,7.5,18.5,1614.9698
8,healthy,226.251,65559.14,5.0,20.0,455.69092
9,healthy,226.251,28434.154,5.0,20.5,2375.1772
11,healthy,226.251,68240.875,5.0,20.0,2169.8289
4,healthy,227.1205,4200.9775,41.5,42.0,825.09174
7,healthy,227.1205,7408.624,5.0,15.0,819.5149
9,healthy,227.1205,3667.7056,5.0,24.0,1115.7339
2,healthy,228.3115,19868.209,5.0,21.5,752.00446
4,healthy,228.3115,21814.55,5.0,37.0,635.11957
7,healthy,228.3115,244209.02,7.5,18.5,696.00543
8,healthy,228.3115,54933.65,5.0,20.0,961.38367
9,healthy,228.3115,29019.047,5.0,20.5,1629.4891
11,healthy,228.3115,67564.11,5.0,20.0,4673.0547
2,healthy,229.7055,2840.2988,,50.0,728.2794
4,healthy,229.7055,3080.2654,,17.5,1006.9321
9,healthy,229.7055,4720.048,34.0,47.0,1130.162
2,healthy,230.8155,2148.6284,11.5,27.0,575.5965
4,healthy,230.8155,2419.9976,,15.0,611.88367
7,healthy,230.8155,11501.126,10.0,18.5,962.245
9,healthy,230.8155,4331.359,16.5,25.0,1403.7145
2,healthy,232.224,5911.573,5.0,16.5,640.3485
4,healthy,232.224,3841.0579,14.5,15.0,669.5278
7,healthy,232.224,5524.948,5.0,16.5,1173.0588
8,healthy,232.224,9714.798,17.5,49.0,628.1914
11,healthy,232.224,7876.9956,43.0,49.5,1096.6229
4,healthy,235.7875,3020.5273,37.5,38.0,662.23395
7,healthy,235.7875,9516.588,5.0,15.0,1012.9308
8,healthy,235.7875,2427.7825,9.0,40.5,697.58826
9,healthy,235.7875,6003.4272,13.5,48.0,1416.7494
11,healthy,235.7875,12186.091,7.5,20.0,1949.0702
2,healthy,237.145,3155.9119,26.5,27.0,617.52576
4,healthy,237.145,2953.977,9.5,39.0,633.55664
8,healthy,237.145,3391.9976,,33.5,1021.7334
9,healthy,237.145,5055.1924,6.5,18.5,1117.5098
4,healthy,238.229,4314.1377,40.5,49.0,860.176
7,healthy,238.229,5721.1772,5.0,16.0,861.877
8,healthy,238.229,4215.4023,,25.5,1284.0339
9,healthy,238.229,8517.666,5.0,15.5,2538.9014
2,healthy,239.6345,2668.9436,36.5,38.0,879.86633
4,healthy,239.6345,4024.7383,5.0,36.5,742.14526
7,healthy,239.6345,6105.139,28.5,29.0,1291.5116
9,healthy,239.6345,5602.7764,17.0,18.0,1165.0758
11,healthy,239.6345,8307.771,10.0,15.5,1540.776
2,healthy,241.029,3368.4326,19.0,19.5,1005.9996
4,healthy,241.029,2246.927,11.0,35.5,605.3836
7,healthy,241.029,12739.133,5.0,15.5,1677.1472
8,healthy,241.029,3399.5916,50.0,50.0,753.0333
9,healthy,241.029,5711.4014,14.5,28.5,1531.1808
11,healthy,241.029,9727.681,16.0,28.0,1523.4839
2,healthy,241.9955,6159.1963,5.0,37.0,751.9711
4,healthy,241.9955,3614.2856,44.5,44.5,754.1544
7,healthy,241.9955,11274.288,5.0,45.0,1807.8275
11,healthy,241.9955,5417.703,,35.0,1804.9321
4,healthy,243.4825,4068.5225,13.5,23.5,622.7658
7,healthy,243.4825,7296.998,7.0,47.0,1120.3662
8,healthy,243.4825,7199.461,5.0,32.0,679.90967
9,healthy,243.4825,3702.5264,17.0,39.0,1062.0872
11,healthy,243.4825,9465.631,11.0,39.0,1674.0189
8,healthy,244.2835,2768.7886,,43.5,601.07587
9,healthy,244.2835,5497.0854,10.0,19.5,1160.4069
11,healthy,244.2835,15034.635,19.0,38.5,2197.54
2,healthy,245.7145,2488.404,24.0,42.5,442.22116
4,healthy,245.7145,3366.645,42.5,42.5,702.358
7,healthy,245.7145,4295.5894,5.0,37.0,1255.0912
8,healthy,245.7145,3674.94,,25.5,1014.55237
9,healthy,245.7145,4885.7607,14.5,20.5,1286.0674
11,healthy,245.7145,7322.9604,5.0,15.0,1856.9022
4,healthy,246.9435,2660.0476,,41.0,775.0761
7,healthy,246.9435,7880.113,5.0,15.0,1145.0258
8,healthy,246.9435,3752.6028,27.5,50.0,503.87878
11,healthy,246.9435,10967.203,10.0,15.0,2327.704
2,healthy,253.6565,4002.1592,,44.0,1172.8378
4,healthy,253.6565,2688.1462,,32.5,658.3907
7,healthy,253.6565,14518.189,5.0,20.5,1636.8942
8,healthy,253.6565,7965.1445,33.5,42.0,508.50494
9,healthy,253.6565,3088.6387,5.0,17.5,952.3246
2,healthy,255.322,2103.8835,13.0,38.5,591.862
4,healthy,255.322,2280.5068,,25.5,706.12286
7,healthy,255.322,17207.15,5.0,45.0,1000.378
8,healthy,255.322,3575.4092,,36.5,1060.7745
9,healthy,255.322,6612.8794,46.0,46.0,2072.745
11,healthy,255.322,6013.5,5.0,16.0,1244.3778
2,healthy,256.267,15649.789,5.0,18.0,1152.8433
4,healthy,256.267,12400.418,5.0,38.0,800.9316
7,healthy,256.267,27565.205,5.0,18.5,932.0951
8,healthy,256.267,44959.82,5.0,20.5,1551.575
9,healthy,256.267,26095.951,5.0,20.5,1513.6099
11,healthy,256.267,44769.094,5.0,20.5,4096.0645
2,healthy,258.4305,17689.34,5.0,18.5,1025.37
4,healthy,258.4305,21396.396,5.0,37.0,568.9544
7,healthy,258.4305,120747.97,8.0,18.0,2175.1296
8,healthy,258.4305,47642.848,5.0,20.5,520.0699
9,healthy,258.4305,25911.742,5.0,20.5,1068.8384
11,healthy,258.4305,36558.0,5.0,20.5,1332.153
2,healthy,260.254,6154.3643,20.0,47.0,1009.87164
4,healthy,260.254,3077.1357,,41.0,760.5038
9,healthy,260.254,7916.8506,9.0,26.0,1808.2855
11,healthy,260.254,9665.146,12.5,22.0,2273.6826
2,healthy,261.524,3768.8784,28.0,36.5,609.50195
4,healthy,261.524,3840.3418,32.0,32.0,841.06244
7,healthy,261.524,5579.568,5.0,17.5,1016.7422
8,healthy,261.524,8780.191,10.5,24.0,772.0918
9,healthy,261.524,6808.663,7.0,25.0,863.2428
11,healthy,261.524,15327.996,11.5,38.0,2173.4492
2,healthy,262.4865,5817.915,5.0,16.0,701.33246
4,healthy,262.4865,2732.582,,37.0,701.98785
8,healthy,262.4865,2203.3296,49.0,49.5,536.8922
9,healthy,262.4865,6193.704,18.5,20.0,840.555
11,healthy,262.4865,9473.615,15.0,45.0,1538.4921
4,healthy,263.6845,4212.684,27.0,29.5,460.64307
7,healthy,263.6845,4757.22,5.0,15.0,785.8167
8,healthy,263.6845,2541.3188,5.0,48.5,576.9952
9,healthy,263.6845,7302.314,7.5,46.5,1154.8132
11,healthy,263.6845,6445.9033,,41.5,1954.8324
2,healthy,266.716,2615.9265,,46.0,842.2302
4,healthy,266.716,3189.7656,6.0,16.5,541.2387
7,healthy,266.716,6466.879,5.0,49.0,1175.961
8,healthy,266.716,8659.615,5.0,23.5,681.3906
9,healthy,266.716,5501.742,8.0,19.0,1267.204
11,healthy,266.716,11226.686,5.0,29.0,1482.3837
2,healthy,267.777,47564.395,10.0,15.0,517.55774
4,healthy,267.777,42165.5,14.0,17.5,2047.9967
7,healthy,267.777,66432.14,13.5,15.0,1558.7499
8,healthy,267.777,130879.06,14.0,16.5,679.05554
9,healthy,267.777,69249.36,15.0,17.0,752.1437
11,healthy,267.777,122031.36,7.0,17.0,2094.2734
2,healthy,269.6665,4651.067,10.5,19.5,870.61456
4,healthy,269.6665,4102.5723,47.0,47.5,802.36975
8,healthy,269.6665,7994.0513,10.5,16.0,640.03076
2,healthy,270.9065,14313.902,5.0,18.5,929.8795
4,healthy,270.9065,14867.132,5.0,21.5,454.5536
7,healthy,270.9065,15723.629,5.0,22.0,1186.1359
8,healthy,270.9065,36464.15,5.0,20.5,1424.6418
9,healthy,270.9065,36130.727,5.0,21.0,1612.2441
11,healthy,270.9065,41363.68,5.0,20.5,1084.542
2,healthy,272.1035,4195.0986,17.5,35.0,735.1626
4,healthy,272.1035,3577.3398,,45.0,796.11896
8,healthy,272.1035,2808.1184,11.0,50.0,701.74835
2,healthy,272.9445,11817.102,5.0,22.0,751.6489
4,healthy,272.9445,11030.328,5.0,22.5,884.9858
7,healthy,272.9445,23778.477,5.0,18.0,1606.0629
8,healthy,272.9445,43899.574,5.0,20.5,695.4497
9,healthy,272.9445,23368.129,5.0,21.0,1802.3234
11,healthy,272.9445,46984.82,5.0,21.0,3114.758
2,healthy,273.8185,4664.91,37.0,38.5,1080.0295
4,healthy,273.8185,2990.0493,,18.5,983.0763
7,healthy,273.8185,8763.183,5.0,15.0,986.6258
11,healthy,273.8185,15183.241,5.0,17.0,2196.056
2,healthy,275.024,12166.553,8.0,18.0,2138.5312
4,healthy,275.024,11670.365,5.0,21.0,831.39734
7,healthy,275.024,19213.945,5.0,18.0,931.13354
8,healthy,275.024,36346.77,5.0,20.5,1867.9694
9,healthy,275.024,21097.318,5.0,20.5,1615.1442
11,healthy,275.024,45913.516,5.0,20.0,1773.7781
4,healthy,276.896,4254.1616,46.0,46.0,768.9953
7,healthy,276.896,7060.136,14.5,15.5,1377.0322
8,healthy,276.896,3425.4382,24.5,25.0,594.4315
9,healthy,276.896,9738.352,7.0,16.0,1163.56
2,healthy,278.1135,10341.744,5.0,22.0,724.9173
4,healthy,278.1135,12929.252,5.0,22.0,610.3393
7,healthy,278.1135,14589.234,5.0,35.0,764.80426
8,healthy,278.1135,47515.47,5.0,20.5,575.32355
9,healthy,278.1135,18551.398,5.0,21.5,2489.957
11,healthy,278.1135,44825.25,5.0,21.0,2354.884
2,healthy,279.4245,3399.4678,5.0,42.5,540.22534
4,healthy,279.4245,3742.638,7.5,20.5,1180.1903
7,healthy,279.4245,11285.744,5.0,15.5,713.3423
8,healthy,279.4245,4027.0703,29.0,29.5,590.1501
9,healthy,279.4245,8493.113,5.0,15.0,1458.3861
11,healthy,279.4245,14835.975,37.5,41.5,3666.1062
2,healthy,280.5405,2861.9084,5.0,15.0,926.90344
4,healthy,280.5405,2430.004,,29.5,776.06573
7,healthy,280.5405,3265.4976,5.0,41.5,780.9045
8,healthy,280.5405,2326.5527,10.5,50.0,652.0593
9,healthy,280.5405,9763.895,5.0,15.0,1126.3433
2,healthy,282.131,3538.2578,9.5,36.5,820.9696
4,healthy,282.131,1812.975,,37.5,523.3922
7,healthy,282.131,6487.836,46.5,47.5,1468.591
2,healthy,284.11,12037.403,8.0,38.5,1647.6543
4,healthy,284.11,14998.975,5.0,38.0,809.4972
7,healthy,284.11,12546.094,8.0,22.0,1746.7612
8,healthy,284.11,37146.953,5.0,20.0,2219.8267
9,healthy,284.11,18655.738,5.0,37.5,1879.7014
11,healthy,284.11,27798.48,5.0,20.5,2820.5608
2,healthy,285.0265,10166.0205,5.0,18.0,1169.5702
4,healthy,285.0265,18208.283,5.0,17.5,604.7222
7,healthy,285.0265,9701.679,7.5,18.0,1470.545
8,healthy,285.0265,25386.482,5.0,20.0,720.5785
9,healthy,285.0265,23087.707,5.0,20.5,877.77783
11,healthy,285.0265,33309.344,5.0,20.5,4044.1343
4,healthy,286.614,3301.041,33.0,33.5,651.5362
8,healthy,286.614,4281.6553,44.0,44.5,576.10126
9,healthy,286.614,5844.999,7.5,17.5,1034.7622
2,healthy,287.6215,14055.71,8.0,38.5,1336.5636
4,healthy,287.6215,17012.17,5.0,18.0,647.4804
7,healthy,287.6215,12222.4,5.0,18.0,1385.1489
8,healthy,287.6215,23200.418,5.0,20.5,342.09647
9,healthy,287.6215,11576.548,5.0,21.5,2040.2043
11,healthy,287.6215,39522.254,9.5,20.5,2244.8813
2,healthy,289.7835,3448.0784,22.5,32.0,416.2918
4,healthy,289.7835,2956.817,25.0,25.0,597.13654
7,healthy,289.7835,6146.083,5.0,20.5,1093.291
8,healthy,289.7835,5385.7334,5.0,18.0,1212.0957
9,healthy,289.7835,3845.4868,19.5,42.0,865.50726
11,healthy,289.7835,8200.262,23.5,24.0,1981.6671
2,healthy,292.2265,7082.7363,5.0,35.5,691.005
4,healthy,292.2265,3819.248,5.0,38.0,565.26776
7,healthy,292.2265,10669.469,5.0,17.0,1012.5943
8,healthy,292.2265,6545.9976,20.5,23.0,715.8965
11,healthy,292.2265,5828.9526,5.0,25.0,1939.9089
2,healthy,293.247,4417.95,20.0,38.0,406.66214
7,healthy,293.247,9938.631,17.0,47.5,1498.6742
8,healthy,293.247,2059.9941,42.5,42.5,608.1119
2,healthy,294.5395,4431.074,,38.0,1262.257
4,healthy,294.5395,3044.8838,24.5,24.5,672.4836
7,healthy,294.5395,4228.1445,16.0,17.0,842.97644
9,healthy,294.5395,7778.3525,17.5,17.5,1546.4846
11,healthy,294.5395,20501.797,10.5,15.0,3961.0269
2,healthy,295.3925,2087.3467,,50.0,681.9811
4,healthy,295.3925,3391.1528,6.0,48.0,717.3878
7,healthy,295.3925,4561.5283,5.0,15.0,801.47815
8,healthy,295.3925,2215.2554,,15.0,736.9941
11,healthy,295.3925,5823.3535,5.0,41.5,1895.466
2,healthy,296.3135,4609.4995,10.0,39.5,467.39246
4,healthy,296.3135,2996.3755,25.5,26.0,529.7397
7,healthy,296.3135,5626.9814,5.0,30.5,1805.6722
8,healthy,296.3135,5041.856,48.5,49.0,818.0876
9,healthy,296.3135,22296.256,12.5,37.5,1762.6917
2,healthy,297.3705,4391.463,34.0,50.0,621.8063
4,healthy,297.3705,2357.687,,50.0,597.8495
7,healthy,297.3705,4816.536,5.0,15.0,959.8218
9,healthy,297.3705,6353.2275,15.5,20.0,1490.9824
11,healthy,297.3705,7426.7935,30.5,32.5,946.0563
2,healthy,298.2795,12704.797,5.0,22.0,654.5422
4,healthy,298.2795,14825.931,5.0,38.0,654.0384
7,healthy,298.2795,29441.54,5.0,19.0,715.71857
8,healthy,298.2795,36762.99,5.0,20.5,3168.6636
9,healthy,298.2795,18263.754,5.0,37.5,1183.626
11,healthy,298.2795,44937.023,5.0,33.5,1795.088
2,healthy,299.4735,5557.994,20.0,32.0,608.5206
4,healthy,299.4735,5543.689,5.0,16.5,1123.0527
7,healthy,299.4735,6992.2056,5.0,16.5,1057.355
9,healthy,299.4735,8006.9424,,22.5,2441.6023
11,healthy,299.4735,12428.102,41.5,44.0,2139.6353
2,healthy,300.852,14390.7295,5.0,18.5,517.3696
4,healthy,300.852,13677.141,5.0,21.0,688.0818
7,healthy,300.852,15939.48,5.0,18.0,2332.3462
8,healthy,300.852,28788.035,5.0,20.5,556.05695
9,healthy,300.852,17272.275,5.0,21.0,2333.6272
11,healthy,300.852,33872.41,5.0,21.0,3322.8809
2,healthy,301.859,1957.1453,,50.0,528.17926
4,healthy,301.859,3398.291,23.5,24.0,708.0938
8,healthy,301.859,3541.8901,12.5,33.0,582.44244
9,healthy,301.859,5681.2715,23.0,40.0,1255.559
11,healthy,301.859,11127.836,6.5,15.0,2429.6
2,healthy,302.6605,5636.3174,5.0,23.0,649.4545
4,healthy,302.6605,2930.1057,26.0,46.0,664.9051
7,healthy,302.6605,6280.035,5.0,15.0,654.82263
8,healthy,302.6605,3435.3113,43.5,44.0,726.03424
9,healthy,302.6605,5597.7935,28.5,33.0,1055.8685
11,healthy,302.6605,13535.426,5.0,40.0,1076.883
2,healthy,303.5065,5862.3604,17.0,23.5,1127.1365
4,healthy,303.5065,2765.017,25.0,25.0,643.0641
8,healthy,303.5065,5918.5654,5.0,23.5,790.2589
9,healthy,303.5065,4624.1357,10.5,24.5,963.7185
11,healthy,303.5065,10716.629,46.0,46.0,2332.6748
2,healthy,305.8555,3361.2473,7.0,23.0,376.38446
4,healthy,305.8555,3574.2146,25.5,26.0,730.93854
7,healthy,305.8555,8758.014,5.0,16.0,1119.2784
8,healthy,305.8555,3763.4778,5.0,15.5,652.4314
9,healthy,305.8555,3854.3962,5.0,48.0,841.4062
11,healthy,305.8555,9288.289,6.0,50.0,1763.7262
2,healthy,306.715,6080.1255,35.0,48.5,1398.748
4,healthy,306.715,3056.5613,,39.5,748.49646
7,healthy,306.715,8020.4604,9.0,15.0,2264.0532
8,healthy,306.715,2598.3955,39.0,39.5,631.67737
9,healthy,306.715,12082.018,5.5,30.0,842.6127
11,healthy,306.715,7509.8286,5.0,22.5,1496.0492
4,healthy,307.597,4009.664,19.0,19.5,915.7581
7,healthy,307.597,4970.5776,5.0,15.5,1522.8175
8,healthy,307.597,2096.0776,,44.5,648.5747
9,healthy,307.597,4950.8184,26.5,47.0,724.44574
11,healthy,307.597,6707.5986,13.0,46.5,858.33386
2,healthy,308.644,3259.7085,49.5,50.0,731.3073
4,healthy,308.644,3731.1147,28.5,33.0,665.952
7,healthy,308.644,8104.7354,5.0,20.0,1404.0385
8,healthy,308.644,2751.972,,38.0,705.4509
11,healthy,308.644,11890.791,32.0,40.0,1889.3547
4,healthy,309.507,2442.2979,,20.0,723.57227
7,healthy,309.507,6060.8228,5.0,29.0,1255.8354
8,healthy,309.507,7374.008,9.0,33.0,813.9166
9,healthy,309.507,6358.718,9.5,30.0,875.4044
2,healthy,310.8995,3135.3726,5.0,34.0,739.7362
4,healthy,310.8995,3060.7256,16.5,17.0,498.04047
7,healthy,310.8995,6871.2183,5.0,49.5,1844.3346
8,healthy,310.8995,2894.151,5.0,47.0,754.64453
9,healthy,310.8995,3099.9084,6.5,26.5,763.3273
2,healthy,312.6985,2937.9282,5.0,21.5,690.4648
7,healthy,312.6985,11499.76,5.0,15.0,1138.3738
8,healthy,312.6985,2357.0693,,31.0,766.1378
2,healthy,314.232,3620.874,13.5,24.5,562.2478
4,healthy,314.232,2435.2507,,39.5,667.70074
7,healthy,314.232,4105.202,10.5,36.0,1304.7527
8,healthy,314.232,8118.1025,24.0,38.0,661.04913
11,healthy,314.232,6487.9585,7.0,17.5,1973.3842
2,healthy,315.266,3626.601,25.0,26.0,1024.1715
4,healthy,315.266,2385.73,5.0,40.0,567.2137
7,healthy,315.266,6236.433,5.0,15.0,1227.8624
9,healthy,315.266,6898.6045,5.0,34.5,1071.5536
11,healthy,315.266,7703.8496,,43.5,2088.6748
2,healthy,318.244,3247.535,5.0,15.5,987.0094
4,healthy,318.244,2355.1235,12.0,22.0,507.7067
7,healthy,318.244,8565.234,16.0,26.0,1229.3142
8,healthy,318.244,9913.543,12.0,28.0,635.0762
11,healthy,318.244,10866.295,5.0,49.5,1517.1647
2,healthy,319.1095,17054.07,5.0,21.5,1635.9595
4,healthy,319.1095,25110.213,5.0,20.5,669.1913
7,healthy,319.1095,267670.97,15.5,19.5,955.2804
8,healthy,319.1095,54816.047,5.0,20.0,565.47186
9,healthy,319.1095,29372.066,5.0,20.5,1060.3218
11,healthy,319.1095,53647.516,5.0,20.0,3417.9536
2,healthy,320.2405,56416.53,5.0,31.0,487.1793
4,healthy,320.2405,60094.766,26.0,30.0,696.96893
7,healthy,320.2405,132031.9,5.0,45.0,694.7743
8,healthy,320.2405,141579.44,7.0,29.5,858.5023
9,healthy,320.2405,81353.39,5.0,30.0,691.4974
11,healthy,320.2405,151735.69,5.0,30.0,2936.831
2,healthy,321.358,2777.2969,17.5,31.5,670.9375
4,healthy,321.358,2869.2275,,27.5,781.5054
7,healthy,321.358,5263.366,5.0,16.0,1049.1702
9,healthy,321.358,4531.9717,8.5,20.0,826.8194
11,healthy,321.358,7206.837,43.5,44.0,1970.4788
4,healthy,323.0365,2919.5337,43.0,43.0,674.7116
8,healthy,323.0365,2713.9717,31.0,31.5,550.6536
9,healthy,323.0365,5471.6367,37.0,37.5,1458.7329
11,healthy,323.0365,20410.324,41.5,48.5,3204.3918
2,healthy,324.226,17872.055,5.0,22.0,2788.2751
4,healthy,324.226,25237.594,5.0,16.5,665.3173
7,healthy,324.226,104141.13,16.5,20.0,2378.0515
8,healthy,324.226,47342.867,5.0,20.5,717.409
9,healthy,324.226,23941.996,5.0,37.5,2271.6038
11,healthy,324.226,69128.05,5.0,20.5,3043.7888
2,healthy,325.3305,2931.19,,44.5,886.97955
4,healthy,325.3305,3218.6587,31.5,31.5,687.0052
7,healthy,325.3305,9868.273,5.0,15.0,1178.826
8,healthy,325.3305,2420.487,13.0,17.5,604.73706
9,healthy,325.3305,7792.282,9.5,33.0,1241.5288
11,healthy,325.3305,11055.281,11.0,15.0,1153.4918
2,healthy,326.42,16425.146,5.0,18.0,1150.3562
4,healthy,326.42,17225.072,5.0,21.5,653.4218
7,healthy,326.42,67262.32,5.0,18.5,849.2885
8,healthy,326.42,43065.64,5.0,20.5,668.9586
9,healthy,326.42,26566.906,5.0,20.5,1320.6355
11,healthy,326.42,68343.97,5.0,20.5,4573.761
2,healthy,327.415,16977.574,5.0,22.0,994.5845
4,healthy,327.415,16564.016,5.0,20.5,672.87036
7,healthy,327.415,131143.89,14.5,19.5,1270.4379
8,healthy,327.415,55456.758,5.0,20.5,589.43536
9,healthy,327.415,36159.074,5.0,21.0,815.45215
11,healthy,327.415,61756.08,5.0,20.5,1425.7411
2,healthy,328.281,4089.6653,45.5,48.5,733.44855
4,healthy,328.281,3891.4927,23.5,23.5,723.65564
7,healthy,328.281,4909.708,5.0,24.0,835.4035
8,healthy,328.281,3357.2275,25.5,25.5,718.59015
9,healthy,328.281,5987.2305,,36.5,1885.4767
2,healthy,330.16,3981.378,6.5,18.5,1147.1151
4,healthy,330.16,2531.0232,12.5,20.0,614.46576
7,healthy,330.16,7712.6953,5.0,44.0,1673.9147
2,healthy,331.1815,3837.5159,,15.0,1210.5854
4,healthy,331.1815,4942.489,14.0,27.0,1209.5864
7,healthy,331.1815,5229.573,5.0,25.5,1194.1179
8,healthy,331.1815,8580.032,24.0,39.0,630.71674
9,healthy,331.1815,3024.2173,34.5,35.0,885.50616
11,healthy,331.1815,13589.642,38.0,48.0,2538.1177
2,healthy,332.753,17594.43,5.0,38.5,1345.2263
4,healthy,332.753,20400.605,5.0,21.0,789.4994
7,healthy,332.753,931282.9,13.5,18.0,1316.7096
8,healthy,332.753,83313.25,5.0,20.5,1590.5135
9,healthy,332.753,24679.914,5.0,20.5,1071.5635
11,healthy,332.753,68583.69,5.0,20.5,3429.337
4,healthy,333.8695,3239.891,,42.5,831.4107
7,healthy,333.8695,9763.48,5.0,42.5,2082.3474
8,healthy,333.8695,6246.6523,5.0,20.5,622.02264
2,healthy,335.43,3724.016,36.5,37.0,1005.62604
4,healthy,335.43,2690.0906,,49.5,683.909
9,healthy,335.43,4858.6855,5.0,16.0,1011.89856
11,healthy,335.43,7878.073,5.0,17.0,1347.4491
2,healthy,336.841,4474.5586,43.5,50.0,763.81525
4,healthy,336.841,3376.1343,20.0,20.5,552.739
7,healthy,336.841,4622.297,49.0,49.5,1508.1829
8,healthy,336.841,2217.786,27.5,21.0,438.19003
9,healthy,336.841,3899.0017,19.5,36.0,789.77637
11,healthy,336.841,12542.516,39.5,49.0,3190.072
2,healthy,337.6495,7102.759,5.0,21.0,902.6627
4,healthy,337.6495,4433.0664,21.0,21.5,1440.5717
7,healthy,337.6495,8351.465,5.5,42.5,1560.9553
8,healthy,337.6495,9457.648,17.0,48.0,583.06964
9,healthy,337.6495,5057.8906,29.0,35.0,814.58105
11,healthy,337.6495,9769.914,5.0,15.0,2066.7375
4,healthy,338.463,2659.093,,24.5,776.5328
7,healthy,338.463,14660.008,5.0,15.0,696.1812
9,healthy,338.463,2737.8342,17.0,19.5,757.30304
11,healthy,338.463,5140.6504,5.0,18.5,1462.9575
4,healthy,339.39,2286.6724,,36.5,547.9484
7,healthy,339.39,15866.572,5.0,15.0,1527.1399
8,healthy,339.39,2953.8535,,47.0,668.1855
11,healthy,339.39,9427.727,5.0,31.5,2118.374
2,healthy,341.8105,4108.0127,,50.0,1176.1356
4,healthy,341.8105,3116.2583,18.5,18.5,830.573
7,healthy,341.8105,6586.998,5.0,23.5,1024.0492
8,healthy,341.8105,6503.3022,11.0,43.0,568.3345
9,healthy,341.8105,6783.421,46.5,48.5,1367.4618
4,healthy,344.1375,7039.2227,8.0,40.5,858.00507
7,healthy,344.1375,7085.926,5.0,16.0,1017.3806
2,healthy,345.9595,3290.3948,14.0,24.0,545.12427
4,healthy,345.9595,5036.408,42.5,50.0,807.56445
8,healthy,345.9595,4803.493,6.5,36.0,654.0293
9,healthy,345.9595,15177.459,5.0,15.5,1521.2102
2,healthy,346.905,3177.0977,29.0,40.5,707.244
4,healthy,346.905,2665.9321,,49.5,682.7572
7,healthy,346.905,10569.82,5.0,15.5,942.87177
8,healthy,346.905,3510.9614,36.0,36.0,760.9768
11,healthy,346.905,7946.074,5.0,49.0,1619.6919
2,healthy,348.675,17136.412,5.0,18.5,847.9152
4,healthy,348.675,17985.473,5.0,21.5,998.03723
7,healthy,348.675,195882.6,14.0,19.0,1243.3336
8,healthy,348.675,42180.59,5.0,20.5,1117.003
9,healthy,348.675,22389.514,5.0,21.0,917.84985
11,healthy,348.675,40920.535,5.0,20.5,1235.0919
7,healthy,349.8575,9549.856,36.5,38.0,1921.2563
11,healthy,349.8575,15613.297,15.5,46.0,1514.1024
2,healthy,350.8865,2721.72,8.0,22.5,425.7144
4,healthy,350.8865,4268.181,33.0,33.0,730.61206
7,healthy,350.8865,3796.9858,5.0,19.0,1244.0195
8,healthy,350.8865,6632.8716,47.0,50.0,761.2986
9,healthy,350.8865,3523.3662,5.0,15.0,756.2274
11,healthy,350.8865,9130.895,5.0,24.5,2852.8943
4,healthy,351.89,2787.564,25.0,25.5,661.8494
7,healthy,351.89,8831.059,5.0,15.0,1100.1658
8,healthy,351.89,2640.441,,23.5,587.27057
9,healthy,351.89,4443.284,13.5,48.5,552.2251
11,healthy,351.89,8143.605,6.5,33.0,2692.224
2,healthy,353.079,3202.9858,29.5,37.0,670.03723
4,healthy,353.079,3130.8694,12.5,22.0,1011.6063
7,healthy,353.079,12167.028,5.0,16.0,1204.0608
8,healthy,353.079,3114.8113,17.5,18.0,565.121
9,healthy,353.079,7405.113,5.0,32.5,929.2691
11,healthy,353.079,12827.754,5.5,41.0,1758.287
4,healthy,353.8795,4143.872,21.0,21.5,717.39966
8,healthy,353.8795,2324.1094,,41.5,596.7909
9,healthy,353.8795,7889.3667,28.0,34.5,1793.4805
11,healthy,353.8795,8274.407,,20.0,2732.9302
2,healthy,354.927,16235.843,7.5,18.5,800.48785
4,healthy,354.927,15625.218,5.0,20.5,548.939
7,healthy,354.927,14357.233,5.0,17.5,837.1709
8,healthy,354.927,47301.562,5.0,20.5,596.9242
9,healthy,354.927,19711.53,5.0,37.5,843.45
11,healthy,354.927,45341.375,5.0,20.5,2497.4946
2,healthy,356.282,4533.3164,24.0,24.5,1353.9509
4,healthy,356.282,4201.671,8.5,25.0,714.7056
7,healthy,356.282,4947.612,5.0,18.0,836.0338
11,healthy,356.282,9160.652,9.5,24.5,1248.6323
2,healthy,357.3255,2696.7168,31.0,36.5,578.8915
4,healthy,357.3255,3077.079,5.0,24.0,823.6312
7,healthy,357.3255,9715.477,5.0,25.0,770.3941
8,healthy,357.3255,7027.2812,38.5,49.0,796.4782
11,healthy,357.3255,10576.911,17.0,29.5,1800.9452
2,healthy,359.337,20030.398,5.0,18.5,678.415
4,healthy,359.337,22582.121,5.0,37.5,1034.004
7,healthy,359.337,75480.4,14.5,17.5,2328.1443
8,healthy,359.337,51317.586,5.0,20.5,977.4846
9,healthy,359.337,26401.01,5.0,21.0,996.77686
11,healthy,359.337,66115.805,5.0,20.5,1163.2667
2,healthy,361.513,18779.707,5.0,19.0,921.34503
4,healthy,361.513,29549.883,5.0,22.0,551.72754
7,healthy,361.513,101454.49,5.0,17.5,1309.031
8,healthy,361.513,43010.754,5.0,21.0,531.1276
9,healthy,361.513,22360.342,5.0,21.5,1230.9141
11,healthy,361.513,57487.465,5.0,21.0,2619.249
2,healthy,362.9925,18673.176,5.0,18.5,1893.034
4,healthy,362.9925,15111.025,5.0,37.5,718.8602
7,healthy,362.9925,99878.42,5.0,20.5,736.3412
8,healthy,362.9925,42462.207,5.0,20.5,483.64597
9,healthy,362.9925,35655.402,5.0,21.0,775.6965
11,healthy,362.9925,58596.004,5.0,20.5,1310.6089
2,healthy,364.8215,2988.4858,5.0,21.0,848.22284
4,healthy,364.8215,3105.2356,10.5,40.0,503.72665
7,healthy,364.8215,9532.664,5.0,15.0,850.04785
8,healthy,364.8215,3804.7979,41.5,42.5,569.6446
9,healthy,364.8215,7100.5054,5.0,17.0,1005.38617
11,healthy,364.8215,19554.797,22.0,31.5,4644.916
2,healthy,365.6265,3902.9104,18.5,28.0,632.8789
4,healthy,365.6265,3071.8743,7.0,34.5,939.3811
9,healthy,365.6265,6902.753,5.5,29.5,870.91156
11,healthy,365.6265,7175.707,5.0,29.0,1720.8085
2,healthy,367.005,2198.241,,26.0,649.0591
4,healthy,367.005,2750.7493,,23.5,734.39355
8,healthy,367.005,2239.5764,36.5,36.5,512.35126
9,healthy,367.005,4046.838,5.0,20.0,1165.5087
11,healthy,367.005,9016.245,7.5,35.5,2399.6597
2,healthy,368.186,20053.701,5.0,19.0,1815.8871
4,healthy,368.186,16723.709,5.0,38.0,633.3719
7,healthy,368.186,47336.22,5.0,18.5,1239.1827
8,healthy,368.186,44185.54,5.0,21.0,1348.8665
9,healthy,368.186,21153.133,5.0,21.5,1624.9556
11,healthy,368.186,56681.684,5.0,21.0,1946.4606
4,healthy,369.4195,3695.7126,7.5,15.5,1010.66
7,healthy,369.4195,6349.983,5.0,15.0,1454.1562
8,healthy,369.4195,3927.4058,30.5,50.0,594.59863
9,healthy,369.4195,3827.5715,8.0,40.5,1156.156
2,healthy,370.532,17628.094,5.0,18.5,670.72003
4,healthy,370.532,24852.664,5.0,22.0,894.0473
7,healthy,370.532,38647.4,7.5,18.5,1256.7761
8,healthy,370.532,49726.29,5.0,20.5,658.92236
9,healthy,370.532,19457.855,5.0,21.0,2032.5929
11,healthy,370.532,38137.094,5.0,20.5,1165.5945
4,healthy,371.657,3936.9028,38.5,38.5,830.9758
7,healthy,371.657,6575.1924,5.0,23.0,1079.7465
8,healthy,371.657,3176.2637,31.0,31.5,584.3248
11,healthy,371.657,5418.8936,7.5,26.5,1369.3544
2,healthy,372.6075,19158.566,5.0,18.5,540.5015
4,healthy,372.6075,25250.25,5.0,21.5,1710.5824
7,healthy,372.6075,44510.08,8.0,18.5,888.1068
8,healthy,372.6075,34602.99,5.0,20.5,686.77234
9,healthy,372.6075,23218.072,5.0,21.0,1182.4408
11,healthy,372.6075,53560.926,5.0,20.5,5002.694
2,healthy,373.57,20616.18,5.0,19.0,1255.9127
4,healthy,373.57,18976.875,5.0,21.0,680.4325
7,healthy,373.57,206748.28,5.0,20.5,1242.2069
8,healthy,373.57,37932.965,5.0,21.0,510.77835
9,healthy,373.57,20575.25,5.0,21.0,1074.0659
11,healthy,373.57,45633.195,5.0,21.0,1724.858
2,healthy,374.536,2949.0928,21.5,23.5,831.9935
2,healthy,375.6685,19708.143,5.0,19.0,1061.658
4,healthy,375.6685,15447.508,5.0,21.5,696.8712
7,healthy,375.6685,165889.44,5.0,18.5,1082.9082
8,healthy,375.6685,46924.457,5.0,21.0,540.4086
9,healthy,375.6685,27023.184,5.0,21.0,1027.9247
11,healthy,375.6685,52323.883,5.0,21.0,3939.3933
4,healthy,376.5295,2922.33,49.5,49.5,607.37476
7,healthy,376.5295,8392.553,5.0,15.0,1006.2189
8,healthy,376.5295,2913.421,,49.0,706.8973
11,healthy,376.5295,7087.499,5.0,44.0,1824.6584
2,healthy,377.7175,3186.979,18.5,38.0,749.8287
4,healthy,377.7175,2667.509,14.5,47.5,615.2039
7,healthy,377.7175,15145.3125,5.0,48.0,999.90686
8,healthy,377.7175,8134.1133,5.5,50.0,624.1132
9,healthy,377.7175,6986.0454,5.0,39.0,699.43634
8,healthy,380.9485,2617.3206,,21.0,674.78076
9,healthy,380.9485,5557.511,5.0,49.0,1058.2799
11,healthy,380.9485,6760.9814,13.5,23.5,1364.5479
2,healthy,382.4875,17960.555,5.0,18.5,1254.2085
4,healthy,382.4875,17261.896,5.0,21.5,700.1496
7,healthy,382.4875,76715.72,5.0,20.5,1117.0248
8,healthy,382.4875,33517.62,5.0,20.5,634.2681
9,healthy,382.4875,19854.998,5.0,21.0,2243.0361
11,healthy,382.4875,34449.035,5.0,21.0,1733.5096
2,healthy,384.763,20978.375,5.0,19.5,404.00308
4,healthy,384.763,20176.047,5.0,22.0,673.7368
7,healthy,384.763,127393.61,5.0,19.0,722.7551
8,healthy,384.763,39766.125,5.0,21.5,691.33405
9,healthy,384.763,22383.31,5.0,15.0,934.54877
11,healthy,384.763,40939.67,5.0,21.5,2323.6318
2,healthy,385.6065,6887.9736,,22.5,2030.2635
4,healthy,385.6065,3790.5325,6.0,36.5,597.67224
11,healthy,385.6065,7711.6914,,35.5,2567.5415
2,healthy,386.44,4129.334,27.0,40.5,731.2167
4,healthy,386.44,3309.9614,45.0,45.0,673.6057
7,healthy,386.44,5339.1543,5.0,15.0,1485.639
8,healthy,386.44,4471.964,10.5,42.0,752.80457
9,healthy,386.44,6042.623,5.0,49.5,649.21344
11,healthy,386.44,7657.703,7.5,49.0,1585.4396
2,healthy,389.336,16357.247,7.5,18.0,1558.6544
4,healthy,389.336,20565.455,5.0,21.5,815.55707
7,healthy,389.336,27123.988,5.0,18.0,850.3965
8,healthy,389.336,56253.35,5.0,20.0,606.6573
9,healthy,389.336,21974.646,5.0,20.5,1064.0435
11,healthy,389.336,40860.656,5.0,20.0,2444.0579
2,healthy,390.2475,17779.395,5.0,18.5,544.9794
4,healthy,390.2475,17561.95,5.0,20.5,541.9172
7,healthy,390.2475,11310.473,7.5,18.0,1847.8336
8,healthy,390.2475,50769.65,5.0,20.0,2603.0261
9,healthy,390.2475,24979.918,5.0,20.5,1352.5679
11,healthy,390.2475,72299.71,5.0,20.0,5260.784
2,healthy,391.3655,3635.3381,29.0,34.0,807.93774
4,healthy,391.3655,3027.503,23.5,23.5,649.9993
9,healthy,391.3655,5492.9775,5.0,49.0,1029.98
2,healthy,392.476,21004.244,5.0,18.5,843.6243
4,healthy,392.476,18652.729,5.0,22.0,558.6386
7,healthy,392.476,72867.875,14.0,18.0,1194.0396
8,healthy,392.476,41822.84,5.0,20.5,751.6455
9,healthy,392.476,33979.273,5.0,21.0,1648.5787
11,healthy,392.476,62673.547,5.0,20.5,2881.6929
4,healthy,394.018,2539.1675,,30.0,840.04895
7,healthy,394.018,6204.0464,5.5,50.0,1172.4874
11,healthy,394.018,6584.5815,20.0,43.0,1190.404
2,healthy,394.9015,20003.182,5.0,18.0,692.21
4,healthy,394.9015,22240.844,5.0,20.5,1411.095
7,healthy,394.9015,19268.412,6.5,18.5,768.6881
8,healthy,394.9015,43171.703,5.0,20.0,1998.8749
9,healthy,394.9015,28963.812,5.0,20.5,757.14465
11,healthy,394.9015,62780.85,5.0,20.5,1517.7068
2,healthy,395.859,2723.4946,32.0,36.0,603.35504
4,healthy,395.859,3584.1074,11.5,18.5,490.89813
7,healthy,395.859,4802.576,5.0,46.0,1226.1467
8,healthy,395.859,3569.2388,8.0,26.5,923.8432
9,healthy,395.859,6992.778,5.0,20.0,1568.5623
11,healthy,395.859,7615.7695,28.5,33.5,1756.2936
2,healthy,396.9415,3303.2666,46.5,47.0,693.1572
4,healthy,396.9415,3664.8125,13.0,37.5,685.2836
7,healthy,396.9415,7764.8076,5.0,15.0,799.1263
8,healthy,396.9415,11528.875,31.5,46.0,550.18994
9,healthy,396.9415,4083.189,5.0,23.0,867.8887
4,healthy,398.0695,2178.9636,,31.0,698.91376
7,healthy,398.0695,3540.4094,5.0,16.0,802.59863
8,healthy,398.0695,5938.9287,24.5,36.0,507.5828
11,healthy,398.0695,17115.684,14.0,40.5,2277.6257
8,healthy,399.252,7103.3267,46.5,47.0,1661.1788
9,healthy,399.252,4051.1606,13.5,49.0,580.9437
2,healthy,400.366,6732.256,20.5,22.5,1230.2946
4,healthy,400.366,5109.6406,6.5,18.5,692.80963
7,healthy,400.366,6145.099,5.0,27.0,815.9953
9,healthy,400.366,8177.9946,7.0,27.0,1720.0521
11,healthy,400.366,6993.8867,37.0,41.5,1280.5116
2,healthy,401.1945,16609.094,5.0,18.0,538.45917
4,healthy,401.1945,23406.414,5.0,21.0,515.25916
7,healthy,401.1945,39883.824,5.0,17.0,1380.1204
8,healthy,401.1945,63201.64,5.0,20.0,976.45404
9,healthy,401.1945,38731.938,5.0,20.5,1077.2035
11,healthy,401.1945,62392.355,5.0,20.0,3837.729
2,healthy,402.4195,4566.5674,5.0,23.5,437.33698
4,healthy,402.4195,3318.2253,7.0,34.5,515.8871
7,healthy,402.4195,4752.1357,6.0,39.5,1148.3381
8,healthy,402.4195,3262.6016,39.5,48.5,476.42096
9,healthy,402.4195,4055.8374,32.5,33.0,890.5506
4,healthy,404.4185,3814.5122,9.0,45.0,530.79706
7,healthy,404.4185,6282.3027,5.0,15.0,929.484
8,healthy,404.4185,4999.808,39.5,45.0,612.88696
9,healthy,404.4185,5732.9805,26.0,26.5,1448.0675
11,healthy,404.4185,19174.834,5.0,19.0,2096.0332
2,healthy,405.938,3436.0413,5.0,17.5,498.9183
8,healthy,405.938,9711.277,15.0,20.0,529.0569
9,healthy,405.938,4396.7085,5.0,36.5,624.9944
11,healthy,405.938,12768.434,16.0,27.0,2099.578
2,healthy,411.07,3594.5889,7.5,25.5,767.7639
4,healthy,411.07,2694.5654,,48.5,691.6437
7,healthy,411.07,6156.4644,5.5,15.5,1403.1881
8,healthy,411.07,2058.0679,,48.5,586.4144
11,healthy,411.07,9653.844,10.5,15.5,2493.1096
2,healthy,412.1685,5145.6807,,44.5,1505.856
4,healthy,412.1685,2747.7153,,43.0,567.60974
7,healthy,412.1685,7841.9907,39.5,46.0,1758.1191
8,healthy,412.1685,2908.1958,28.0,28.0,595.36066
9,healthy,412.1685,3386.637,31.0,32.0,1002.50037
11,healthy,412.1685,10129.129,5.5,20.0,2348.2737
2,healthy,413.3335,1919.132,,44.0,486.23438
4,healthy,413.3335,3272.858,11.5,48.0,517.5302
7,healthy,413.3335,12079.383,5.0,16.0,1198.1763
8,healthy,413.3335,3258.026,27.5,29.0,460.4031
9,healthy,413.3335,4457.923,10.5,50.0,649.0511
11,healthy,413.3335,8336.569,,24.5,2543.2026
7,healthy,414.6035,9453.232,5.0,22.0,1853.1324
9,healthy,414.6035,8502.096,18.0,18.0,1729.1013
11,healthy,414.6035,14537.08,,45.5,4487.6284
2,healthy,421.312,2984.1782,34.0,34.0,611.58325
4,healthy,421.312,3080.752,8.0,15.0,709.6721
7,healthy,421.312,7993.2373,5.0,15.5,1312.9221
11,healthy,421.312,6931.2275,6.5,45.5,1352.1718
4,healthy,422.447,2790.169,,35.5,755.7523
7,healthy,422.447,6308.331,5.0,27.5,894.2728
8,healthy,422.447,3398.8792,5.0,45.0,459.83664
9,healthy,422.447,3192.5837,32.0,32.5,936.5544
11,healthy,422.447,6951.0234,6.5,17.5,2166.5342
2,healthy,423.595,2439.0317,,28.5,651.41956
4,healthy,423.595,3322.6694,33.0,33.0,797.77576
7,healthy,423.595,5392.386,5.0,30.5,727.2743
8,healthy,423.595,9613.809,5.0,48.5,642.3342
9,healthy,423.595,8774.133,9.5,17.5,1926.2883
2,healthy,424.9915,3197.8242,,24.0,661.7473
4,healthy,424.9915,2938.2405,20.5,20.5,650.6329
7,healthy,424.9915,4925.5244,5.0,47.5,983.8051
8,healthy,424.9915,4143.456,42.0,50.0,645.0796
11,healthy,424.9915,6622.574,9.0,15.5,1491.0034
4,healthy,426.217,3986.4258,7.0,32.0,679.8726
7,healthy,426.217,5675.6846,16.5,17.0,1492.7567
8,healthy,426.217,3967.9272,14.0,37.5,468.41708
9,healthy,426.217,5313.277,21.0,22.5,1218.125
11,healthy,426.217,8791.536,5.5,48.5,1365.8848
2,healthy,427.6105,19508.115,5.0,18.5,442.1804
4,healthy,427.6105,23512.055,5.0,21.5,673.0351
7,healthy,427.6105,138292.39,5.0,17.0,838.7951
8,healthy,427.6105,55704.773,5.0,20.5,664.8352
9,healthy,427.6105,23701.078,5.0,21.0,915.69525
11,healthy,427.6105,62595.52,5.0,20.5,1345.3093
2,healthy,428.5755,4073.7937,22.5,22.5,960.6979
4,healthy,428.5755,2491.5571,6.5,19.0,679.3369
7,healthy,428.5755,6500.0117,13.0,15.5,1309.5117
9,healthy,428.5755,4596.322,5.5,16.5,691.4443
11,healthy,428.5755,4636.995,5.0,27.0,1395.7802
2,healthy,430.074,2526.3982,34.0,38.5,563.21625
4,healthy,430.074,3723.865,21.0,22.5,907.1499
7,healthy,430.074,17049.408,5.0,35.0,1226.9546
8,healthy,430.074,5264.504,5.0,36.5,802.067
9,healthy,430.074,19049.998,15.0,20.5,2136.787
2,healthy,431.0285,3054.9036,14.5,25.0,760.18506
4,healthy,431.0285,10178.533,34.0,50.0,940.04987
8,healthy,431.0285,2842.378,10.5,49.5,581.26685
9,healthy,431.0285,3975.607,39.0,40.0,974.4749
11,healthy,431.0285,9761.709,5.0,22.5,1918.8551
2,healthy,431.9005,2881.3225,45.5,46.5,587.2238
4,healthy,431.9005,5037.312,6.0,30.0,666.2436
7,healthy,431.9005,5201.938,5.0,25.5,1246.388
8,healthy,431.9005,5172.3105,43.0,44.5,1692.2212
11,healthy,431.9005,10322.316,14.0,21.5,1478.6107
7,healthy,433.3795,13980.971,5.0,50.0,1631.3182
9,healthy,433.3795,8071.32,5.0,26.0,899.56726
11,healthy,433.3795,11919.348,,34.0,3376.9753
2,healthy,434.417,5417.2764,9.5,20.0,900.9079
4,healthy,434.417,3089.2656,9.5,29.5,689.40784
8,healthy,434.417,5581.697,27.0,27.5,1030.6298
9,healthy,434.417,13809.022,5.0,38.5,1355.7263
4,healthy,435.6305,6042.1665,24.0,39.5,1092.4885
7,healthy,435.6305,5374.69,5.0,16.0,1091.792
7,healthy,437.898,5683.919,5.0,28.0,1497.0503
8,healthy,437.898,9082.923,5.0,19.5,1247.7886
9,healthy,437.898,12406.213,7.0,50.0,1818.6655
2,healthy,438.8065,4337.4126,18.5,28.0,1186.2539
4,healthy,438.8065,15048.276,5.0,19.0,1870.5763
7,healthy,438.8065,20339.297,5.0,15.5,1281.2108
8,healthy,438.8065,9200.668,11.5,17.5,2249.3435
9,healthy,438.8065,6170.329,5.0,26.5,2021.427
4,healthy,439.901,9338.277,5.0,36.5,957.1415
7,healthy,439.901,6642.6226,5.0,15.0,1101.5743
9,healthy,439.901,7619.822,16.0,32.0,692.3794
11,healthy,439.901,7568.907,,24.0,2175.7158
2,healthy,440.8835,2599.8652,14.5,34.0,554.40985
4,healthy,440.8835,2727.3845,,46.5,726.0074
7,healthy,440.8835,6003.216,5.0,15.0,725.0375
8,healthy,440.8835,7452.2393,12.5,26.0,1013.9232
9,healthy,440.8835,7408.502,21.5,23.5,1525.7856
4,healthy,441.921,2518.682,48.0,48.0,639.2123
8,healthy,441.921,2477.5618,20.0,20.0,743.0529
9,healthy,441.921,7413.657,31.5,37.0,944.88306
2,healthy,442.8265,3013.3818,,15.0,773.75085
4,healthy,442.8265,2387.9224,,19.0,729.9396
7,healthy,442.8265,19211.273,5.0,38.5,2175.195
9,healthy,442.8265,7275.384,5.0,15.0,1592.0098
4,healthy,443.627,11405.605,5.0,27.0,1043.2817
7,healthy,443.627,34262.83,7.0,41.5,6368.508
9,healthy,443.627,10108.223,5.0,21.0,1020.878
4,healthy,444.7555,2708.749,49.0,49.5,723.29156
8,healthy,444.7555,3314.312,13.5,34.5,850.0926
9,healthy,444.7555,5427.745,18.5,49.0,1133.7917
11,healthy,444.7555,13849.506,,50.0,3626.1506
2,healthy,446.4,5686.6646,32.5,41.5,1009.1555
4,healthy,446.4,2972.0369,25.5,26.0,616.19617
7,healthy,446.4,3512.321,5.0,15.0,1115.2944
8,healthy,446.4,4174.0923,44.0,49.0,813.11847
11,healthy,446.4,8360.013,16.0,44.5,2312.392
4,healthy,447.335,2972.5488,38.0,39.0,649.5176
8,healthy,447.335,8088.827,,50.0,1761.5762
9,healthy,447.335,4698.478,29.0,30.5,802.10834
2,healthy,448.6025,3312.3787,5.0,15.0,1019.20074
4,healthy,448.6025,2566.8252,43.0,43.5,586.2842
7,healthy,448.6025,7081.8545,5.0,38.5,1204.9197
8,healthy,448.6025,3079.5693,41.0,41.0,963.6763
9,healthy,448.6025,6079.429,31.0,47.5,1189.8689
11,healthy,448.6025,14465.725,19.5,27.5,3008.6724
2,healthy,450.141,4029.5337,5.0,29.5,1309.4203
4,healthy,450.141,3583.2307,,45.5,1160.0865
7,healthy,450.141,6931.257,5.0,16.5,1345.1036
9,healthy,450.141,4226.6646,16.0,50.0,397.58264
7,healthy,451.9715,6192.6494,12.5,44.0,1163.253
8,healthy,451.9715,2409.4316,26.0,26.5,477.01053
11,healthy,451.9715,9571.556,11.0,33.5,1766.387
4,healthy,456.0815,3253.75,40.0,47.0,588.71454
7,healthy,456.0815,4554.75,5.0,24.5,769.08887
8,healthy,456.0815,3095.6123,18.0,18.5,676.01685
9,healthy,456.0815,4986.183,28.5,41.0,1008.3868
11,healthy,456.0815,5453.406,37.0,41.5,1173.4193
2,healthy,457.4515,3344.0342,45.0,45.0,848.9212
7,healthy,457.4515,4764.616,8.0,15.0,1120.4268
8,healthy,457.4515,7219.0195,34.0,38.0,727.28064
11,healthy,457.4515,12644.086,6.0,16.0,2528.6353
4,healthy,458.487,2846.0981,15.0,50.0,532.3765
7,healthy,458.487,5119.553,5.0,43.5,1206.2122
8,healthy,458.487,2495.7524,,34.0,591.67755
9,healthy,458.487,4136.391,5.0,40.5,828.3061
2,healthy,461.4645,4376.432,47.0,48.5,1049.5753
7,healthy,461.4645,9777.588,5.0,16.0,868.4514
8,healthy,461.4645,2311.8315,,28.5,650.0976
9,healthy,461.4645,7095.7476,26.0,40.0,772.8598
11,healthy,461.4645,7942.8984,5.0,48.0,1229.4373
2,healthy,462.3005,1986.849,18.0,29.0,584.3895
4,healthy,462.3005,3029.0781,15.0,15.0,583.9792
9,healthy,462.3005,5881.8296,5.5,36.5,1720.1897
2,healthy,464.406,2184.3042,8.0,18.5,587.08813
4,healthy,464.406,2886.9397,,48.0,927.7616
7,healthy,464.406,6264.8926,5.0,17.5,981.8827
9,healthy,464.406,8862.687,33.5,43.0,1297.2019
11,healthy,464.406,8877.197,5.0,28.0,1360.6501
2,healthy,466.125,13031.255,5.0,18.5,200.33641
4,healthy,466.125,14636.408,5.0,21.5,597.2385
7,healthy,466.125,10057.211,7.5,22.0,554.9024
8,healthy,466.125,23125.137,5.0,20.0,563.35266
9,healthy,466.125,12972.393,5.0,17.5,2070.0405
11,healthy,466.125,36336.297,5.0,20.5,1645.8894
8,healthy,467.1135,2320.4233,44.5,45.5,541.95703
2,healthy,468.777,5219.7627,11.0,15.0,810.56384
4,healthy,468.777,2173.2302,10.0,46.5,704.9226
7,healthy,468.777,4153.882,5.0,15.5,738.8516
8,healthy,468.777,2869.1025,21.0,21.5,437.30328
9,healthy,468.777,5143.8086,38.5,45.5,1341.1508
11,healthy,468.777,7997.1245,11.0,28.5,2183.4463
2,healthy,470.517,4122.658,,49.0,1001.3808
4,healthy,470.517,4318.077,28.5,29.5,637.3801
7,healthy,470.517,7085.009,5.0,41.5,1306.688
11,healthy,470.517,10363.535,5.0,15.0,2334.946
2,healthy,472.5045,12569.146,8.0,18.5,525.0012
4,healthy,472.5045,15207.257,15.5,37.5,2863.5596
7,healthy,472.5045,37599.117,5.0,19.0,1014.0863
8,healthy,472.5045,33302.062,5.0,20.5,555.6118
9,healthy,472.5045,17437.965,5.0,21.0,1435.3093
11,healthy,472.5045,25516.46,5.0,21.0,2349.5303
4,healthy,473.305,2763.2659,,36.5,681.04486
8,healthy,473.305,3229.873,,18.0,760.36206
9,healthy,473.305,4800.34,5.0,38.5,1129.8082
11,healthy,473.305,15026.885,45.5,47.0,2510.861
2,healthy,474.2745,13647.738,5.0,18.5,1158.3782
4,healthy,474.2745,27951.945,5.0,19.0,1016.6621
7,healthy,474.2745,100335.45,5.0,18.5,789.9563
8,healthy,474.2745,30907.848,5.0,20.5,528.1089
9,healthy,474.2745,16844.08,5.0,21.5,1311.3046
11,healthy,474.2745,25997.182,5.0,21.0,2176.877
2,healthy,475.535,14370.312,5.0,33.0,960.3273
4,healthy,475.535,29547.6,5.0,20.0,681.69543
7,healthy,475.535,37641.492,5.0,19.0,1285.2771
8,healthy,475.535,36130.035,5.0,21.5,546.8736
9,healthy,475.535,14190.982,5.0,22.0,857.94556
11,healthy,475.535,36853.41,5.0,22.0,3546.7764
2,healthy,476.339,2056.9148,5.5,21.5,545.6597
4,healthy,476.339,2468.814,,37.0,814.84
7,healthy,476.339,7333.162,5.0,24.5,686.9179
8,healthy,476.339,7067.8867,11.0,19.5,632.8508
9,healthy,476.339,3775.541,5.0,35.5,1102.5494
11,healthy,476.339,16053.762,,20.5,4004.483
2,healthy,477.392,12855.036,5.0,18.5,618.70996
4,healthy,477.392,19967.502,5.0,16.5,901.42303
7,healthy,477.392,130353.28,7.5,21.0,729.8466
8,healthy,477.392,31087.754,5.0,20.0,754.9487
9,healthy,477.392,20036.291,5.0,21.0,1858.7285
11,healthy,477.392,33817.953,5.0,20.5,1169.1001
4,healthy,478.7525,2934.1099,11.5,32.5,977.08466
7,healthy,478.7525,4031.4,5.0,44.0,777.2782
8,healthy,478.7525,2872.0925,17.5,17.5,784.65735
2,healthy,479.698,6333.7354,11.5,44.5,1646.8069
4,healthy,479.698,4678.408,7.0,41.0,695.504
7,healthy,479.698,6643.829,5.0,15.0,1584.2054
8,healthy,479.698,9556.953,6.0,23.5,375.34473
9,healthy,479.698,6999.35,12.0,18.0,970.4135
11,healthy,479.698,15077.274,5.0,18.0,1311.7919
2,healthy,481.049,5109.982,,16.5,1297.0984
4,healthy,481.049,3755.2441,26.5,26.5,739.38855
8,healthy,481.049,2822.609,49.5,50.0,516.7028
9,healthy,481.049,4731.9233,5.0,22.5,1010.1446
11,healthy,481.049,11284.305,12.5,17.5,2111.4695
2,healthy,482.0865,43607.375,20.5,27.5,880.4588
4,healthy,482.0865,41722.152,5.0,29.5,1023.60754
7,healthy,482.0865,56509.51,5.0,27.5,1232.8743
8,healthy,482.0865,94768.5,20.5,29.0,747.2538
9,healthy,482.0865,51709.434,28.0,29.5,1370.8557
11,healthy,482.0865,100791.0,27.5,29.5,3311.4624
4,healthy,484.403,3349.689,46.5,47.0,548.68915
8,healthy,484.403,3363.0654,44.0,45.0,508.83243
9,healthy,484.403,5477.1045,11.0,20.5,1014.63983
2,healthy,485.523,2414.6096,24.0,33.0,774.7423
4,healthy,485.523,2713.0667,,42.0,715.17365
7,healthy,485.523,3497.6057,5.0,15.0,1021.3704
2,healthy,487.8905,3043.2495,,35.5,878.76
4,healthy,487.8905,3133.1677,10.0,24.0,737.85205
11,healthy,487.8905,8048.285,24.0,28.5,2559.4143
2,healthy,490.9835,3534.2563,5.0,48.0,515.42084
4,healthy,490.9835,4685.7705,42.0,45.5,633.7091
7,healthy,490.9835,6991.709,5.0,15.0,663.33154
9,healthy,490.9835,5045.8535,10.0,48.5,753.6917
11,healthy,490.9835,11305.461,21.0,37.5,1336.5259
4,healthy,492.232,2443.3887,,17.5,773.6954
7,healthy,492.232,8429.08,5.0,18.0,1214.0905
8,healthy,492.232,2382.5007,39.5,40.5,537.00586
9,healthy,492.232,4854.754,,30.5,1512.6628
11,healthy,492.232,5335.6064,5.0,20.5,1077.678
2,healthy,493.6895,3886.48,5.0,41.5,517.5921
4,healthy,493.6895,2475.2605,,17.0,758.63464
7,healthy,493.6895,8712.081,5.0,15.0,772.1476
8,healthy,493.6895,2486.8877,32.5,33.5,538.14606
11,healthy,493.6895,6060.536,28.5,29.0,1062.6472
2,healthy,494.7525,4448.1875,6.5,19.0,938.7236
4,healthy,494.7525,2515.254,,31.5,606.1712
7,healthy,494.7525,37549.656,5.0,19.0,2595.3167
8,healthy,494.7525,2937.151,44.0,44.0,589.11615
9,healthy,494.7525,2970.5227,22.5,23.0,772.4649
11,healthy,494.7525,7339.3643,5.0,18.5,1962.9286
2,healthy,496.593,11235.619,8.0,19.0,831.8113
4,healthy,496.593,23727.598,5.0,19.5,771.9039
7,healthy,496.593,70860.12,8.5,18.0,1916.303
8,healthy,496.593,33170.6,5.0,20.5,805.7717
9,healthy,496.593,13920.417,5.0,21.0,688.6942
11,healthy,496.593,42448.66,5.0,20.5,2539.3752
2,healthy,499.215,11690.288,8.0,19.0,1058.174
4,healthy,499.215,20724.36,5.0,38.0,641.6435
7,healthy,499.215,99728.016,5.0,20.5,767.78564
8,healthy,499.215,30311.297,5.0,20.5,489.99222
9,healthy,499.215,24332.94,5.0,21.0,2704.1992
11,healthy,499.215,35052.75,5.0,21.0,3769.6228
4,healthy,500.2925,3134.7031,5.5,31.5,570.13184
7,healthy,500.2925,5241.0,5.0,24.5,1355.8428
8,healthy,500.2925,2676.8193,39.5,41.0,586.81085
2,healthy,501.3035,12826.37,8.5,19.0,1301.0492
4,healthy,501.3035,32798.664,5.0,20.0,734.10956
7,healthy,501.3035,144012.86,5.0,20.0,1113.9196
8,healthy,501.3035,26441.438,5.0,20.5,580.77045
9,healthy,501.3035,17616.14,5.0,37.5,1685.7307
11,healthy,501.3035,29406.027,5.0,49.5,2650.2717
2,healthy,503.6225,3190.268,30.0,31.5,455.78897
4,healthy,503.6225,2660.6592,,29.0,790.324
8,healthy,503.6225,2258.4072,12.5,27.0,406.97925
9,healthy,503.6225,5857.0146,,23.0,1879.3995
11,healthy,503.6225,13251.98,20.5,25.5,2430.419
2,healthy,504.9785,14716.744,5.0,19.5,1242.4689
4,healthy,504.9785,35952.984,5.0,17.0,1150.7322
7,healthy,504.9785,103426.14,5.0,20.0,1388.5547
8,healthy,504.9785,27488.24,5.0,21.0,668.7636
9,healthy,504.9785,18875.758,5.0,21.5,922.43036
11,healthy,504.9785,27942.012,5.0,21.0,4051.7234
4,healthy,506.142,3370.8093,24.5,24.5,669.05884
7,healthy,506.142,6830.544,5.0,50.0,956.3121
9,healthy,506.142,6314.5977,17.5,45.0,1015.4944
11,healthy,506.142,6979.802,5.0,24.0,1187.5457
2,healthy,506.964,3569.481,18.5,21.5,605.726
9,healthy,506.964,4502.503,5.0,16.5,1444.7305
2,healthy,508.743,31401.07,48.5,50.0,1251.3419
4,healthy,508.743,20404.719,48.0,49.0,722.9527
7,healthy,508.743,30562.172,5.0,49.5,1600.0151
8,healthy,508.743,41810.676,49.0,50.0,735.23944
9,healthy,508.743,17448.64,34.5,50.0,1512.1917
11,healthy,508.743,24063.49,5.0,15.5,2877.0593
2,healthy,509.7205,3439.334,14.0,39.0,454.69168
4,healthy,509.7205,3484.522,,42.5,784.33075
11,healthy,509.7205,9423.452,,47.5,2468.9854
4,healthy,511.252,3798.7002,38.5,39.0,713.3098
7,healthy,511.252,6685.423,5.0,15.0,1264.1416
11,healthy,511.252,10922.521,14.5,45.0,1481.661
2,healthy,512.0935,4109.1953,5.0,16.5,681.7252
4,healthy,512.0935,2854.733,,16.0,731.1345
7,healthy,512.0935,8600.317,5.0,44.5,1013.4224
8,healthy,512.0935,2794.413,21.0,21.5,537.0323
4,healthy,513.3075,3412.3901,17.5,44.5,632.96564
7,healthy,513.3075,8496.338,5.0,35.5,938.5659
8,healthy,513.3075,3059.0852,49.0,49.0,675.41376
9,healthy,513.3075,4624.3213,7.0,34.0,1226.7012
11,healthy,513.3075,7451.9023,24.5,24.5,2341.8137
7,healthy,515.4405,5416.932,17.0,17.5,1284.0729
8,healthy,515.4405,2475.3254,10.5,48.5,518.1019
9,healthy,515.4405,5380.6533,,24.5,1670.4939
2,healthy,517.5825,2801.8645,5.0,16.0,325.31268
4,healthy,517.5825,3327.0513,24.5,24.5,878.9173
7,healthy,517.5825,3869.5093,5.0,49.0,1052.2786
8,healthy,517.5825,2436.295,20.0,20.0,568.2391
9,healthy,517.5825,3232.3958,5.0,42.0,842.75696
11,healthy,517.5825,17783.523,13.5,28.5,3790.3271
2,healthy,518.4205,3371.9004,17.0,17.5,1032.2705
4,healthy,518.4205,4037.3167,20.5,24.0,633.9066
7,healthy,518.4205,7334.242,5.0,15.5,1196.7045
8,healthy,518.4205,2644.6155,20.5,23.0,494.4459
9,healthy,518.4205,5459.1387,44.5,46.0,1062.347
2,healthy,521.372,4527.5977,5.0,18.0,1107.6212
4,healthy,521.372,2417.936,13.5,39.0,541.33167
7,healthy,521.372,6040.4775,5.0,19.0,1077.1501
8,healthy,521.372,3032.1577,,28.5,668.2478
11,healthy,521.372,10882.029,5.0,18.0,3154.8442
2,healthy,522.2185,5950.0547,26.0,27.0,1010.56067
7,healthy,522.2185,5176.3325,5.0,19.0,660.7263
8,healthy,522.2185,6484.5674,5.5,39.0,726.6624
9,healthy,522.2185,5770.9854,,16.5,1585.8771
11,healthy,522.2185,9492.34,11.0,16.0,2486.5493
4,healthy,523.024,3162.1443,,23.5,1015.8363
7,healthy,523.024,5925.707,5.0,16.5,1412.4338
4,healthy,524.012,3846.058,27.5,27.5,812.79425
7,healthy,524.012,7392.1943,5.0,23.5,802.72125
8,healthy,524.012,2692.74,39.0,39.0,572.0739
11,healthy,524.012,8901.471,36.5,37.0,2493.5974
4,healthy,525.001,2773.8564,30.0,30.0,554.27405
7,healthy,525.001,4678.0537,18.0,18.0,1486.7662
8,healthy,525.001,5116.8403,,25.0,1236.5194
9,healthy,525.001,3147.581,,50.0,894.1486
11,healthy,525.001,6791.74,6.0,49.0,1929.2894
4,healthy,527.2245,3427.8916,42.0,42.0,752.1539
7,healthy,527.2245,8304.635,5.0,17.0,1119.1678
8,healthy,527.2245,2786.9248,40.0,40.0,488.83682
9,healthy,527.2245,4824.4937,32.0,33.5,1330.3396
4,healthy,529.222,3758.108,40.5,41.0,533.91016
8,healthy,529.222,2877.795,38.0,44.5,492.0729
9,healthy,529.222,8009.566,8.5,50.0,576.73224
11,healthy,529.222,11809.542,16.0,17.0,3492.5732
2,healthy,533.0495,2637.2522,18.0,27.0,435.92834
4,healthy,533.0495,3210.3206,,40.0,728.3341
7,healthy,533.0495,6761.3574,5.0,49.5,1431.8252
8,healthy,533.0495,7119.728,6.5,18.5,342.57733
11,healthy,533.0495,7135.984,14.0,24.0,1259.5647
9,healthy,534.6035,5275.6562,18.0,27.5,745.2983
11,healthy,534.6035,8729.162,5.0,38.0,2760.2534
2,healthy,535.4265,3305.912,37.0,41.5,505.2348
7,healthy,535.4265,10613.241,6.5,33.5,2107.466
9,healthy,535.4265,3813.0264,40.0,41.0,956.9126
11,healthy,535.4265,7909.2393,,16.5,2470.7827
2,healthy,536.819,2478.1738,5.0,15.5,740.5461
4,healthy,536.819,4825.4053,5.0,37.0,726.7267
7,healthy,536.819,5469.4785,5.0,43.0,1756.7374
8,healthy,536.819,8439.63,5.0,22.0,1228.4701
2,healthy,537.836,2781.1787,5.0,49.0,668.5177
4,healthy,537.836,3272.2656,27.5,35.5,697.2271
7,healthy,537.836,3950.001,5.0,42.5,1207.6023
2,healthy,540.3475,3561.3105,,15.5,888.23694
4,healthy,540.3475,3723.8054,20.5,38.0,640.80853
7,healthy,540.3475,6236.361,,39.5,1546.9941
8,healthy,540.3475,3701.6545,5.0,27.0,820.92017
9,healthy,540.3475,5570.9014,28.0,34.0,1058.5427
11,healthy,540.3475,9959.36,15.5,18.5,2445.4075
2,healthy,541.232,3760.644,13.0,27.0,1005.04144
4,healthy,541.232,2957.582,10.0,32.5,571.82
7,healthy,541.232,4765.348,5.0,40.5,1366.0042
9,healthy,541.232,7987.852,48.0,48.5,2303.9185
11,healthy,541.232,12543.297,5.0,24.0,1697.5248
2,healthy,542.6465,14690.751,7.0,21.0,629.81714
4,healthy,542.6465,29353.1,5.0,21.0,736.5218
7,healthy,542.6465,167563.22,8.0,17.5,1043.9277
8,healthy,542.6465,40012.85,5.0,19.5,825.6528
9,healthy,542.6465,26750.406,5.0,20.5,1156.6133
11,healthy,542.6465,28013.445,5.0,20.0,2670.0378
4,healthy,544.312,2578.814,,41.0,602.9548
7,healthy,544.312,3824.6416,5.0,15.0,1161.2635
8,healthy,544.312,5621.708,44.5,49.5,1154.8861
9,healthy,544.312,5551.0767,20.0,43.5,905.9486
2,healthy,545.362,16142.797,5.0,19.0,1577.9044
4,healthy,545.362,20617.383,5.0,22.0,569.15466
7,healthy,545.362,71430.3,6.5,20.5,731.2351
8,healthy,545.362,49618.543,5.0,21.0,600.1472
9,healthy,545.362,22980.902,5.0,21.5,2120.6567
11,healthy,545.362,57540.4,5.0,21.0,2171.4263
4,healthy,547.116,6157.698,26.5,27.0,1051.0148
7,healthy,547.116,4138.264,5.0,42.0,637.4035
4,healthy,549.376,2639.1382,31.5,32.0,536.47284
7,healthy,549.376,6906.0586,5.0,18.5,1045.5627
8,healthy,549.376,6179.4185,,48.0,1655.3436
4,healthy,551.3925,2842.592,,43.5,634.297
8,healthy,551.3925,4180.147,22.0,33.0,1055.6294
9,healthy,551.3925,6581.168,5.0,26.0,1687.3599
2,healthy,552.3675,6460.666,5.0,17.0,612.98694
4,healthy,552.3675,2202.3384,,23.5,661.10596
7,healthy,552.3675,10469.661,5.0,37.0,974.55164
11,healthy,552.3675,19239.195,6.0,47.5,1632.1876
2,healthy,555.1805,3712.2417,8.5,25.0,932.0239
4,healthy,555.1805,1779.7239,,21.0,547.5619
7,healthy,555.1805,4407.2524,5.0,21.0,1164.4264
8,healthy,555.1805,1437.6272,9.5,28.5,460.15244
11,healthy,555.1805,7999.178,5.0,35.0,1765.4882
2,healthy,556.6355,17262.508,5.0,33.0,742.55475
4,healthy,556.6355,23905.09,20.5,26.0,3017.6611
7,healthy,556.6355,35153.918,5.0,27.0,2730.619
8,healthy,556.6355,10677.166,21.5,22.5,3037.919
9,healthy,556.6355,44510.18,19.0,24.5,4912.1963
11,healthy,556.6355,9536.01,22.5,45.0,1826.0824
2,healthy,557.9105,6973.493,5.0,46.5,404.95975
4,healthy,557.9105,4652.05,,34.0,1231.2587
7,healthy,557.9105,9025.142,5.0,15.0,1463.126
8,healthy,557.9105,7939.558,19.0,41.5,816.19403
11,healthy,557.9105,18726.469,19.5,49.5,2523.5942
2,healthy,559.678,16854.844,8.0,18.5,724.2957
4,healthy,559.678,16786.992,5.0,21.0,490.8072
7,healthy,559.678,213013.67,5.0,19.0,1117.7971
8,healthy,559.678,40508.516,5.0,20.5,1423.1156
9,healthy,559.678,19451.42,5.0,21.0,1327.3087
11,healthy,559.678,49014.383,5.0,21.0,4341.081
4,healthy,560.518,5442.8486,34.0,35.0,939.7491
2,healthy,561.678,437481.75,7.5,16.0,6784.711
4,healthy,561.678,62734.195,5.0,17.5,758.4911
7,healthy,561.678,172492.78,12.5,17.5,1340.0563
8,healthy,561.678,55936.78,5.0,20.0,1811.3926
9,healthy,561.678,26753.05,5.0,20.5,2227.8367
11,healthy,561.678,49235.43,5.0,20.5,3358.8318
2,healthy,562.6095,583409.9,8.0,15.5,10712.074
4,healthy,562.6095,52365.36,5.0,15.0,2670.6208
7,healthy,562.6095,103143.75,14.5,18.5,2046.6788
8,healthy,562.6095,52237.812,5.0,20.5,1284.6654
9,healthy,562.6095,25851.793,5.0,21.0,1799.3744
11,healthy,562.6095,56020.965,5.0,20.5,2508.5742
2,healthy,563.617,36648.41,,16.0,9373.992
4,healthy,563.617,6217.7783,,23.5,1385.9025
9,healthy,563.617,7307.2793,,16.5,1936.5248
2,healthy,564.661,103173.55,,42.5,25183.758
4,healthy,564.661,9740.984,31.5,32.0,1939.4799
8,healthy,564.661,2651.0342,14.5,15.5,789.7235
9,healthy,564.661,7194.964,40.0,50.0,1487.9126
2,healthy,565.583,42530.453,14.0,18.0,3612.9001
4,healthy,565.583,2567.3267,,43.0,834.2841
7,healthy,565.583,5519.342,5.0,18.0,1417.4862
8,healthy,565.583,2443.6504,,50.0,745.84503
9,healthy,565.583,5108.5513,47.0,47.0,1440.8486
2,healthy,566.4,27600.498,9.0,15.0,6615.9717
7,healthy,566.4,5578.3687,,34.0,1493.525
9,healthy,566.4,8009.804,48.5,50.0,1415.5399
11,healthy,566.4,8957.842,,15.0,2912.9778
2,healthy,567.2665,162832.34,15.0,15.5,30016.41
7,healthy,567.2665,8743.727,5.0,38.0,865.89886
8,healthy,567.2665,2093.2585,,20.0,685.32684
9,healthy,567.2665,8190.43,5.0,16.5,823.95294
11,healthy,567.2665,10024.365,16.5,22.5,1759.825
2,healthy,568.4315,18899.346,9.5,15.0,3857.1553
4,healthy,568.4315,4544.7705,42.5,50.0,665.19165
7,healthy,568.4315,14455.469,5.0,18.5,1411.8065
8,healthy,568.4315,9693.643,5.0,34.0,729.7689
2,healthy,569.76,3191.0464,5.0,15.5,539.49756
4,healthy,569.76,2752.2847,,15.0,657.09204
8,healthy,569.76,5377.3965,46.5,50.0,901.4714
9,healthy,569.76,5950.818,11.5,18.0,1845.8494
11,healthy,569.76,15035.323,23.0,23.5,2851.0486
2,healthy,571.65,3091.6904,5.0,46.5,688.5868
4,healthy,571.65,2427.8372,,32.0,609.5721
7,healthy,571.65,5285.236,5.0,37.5,1030.753
8,healthy,571.65,7664.5137,22.0,40.0,1089.5531
9,healthy,571.65,6625.241,34.5,48.0,1283.6149
2,healthy,573.2485,3630.3486,,46.5,1098.4113
4,healthy,573.2485,2197.8125,,32.5,647.99945
9,healthy,573.2485,5996.431,26.5,28.5,1436.4033
11,healthy,573.2485,14411.73,27.0,29.5,2199.3782
2,healthy,575.6625,4824.7134,6.5,40.0,1007.8766
4,healthy,575.6625,3242.0256,,44.0,669.27356
7,healthy,575.6625,8189.9253,5.0,16.0,883.37067
8,healthy,575.6625,4186.997,10.0,39.5,1191.2336
9,healthy,575.6625,10410.14,10.0,19.5,908.0796
11,healthy,575.6625,8221.855,,23.5,2605.0686
2,healthy,576.9245,2300.7874,6.5,42.0,422.81033
4,healthy,576.9245,2533.665,,31.0,730.68726
7,healthy,576.9245,12170.075,5.0,16.5,1578.3096
9,healthy,576.9245,7290.095,5.0,18.0,1079.1447
11,healthy,576.9245,10192.438,12.0,33.5,2512.56
2,healthy,578.3595,3786.6624,25.0,25.5,1023.71533
4,healthy,578.3595,2253.254,13.5,16.5,647.3634
7,healthy,578.3595,10150.309,5.0,15.0,1011.35376
2,healthy,580.095,4565.4316,7.5,15.0,460.7528
4,healthy,580.095,3199.1223,24.5,25.0,585.3573
7,healthy,580.095,8484.473,5.0,24.5,1817.4486
8,healthy,580.095,2219.2744,,41.0,590.3221
9,healthy,580.095,6757.7993,5.0,17.0,1568.9529
11,healthy,580.095,6857.873,49.0,50.0,1813.4658
4,healthy,580.9185,2654.2786,,49.0,647.65344
7,healthy,580.9185,5670.5713,5.0,15.0,1373.3282
9,healthy,580.9185,3697.7102,6.5,22.5,996.32635
4,healthy,582.0735,3322.563,,42.5,741.66174
7,healthy,582.0735,7487.9463,5.0,18.5,1755.4364
8,healthy,582.0735,5566.846,29.5,50.0,577.59973
9,healthy,582.0735,5204.768,49.0,49.5,1199.6436
2,healthy,582.9035,2419.4648,8.0,34.0,563.19037
7,healthy,582.9035,4071.3848,5.0,32.0,1354.2628
9,healthy,582.9035,3826.8247,5.0,47.0,999.12384
11,healthy,582.9035,9813.238,5.0,40.0,1274.4674
4,healthy,584.4855,3308.578,20.0,20.0,642.51746
9,healthy,584.4855,4455.209,5.0,44.0,981.0595
11,healthy,584.4855,14128.542,40.5,42.5,2880.8325
2,healthy,586.089,1745.1882,42.0,42.0,516.0938
4,healthy,586.089,3194.0059,7.0,50.0,557.5047
7,healthy,586.089,4180.4517,5.0,16.5,1057.7124
8,healthy,586.089,2882.543,,24.0,751.5581
2,healthy,588.614,3832.812,34.5,34.5,1011.5597
4,healthy,588.614,3401.576,16.5,34.0,505.4413
7,healthy,588.614,5719.585,43.0,43.5,1687.0782
8,healthy,588.614,2978.069,20.5,21.0,559.1857
11,healthy,588.614,12259.883,6.0,49.5,1604.6368
7,healthy,589.523,9577.464,5.0,49.0,1916.7506
8,healthy,589.523,3241.5176,6.0,15.0,667.7441
11,healthy,589.523,6784.146,8.0,26.0,1701.1011
4,healthy,590.3235,3462.3887,9.5,33.0,885.45386
7,healthy,590.3235,17255.236,19.0,19.5,4699.9004
9,healthy,590.3235,4800.434,,41.5,1377.1774
11,healthy,590.3235,11191.055,5.5,15.0,2219.2227
4,healthy,591.125,3375.6401,17.0,17.5,469.93015
7,healthy,591.125,6491.5664,5.0,33.0,936.1748
8,healthy,591.125,3246.7354,43.0,39.0,610.73114
9,healthy,591.125,5543.021,21.5,32.0,896.76074
4,healthy,591.932,2968.1973,10.5,46.5,777.82916
7,healthy,591.932,11890.216,5.0,15.0,1268.9073
8,healthy,591.932,1993.4653,5.5,32.0,573.8019
9,healthy,591.932,5691.4604,,16.0,1843.8075
4,healthy,593.348,4088.719,14.0,15.0,482.37766
7,healthy,593.348,4238.616,5.0,23.0,1254.3787
9,healthy,593.348,10907.349,5.0,15.0,2297.8364
2,healthy,594.282,3122.8835,5.0,49.5,750.7991
4,healthy,594.282,2152.5874,,39.0,646.33606
7,healthy,594.282,6786.6367,5.0,28.5,1796.9838
9,healthy,594.282,3627.8628,5.0,17.0,815.6689
11,healthy,594.282,8217.546,45.5,42.0,2700.4197
2,healthy,595.2125,2909.9976,5.0,15.5,495.47824
4,healthy,595.2125,2626.6448,28.0,40.0,657.82043
7,healthy,595.2125,6214.683,5.0,15.5,1367.376
9,healthy,595.2125,5569.729,47.5,48.5,1554.7296
2,healthy,596.114,5429.702,,38.5,1156.2325
4,healthy,596.114,3013.5244,,25.0,752.18994
7,healthy,596.114,7931.7607,6.0,50.0,2454.853
9,healthy,596.114,10542.286,32.0,39.0,3244.5466
11,healthy,596.114,9657.541,5.0,36.0,997.6866
2,healthy,597.461,4981.2515,6.0,22.0,690.96747
4,healthy,597.461,2943.4658,36.5,37.5,760.2264
7,healthy,597.461,8320.971,5.0,17.5,919.36304
8,healthy,597.461,5108.262,44.5,49.0,1065.9918
11,healthy,597.461,22337.117,9.0,47.0,4842.7593
2,healthy,598.447,3118.462,10.0,30.5,684.0803
4,healthy,598.447,4817.578,5.0,17.0,472.56778
7,healthy,598.447,5703.5264,5.0,15.0,1354.2977
9,healthy,598.447,12900.441,20.0,21.0,3241.9324
2,healthy,599.668,5616.131,23.0,50.0,690.07587
4,healthy,599.668,3308.5269,12.5,36.5,598.1309
2,healthy,600.5815,3820.5369,,45.0,1009.7289
4,healthy,600.5815,3058.8076,15.0,49.0,533.719
8,healthy,600.5815,5797.044,7.5,18.5,802.78406
9,healthy,600.5815,7536.2397,5.0,19.5,1951.1359
11,healthy,600.5815,8017.343,36.5,37.0,1642.6973
2,healthy,601.441,2515.2395,5.0,17.0,611.6251
4,healthy,601.441,3215.5396,9.0,29.0,881.76215
7,healthy,601.441,8963.301,21.0,22.0,1727.2422
11,healthy,601.441,30370.414,20.0,46.5,3163.0042
2,healthy,602.7745,3186.7998,13.0,20.5,989.2232
4,healthy,602.7745,2546.75,9.5,43.5,846.468
7,healthy,602.7745,7008.334,11.0,19.5,1864.6127
8,healthy,602.7745,2670.7795,5.0,40.0,443.8548
11,healthy,602.7745,13074.607,35.0,44.5,3756.8843
2,healthy,604.314,4446.8013,12.5,39.0,712.8121
4,healthy,604.314,6509.249,8.5,24.0,874.42523
7,healthy,604.314,28901.52,5.0,19.0,1115.6055
8,healthy,604.314,4496.533,5.0,15.5,984.92957
9,healthy,604.314,10442.437,7.0,15.0,1741.6835
11,healthy,604.314,20109.95,13.5,23.0,2865.9333
2,healthy,605.779,4075.4292,24.0,48.0,785.13934
4,healthy,605.779,3766.6682,24.5,25.0,668.2434
7,healthy,605.779,28202.084,5.0,18.5,956.22174
8,healthy,605.779,2123.5708,23.5,24.5,679.6462
9,healthy,605.779,4647.771,5.0,24.0,1245.1389
11,healthy,605.779,7506.002,23.0,23.0,1848.5006
2,healthy,606.6115,8597.334,5.5,49.5,452.1294
4,healthy,606.6115,2885.1238,,44.5,897.0341
7,healthy,606.6115,5254.1543,5.0,21.0,1008.61707
2,healthy,607.4205,2632.8447,5.0,17.5,656.5112
4,healthy,607.4205,2762.8623,,25.5,656.4755
7,healthy,607.4205,4294.0195,18.0,27.0,1169.3363
8,healthy,607.4205,3500.463,45.0,49.5,509.58246
9,healthy,607.4205,8527.549,41.0,43.5,2756.5586
11,healthy,607.4205,11995.429,5.5,15.0,2560.5608
4,healthy,608.3425,6674.0503,31.5,36.0,1092.5293
7,healthy,608.3425,9529.297,5.0,15.0,1186.0507
9,healthy,608.3425,9018.612,32.5,38.0,1384.4246
11,healthy,608.3425,17849.46,41.0,41.0,4856.797
2,healthy,609.247,3982.7417,5.0,50.0,753.6432
4,healthy,609.247,3196.1611,42.0,48.5,603.14984
7,healthy,609.247,5819.7397,5.0,15.5,908.8572
2,healthy,611.8695,3816.184,7.5,20.5,944.92596
4,healthy,611.8695,4432.5034,48.0,48.0,1058.8007
7,healthy,611.8695,10570.91,5.0,15.0,1511.2455
8,healthy,611.8695,2185.9277,43.5,43.5,606.4694
2,healthy,613.331,5953.0195,5.0,25.0,630.23663
4,healthy,613.331,2605.8843,,19.5,742.0036
7,healthy,613.331,7217.466,5.5,16.5,1925.5715
8,healthy,613.331,1958.1062,40.5,50.0,627.46356
9,healthy,613.331,5812.614,5.0,25.5,1783.0857
11,healthy,613.331,6103.1753,9.5,35.0,1518.8472
2,healthy,614.165,3218.7605,11.5,16.0,815.6818
7,healthy,614.165,12277.047,5.0,15.0,3267.1084
2,healthy,614.9665,4553.6377,5.0,46.5,697.36945
4,healthy,614.9665,5992.381,44.0,46.0,1005.72144
7,healthy,614.9665,10818.584,35.5,36.5,2168.6843
8,healthy,614.9665,2607.7773,22.0,22.5,479.9338
9,healthy,614.9665,8908.787,27.5,46.5,1313.7173
11,healthy,614.9665,12826.917,27.5,50.0,1693.5789
2,healthy,615.779,3210.3882,34.5,35.0,644.8609
4,healthy,615.779,3999.6875,25.5,45.0,563.9626
8,healthy,615.779,1888.9907,,40.5,497.54465
4,healthy,617.017,2292.9849,14.5,25.5,674.65326
7,healthy,617.017,9412.811,5.0,15.0,1385.6902
8,healthy,617.017,6290.999,39.0,44.0,580.1011
9,healthy,617.017,4504.672,21.0,26.0,1484.0249
2,healthy,618.031,3830.0889,5.0,16.0,638.13806
4,healthy,618.031,3569.775,,36.5,1114.5002
7,healthy,618.031,10081.709,5.0,15.0,1890.6047
8,healthy,618.031,2358.4785,,42.0,568.6832
4,healthy,619.255,3128.216,,44.0,682.5016
7,healthy,619.255,8593.949,5.0,15.0,909.3998
9,healthy,619.255,14102.047,5.0,15.0,1247.6876
2,healthy,620.068,6366.9863,10.0,38.5,489.11343
4,healthy,620.068,3118.395,18.0,37.5,676.95654
7,healthy,620.068,6432.4004,5.0,15.5,1637.1775
8,healthy,620.068,2647.852,22.0,22.0,521.5074
9,healthy,620.068,12071.379,11.5,37.5,1309.0669
11,healthy,620.068,8296.936,5.0,49.5,2239.0977
2,healthy,620.912,2872.6055,33.0,38.0,658.45264
4,healthy,620.912,6552.3706,18.0,19.0,1117.3799
7,healthy,620.912,383396.47,5.0,50.0,1389.9653
9,healthy,620.912,6276.455,5.0,17.0,595.54376
11,healthy,620.912,8235.938,5.0,27.0,2108.8254
4,healthy,621.9095,6541.8013,27.0,35.0,996.0962
7,healthy,621.9095,5555.3843,5.0,41.5,1539.2806
8,healthy,621.9095,2049.3567,31.0,31.5,561.4349
11,healthy,621.9095,10333.34,8.0,15.0,2545.42
2,healthy,623.943,3780.0652,31.5,47.5,734.4433
4,healthy,623.943,4000.9634,45.0,45.5,839.33563
7,healthy,623.943,44935.89,5.0,19.0,922.1489
8,healthy,623.943,7579.789,15.0,23.0,530.9318
9,healthy,623.943,7029.988,5.0,15.0,1095.2792
11,healthy,623.943,8298.02,6.5,16.0,2599.3892
2,healthy,624.7445,4580.129,20.5,24.5,900.2103
4,healthy,624.7445,10733.646,5.5,23.5,781.99915
11,healthy,624.7445,13994.098,30.0,50.0,2661.4346
4,healthy,625.6175,2489.9595,,30.5,545.3718
7,healthy,625.6175,10849.355,5.0,15.0,1962.4308
8,healthy,625.6175,4396.9175,9.0,21.0,1202.4321
9,healthy,625.6175,3611.9207,36.5,36.5,995.2899
11,healthy,625.6175,6480.6924,6.0,15.0,2066.9136
2,healthy,626.445,2989.0713,,43.5,959.17706
4,healthy,626.445,6274.9277,5.5,49.0,1183.3745
7,healthy,626.445,9047.994,5.0,41.0,2937.2805
11,healthy,626.445,9282.162,46.5,47.5,2939.4778
2,healthy,627.3995,3207.9927,5.0,41.0,817.9725
4,healthy,627.3995,2733.5642,17.5,37.0,811.6701
7,healthy,627.3995,9274.882,5.0,15.0,1031.1119
8,healthy,627.3995,10682.852,16.0,37.5,565.76697
9,healthy,627.3995,3355.7695,11.5,29.5,1020.31525
2,healthy,628.2695,4025.9138,10.5,15.0,1262.8142
9,healthy,628.2695,4968.0303,14.0,45.0,959.6385
11,healthy,628.2695,11425.364,5.0,23.0,1731.6967
2,healthy,630.2525,4433.256,22.0,23.0,672.95953
4,healthy,630.2525,3299.032,,15.0,796.19037
7,healthy,630.2525,8474.252,5.0,16.5,591.56683
8,healthy,630.2525,1923.8574,,49.0,612.53485
9,healthy,630.2525,4829.532,21.0,22.0,532.63763
4,healthy,632.069,3625.9001,9.0,25.0,642.5454
7,healthy,632.069,6105.508,5.0,50.0,1260.5034
9,healthy,632.069,2297.503,5.0,21.5,723.8384
2,healthy,633.1185,4277.276,,47.0,1288.1605
4,healthy,633.1185,2678.08,13.0,33.5,493.80804
7,healthy,633.1185,11285.442,5.0,15.0,1965.5359
8,healthy,633.1185,1874.3319,5.0,32.5,452.25513
11,healthy,633.1185,8159.632,5.0,25.0,2591.8577
4,healthy,635.398,3308.962,9.5,37.0,702.37366
7,healthy,635.398,9187.457,5.0,16.0,1524.8546
8,healthy,635.398,2475.0767,40.0,40.5,510.9368
11,healthy,635.398,7120.4453,,48.0,2080.6199
4,healthy,636.385,2737.0867,,22.5,821.29846
9,healthy,636.385,3985.1138,15.5,15.5,1148.1001
11,healthy,636.385,12659.651,10.0,50.0,1946.246
2,healthy,639.042,3902.0083,22.5,34.5,664.8281
4,healthy,639.042,4465.5195,45.0,47.5,853.42017
9,healthy,639.042,4074.1504,18.0,18.5,1060.1865
11,healthy,639.042,16404.578,34.0,39.5,2687.7825
7,healthy,642.372,8225.103,5.0,15.0,866.6326
8,healthy,642.372,2672.6948,36.0,36.0,562.5734
9,healthy,642.372,5434.9155,13.0,19.5,618.5895
11,healthy,642.372,6355.9746,5.0,16.5,1615.786
4,healthy,644.57,2888.7373,,46.0,692.98083
7,healthy,644.57,5440.287,5.0,23.5,1761.6416
8,healthy,644.57,5024.46,28.0,38.5,576.0644
9,healthy,644.57,4395.2734,18.0,29.5,792.8282
11,healthy,644.57,13176.988,5.0,16.5,1492.1527
4,healthy,645.696,2369.274,,26.0,623.5388
7,healthy,645.696,4693.2036,5.0,15.0,1425.0272
9,healthy,645.696,4549.078,,32.5,1237.5063
4,healthy,646.6365,2465.025,,27.0,634.3187
7,healthy,646.6365,9396.602,5.0,21.5,795.4265
8,healthy,646.6365,2032.4121,,31.0,460.54398
9,healthy,646.6365,4745.207,5.0,33.5,853.55884
11,healthy,646.6365,13981.445,26.0,27.0,2555.8137
4,healthy,647.4395,3430.894,24.0,24.0,755.87067
7,healthy,647.4395,21939.094,,47.5,6479.362
4,healthy,648.3445,2890.211,,36.0,791.4
7,healthy,648.3445,9240.988,5.0,15.0,1179.6537
9,healthy,648.3445,3607.62,31.5,36.5,662.3204
4,healthy,649.5035,2668.053,5.0,20.0,778.3312
7,healthy,649.5035,5602.089,5.0,18.0,1036.8774
9,healthy,649.5035,7781.9854,8.5,15.5,1730.6353
4,healthy,650.3545,2807.5354,6.5,47.0,493.01343
7,healthy,650.3545,10738.199,5.0,15.0,1694.1521
8,healthy,650.3545,2249.5513,32.5,33.0,427.4048
9,healthy,650.3545,2684.0767,6.5,46.0,767.3376
11,healthy,650.3545,23012.332,35.5,43.5,3522.6396
2,healthy,651.2375,3761.3252,19.5,43.5,928.9094
4,healthy,651.2375,11653.813,7.0,45.5,578.4786
7,healthy,651.2375,92766.336,5.0,20.0,1278.578
8,healthy,651.2375,3310.5386,5.5,37.5,522.4983
9,healthy,651.2375,3674.6882,14.5,16.0,1194.7482
11,healthy,651.2375,8797.564,6.5,17.5,2621.4395
2,healthy,652.065,2984.059,5.0,18.5,841.0942
4,healthy,652.065,4006.5603,27.5,28.0,1094.8707
7,healthy,652.065,16690.027,5.0,28.5,690.5051
8,healthy,652.065,2088.7378,,36.5,575.5342
9,healthy,652.065,4094.3296,24.0,36.5,659.23804
11,healthy,652.065,13043.695,13.5,15.5,2953.241
2,healthy,652.8785,5657.8325,12.0,17.5,1504.231
4,healthy,652.8785,2924.3064,39.0,39.5,517.2006
7,healthy,652.8785,10334.734,17.5,35.0,2802.5208
8,healthy,652.8785,5920.9136,25.0,26.5,837.60803
9,healthy,652.8785,4623.3145,18.5,34.0,910.9039
11,healthy,652.8785,10034.33,5.0,18.5,1602.433
2,healthy,653.692,3166.7266,31.0,35.0,628.41376
4,healthy,653.692,3066.4392,42.5,43.0,498.91138
9,healthy,653.692,3851.1846,32.0,48.5,618.9294
11,healthy,653.692,15519.959,5.0,30.0,3271.3655
2,healthy,654.534,2798.233,19.0,20.5,758.34827
4,healthy,654.534,3086.2888,,48.0,805.2145
7,healthy,654.534,9236.206,11.5,22.0,1019.78033
8,healthy,654.534,3643.6206,48.5,49.0,566.8337
9,healthy,654.534,4578.2227,,17.0,1158.8258
2,healthy,656.68,2372.042,9.0,42.0,557.1081
4,healthy,656.68,3408.3193,47.0,47.0,725.7533
7,healthy,656.68,6005.1875,5.0,16.0,1742.3948
8,healthy,656.68,2554.4172,,32.0,570.5156
9,healthy,656.68,7724.966,6.0,49.5,646.0395
11,healthy,656.68,8646.291,17.5,43.0,2293.3586
2,healthy,657.4895,2227.336,28.0,28.5,669.08075
4,healthy,657.4895,2786.3325,41.0,41.5,676.82715
8,healthy,657.4895,9636.817,13.0,32.0,598.49695
9,healthy,657.4895,5217.2124,5.0,15.0,1447.78
11,healthy,657.4895,11315.461,37.0,49.0,2023.2982
2,healthy,658.434,3434.7656,5.0,34.0,675.9592
7,healthy,658.434,6623.5957,5.0,15.0,1365.678
8,healthy,658.434,2564.984,41.0,41.0,591.2188
9,healthy,658.434,5665.75,5.5,15.0,1492.1935
11,healthy,658.434,8836.99,26.5,27.5,2623.4192
2,healthy,659.3785,4617.787,6.5,37.0,488.8522
4,healthy,659.3785,3264.3745,23.5,23.5,577.7069
7,healthy,659.3785,33034.164,5.0,18.5,866.71387
8,healthy,659.3785,8334.916,30.5,47.5,583.7855
9,healthy,659.3785,4790.2793,5.0,46.0,767.16095
11,healthy,659.3785,9051.779,5.0,23.5,2760.0283
2,healthy,660.261,17301.656,6.5,18.5,823.2834
4,healthy,660.261,23395.73,5.0,37.0,684.1874
7,healthy,660.261,211164.11,5.0,18.0,813.22504
8,healthy,660.261,50096.434,5.0,20.5,958.69226
9,healthy,660.261,20103.633,5.0,20.5,1784.169
11,healthy,660.261,41876.6,5.0,20.5,2579.3374
2,healthy,661.123,1895.5396,5.0,16.5,596.51776
4,healthy,661.123,2256.1055,,40.0,718.2567
7,healthy,661.123,5958.595,5.0,49.0,565.8407
8,healthy,661.123,2238.4407,,49.0,567.86975
9,healthy,661.123,5096.1987,44.5,46.0,1275.2708
11,healthy,661.123,15528.041,5.0,15.0,1119.7303
2,healthy,662.292,17998.719,6.5,18.5,480.96347
4,healthy,662.292,31087.914,5.0,15.5,814.1223
7,healthy,662.292,146391.1,5.0,17.0,681.0131
8,healthy,662.292,53697.625,5.0,20.5,664.6066
9,healthy,662.292,22773.934,5.0,20.5,943.8805
11,healthy,662.292,54745.37,5.0,20.5,3459.8533
2,healthy,664.7165,20205.271,5.0,18.5,568.02783
4,healthy,664.7165,27818.3,5.0,21.0,858.16345
7,healthy,664.7165,247959.31,5.0,18.0,749.0007
8,healthy,664.7165,57393.89,5.0,20.5,450.45956
9,healthy,664.7165,23632.375,5.0,21.0,1150.4456
11,healthy,664.7165,69286.016,5.0,20.5,2819.4211
2,healthy,665.6095,56998.953,5.0,18.5,750.34827
4,healthy,665.6095,65123.918,16.0,20.0,571.12476
7,healthy,665.6095,511105.7,5.0,36.5,1397.0151
8,healthy,665.6095,147704.81,17.0,19.5,641.1437
9,healthy,665.6095,70946.445,5.0,20.0,967.3028
11,healthy,665.6095,177896.75,16.5,20.0,1827.6377
4,healthy,669.6575,2823.064,8.0,15.0,690.72876
7,healthy,669.6575,6365.2124,5.0,15.0,820.33545
9,healthy,669.6575,3672.0513,21.5,48.5,900.5059
11,healthy,669.6575,14157.056,26.0,28.0,3716.5393
2,healthy,671.832,3540.3374,30.5,32.0,912.4425
4,healthy,671.832,3625.6733,35.0,35.0,811.2252
7,healthy,671.832,5353.9077,5.0,17.0,804.2491
8,healthy,671.832,3100.8237,,18.5,731.1803
9,healthy,671.832,3753.539,,17.5,1065.807
7,healthy,673.458,7196.6357,5.0,27.5,892.044
9,healthy,673.458,5638.99,29.0,39.5,872.6903
4,healthy,674.2615,4814.6064,43.5,44.5,786.90845
7,healthy,674.2615,4213.693,5.0,32.5,899.17316
8,healthy,674.2615,3021.0366,,34.0,760.4131
9,healthy,674.2615,3593.0703,11.5,38.0,1063.7817
4,healthy,675.7485,2340.772,,35.5,619.38525
7,healthy,675.7485,3976.8137,5.0,33.5,1133.1519
8,healthy,675.7485,2725.6135,29.5,30.5,690.1251
9,healthy,675.7485,5350.615,37.0,46.0,855.3332
11,healthy,675.7485,7345.337,5.0,15.0,1790.9564
2,healthy,677.0535,3026.9648,15.0,40.0,725.4195
4,healthy,677.0535,4555.1646,26.0,26.5,650.6751
7,healthy,677.0535,8698.336,5.0,15.5,1204.4176
8,healthy,677.0535,2803.9875,33.0,33.5,556.2499
9,healthy,677.0535,2746.734,5.5,26.0,747.6859
11,healthy,677.0535,9906.494,5.0,15.5,1753.832
7,healthy,678.3965,7710.341,5.0,16.0,880.486
9,healthy,678.3965,3990.1362,33.5,46.0,876.2855
11,healthy,678.3965,21898.691,5.0,38.5,4159.681
4,healthy,680.443,2462.7124,,38.5,633.8176
7,healthy,680.443,5135.4536,5.0,15.0,587.6243
8,healthy,680.443,2594.6602,,29.5,661.1858
11,healthy,680.443,10642.828,6.0,15.5,3365.5142
2,healthy,681.9105,2925.1104,,24.5,685.1536
4,healthy,681.9105,2960.4553,21.0,45.5,585.35657
9,healthy,681.9105,4248.0156,7.5,41.5,742.63416
2,healthy,682.756,5609.702,36.0,49.5,891.0312
4,healthy,682.756,3731.6992,23.5,47.5,568.3762
7,healthy,682.756,12488.566,5.0,50.0,1092.8247
8,healthy,682.756,2153.9167,,40.5,690.86053
9,healthy,682.756,2769.565,20.5,35.0,902.03754
2,healthy,684.241,5028.0996,6.0,17.0,685.9556
4,healthy,684.241,2082.1094,,37.5,684.87256
7,healthy,684.241,6209.881,,21.0,1849.1019
8,healthy,684.241,2433.3193,5.0,31.5,423.31363
2,healthy,685.0415,18604.684,5.0,18.5,1326.9999
4,healthy,685.0415,26909.678,5.0,20.5,678.25397
7,healthy,685.0415,129631.086,7.5,16.0,1135.1296
8,healthy,685.0415,52525.863,5.0,20.5,292.49808
9,healthy,685.0415,20433.947,5.0,21.0,770.9483
11,healthy,685.0415,48558.38,5.0,20.5,4127.8
4,healthy,686.081,2289.6797,32.5,33.0,490.0186
7,healthy,686.081,5769.936,,27.5,1707.7314
8,healthy,686.081,1854.9198,,34.5,555.45184
9,healthy,686.081,4482.795,10.0,49.5,660.6296
11,healthy,686.081,12335.471,11.5,46.0,1140.6946
2,healthy,687.289,4265.5396,11.0,24.5,905.33276
4,healthy,687.289,2700.095,,35.5,593.80316
7,healthy,687.289,7348.9473,5.0,16.5,1310.0951
11,healthy,687.289,9007.465,32.5,34.0,1528.1229
4,healthy,690.6045,3135.9214,32.0,32.0,736.56775
7,healthy,690.6045,4376.8223,,20.0,1423.6991
8,healthy,690.6045,2156.0684,,16.0,650.25055
2,healthy,691.706,3049.8066,21.0,39.5,854.4811
4,healthy,691.706,3064.946,18.0,18.0,710.745
7,healthy,691.706,3669.1565,5.0,27.0,1037.1116
8,healthy,691.706,2672.4668,43.5,44.5,451.9686
9,healthy,691.706,4021.7627,5.0,15.5,682.80273
11,healthy,691.706,19368.918,,44.0,6138.016
2,healthy,693.612,16696.826,6.0,18.5,1102.6224
4,healthy,693.612,23120.467,5.0,21.5,739.0119
7,healthy,693.612,121891.0,7.0,16.5,757.563
8,healthy,693.612,49062.97,5.0,20.0,515.30707
9,healthy,693.612,23095.45,5.0,20.5,935.828
11,healthy,693.612,42381.77,5.0,20.5,1621.095
2,stroke,697.236,4021.9727,6.0,50.0,517.5385
7,stroke,697.236,6048.1855,34.5,36.5,1484.793
9,stroke,697.236,9168.565,5.0,15.0,882.6051
7,stroke,699.5755,5186.8994,5.0,22.0,1179.278
11,stroke,699.5755,14943.301,16.5,50.0,2080.7295
2,stroke,700.8585,6494.169,26.5,32.0,1305.0509
4,stroke,700.8585,2933.9666,,46.0,637.51733
7,stroke,700.8585,7005.6396,5.0,15.0,1172.2968
8,stroke,700.8585,2502.7056,19.0,19.5,581.8545
9,stroke,700.8585,6319.8867,36.0,37.0,1391.1163
11,stroke,700.8585,9429.621,30.5,42.5,2915.4084
2,stroke,702.0305,2552.9858,,33.0,752.1386
4,stroke,702.0305,2550.1023,,23.5,685.0376
7,stroke,702.0305,5933.647,5.0,15.0,1155.8
8,stroke,702.0305,2424.2556,19.0,19.0,676.6216
9,stroke,702.0305,7580.403,36.0,38.5,1410.7244
11,stroke,702.0305,17770.725,28.5,31.0,3329.6763
2,stroke,703.065,2551.895,37.5,38.0,729.6716
4,stroke,703.065,3336.186,,33.5,910.4005
7,stroke,703.065,4533.809,5.0,15.0,1463.4348
8,stroke,703.065,2564.782,,15.0,560.77905
9,stroke,703.065,3575.1855,17.5,17.5,1008.26337
2,stroke,704.074,17967.15,5.0,19.0,2035.7775
4,stroke,704.074,23643.582,5.0,21.5,1075.379
7,stroke,704.074,12594.83,5.0,18.5,1280.4586
8,stroke,704.074,32529.314,5.0,21.0,692.0167
9,stroke,704.074,15590.668,5.0,21.5,1044.4481
11,stroke,704.074,37217.645,5.0,21.0,2742.634
2,stroke,705.248,4261.6143,16.0,17.0,1084.4181
4,stroke,705.248,4476.5283,5.5,33.0,726.7231
7,stroke,705.248,3700.0962,5.0,18.0,779.535
8,stroke,705.248,3196.9895,24.0,24.5,661.1972
9,stroke,705.248,4458.131,13.5,40.5,818.2038
2,stroke,706.481,19420.076,6.5,19.0,705.4854
4,stroke,706.481,24043.281,5.0,37.5,1106.0767
7,stroke,706.481,106180.61,5.0,19.0,870.80536
8,stroke,706.481,46093.023,5.0,20.5,595.5787
9,stroke,706.481,18683.432,5.0,21.0,1415.1256
11,stroke,706.481,40101.484,5.0,20.5,2211.4128
2,stroke,708.5275,3657.7285,5.0,50.0,494.24622
4,stroke,708.5275,3173.7886,6.5,20.5,667.2373
7,stroke,708.5275,8944.791,5.0,21.5,1380.0625
8,stroke,708.5275,9032.515,5.0,23.0,449.06863
9,stroke,708.5275,6623.5903,5.5,18.0,766.9284
11,stroke,708.5275,7640.409,5.0,17.0,1162.5135
2,stroke,710.288,2819.5093,13.0,44.0,503.6368
4,stroke,710.288,3309.1655,49.5,50.0,651.95135
7,stroke,710.288,9480.658,5.0,17.0,1071.6415
8,stroke,710.288,2940.2207,17.5,41.5,559.543
9,stroke,710.288,5873.2983,9.5,22.0,1024.0079
2,stroke,711.206,4516.4165,5.0,31.0,773.7453
9,stroke,711.206,6427.7246,42.0,47.5,752.0308
11,stroke,711.206,6917.6143,,47.5,1609.2845
2,stroke,712.461,20725.967,6.5,19.0,707.8537
4,stroke,712.461,43606.234,5.0,19.5,643.84296
7,stroke,712.461,237185.28,5.0,18.5,1394.232
8,stroke,712.461,37528.582,5.0,21.0,565.21277
9,stroke,712.461,18315.521,5.0,21.5,1474.5272
11,stroke,712.461,27526.145,5.0,21.0,4715.728
2,stroke,714.9885,21214.07,8.0,18.5,911.03687
4,stroke,714.9885,17142.447,5.0,15.5,1408.8138
7,stroke,714.9885,284552.6,7.5,19.5,2655.6194
8,stroke,714.9885,37558.73,5.0,20.5,986.9431
9,stroke,714.9885,20734.79,5.0,20.5,1195.1693
11,stroke,714.9885,45250.44,5.0,21.0,2944.8604
2,stroke,715.928,2801.7344,,15.0,817.8925
4,stroke,715.928,2788.104,30.5,30.5,514.89
7,stroke,715.928,8076.451,5.0,15.0,1702.6044
8,stroke,715.928,2010.9297,,43.5,618.81396
9,stroke,715.928,5281.4946,27.5,32.5,1053.5961
11,stroke,715.928,10041.019,14.0,15.0,1653.3197
2,stroke,716.8145,20587.271,5.0,18.5,552.3105
4,stroke,716.8145,45562.36,5.0,18.5,1045.6976
7,stroke,716.8145,577701.75,7.5,18.5,859.05524
8,stroke,716.8145,43217.266,5.0,20.5,367.66772
9,stroke,716.8145,18411.756,5.0,21.0,1495.79
11,stroke,716.8145,54396.77,5.0,20.5,1654.9834
4,stroke,718.207,2428.6104,,49.0,654.48456
7,stroke,718.207,5565.9214,5.0,40.5,709.3013
8,stroke,718.207,2226.2546,25.0,25.0,495.96133
9,stroke,718.207,3628.8586,5.0,44.0,760.0939
11,stroke,718.207,8311.102,38.0,38.5,1784.121
2,stroke,720.6225,3195.0054,5.0,48.0,721.77423
4,stroke,720.6225,3356.855,5.5,31.5,839.1393
7,stroke,720.6225,11700.893,5.0,15.0,2076.538
8,stroke,720.6225,2858.4946,7.5,30.0,464.2889
9,stroke,720.6225,4642.14,29.5,30.0,701.64923
11,stroke,720.6225,13872.086,,47.5,3541.038
4,stroke,721.515,1952.8247,12.5,26.5,525.1742
7,stroke,721.515,3835.6958,5.0,25.0,1040.0939
8,stroke,721.515,3700.386,12.5,15.0,1141.9496
9,stroke,721.515,5834.7593,5.0,50.0,772.2082
2,stroke,722.9495,3739.4124,5.0,21.0,1061.0911
4,stroke,722.9495,4539.5645,35.0,35.5,756.97485
7,stroke,722.9495,3754.422,5.0,15.0,840.97174
8,stroke,722.9495,8525.686,11.0,15.5,509.70242
9,stroke,722.9495,5172.383,5.0,15.0,1126.9911
11,stroke,722.9495,22540.617,9.0,32.5,4432.794
2,stroke,724.349,21027.535,6.0,18.5,1461.5593
4,stroke,724.349,19856.887,5.0,21.0,576.9829
7,stroke,724.349,14204.168,5.0,18.0,871.8506
8,stroke,724.349,47963.4,5.0,20.5,567.50964
9,stroke,724.349,21860.441,5.0,21.0,642.89417
11,stroke,724.349,43472.168,5.0,20.5,1804.5015
2,stroke,725.3625,2136.915,20.5,48.5,649.73645
4,stroke,725.3625,2095.2754,8.5,17.5,676.3767
7,stroke,725.3625,4006.0378,5.0,15.0,824.06885
9,stroke,725.3625,4998.1543,26.0,26.0,1369.0643
11,stroke,725.3625,15487.253,28.5,32.0,2769.791
2,stroke,727.0765,2473.1606,21.5,31.5,428.54224
4,stroke,727.0765,4898.83,15.0,30.5,677.72626
7,stroke,727.0765,4927.7783,5.0,50.0,1247.4635
8,stroke,727.0765,5598.8354,40.5,43.5,619.2727
11,stroke,727.0765,29010.9,26.0,42.5,3521.7485
2,stroke,729.4255,3458.9817,26.5,46.0,1072.0829
4,stroke,729.4255,2829.8271,12.5,34.5,559.1599
7,stroke,729.4255,8956.492,5.0,35.5,1294.9357
9,stroke,729.4255,4867.3613,11.5,36.5,964.3102
2,stroke,730.394,5210.6704,5.0,42.0,482.17636
7,stroke,730.394,8619.41,5.0,15.0,1369.6373
8,stroke,730.394,2359.4116,23.0,48.5,445.92877
9,stroke,730.394,4062.901,5.5,41.5,1125.3456
11,stroke,730.394,29813.402,40.0,41.0,5672.0107
4,stroke,731.21,113658.484,5.0,30.0,821.4728
7,stroke,731.21,23593.98,30.0,31.0,4127.611
8,stroke,731.21,4158.463,46.0,48.0,513.20483
11,stroke,731.21,14508.786,5.0,21.0,2603.646
8,stroke,732.022,4269.1343,5.0,34.0,645.679
9,stroke,732.022,3339.1343,45.0,45.5,737.0012
2,stroke,732.8695,6493.693,6.5,17.0,965.5883
4,stroke,732.8695,3147.0146,5.0,15.5,575.17755
7,stroke,732.8695,19494.531,5.0,18.0,853.7343
9,stroke,732.8695,5180.0654,8.5,50.0,871.7801
11,stroke,732.8695,9375.994,15.5,16.0,2658.5464
2,stroke,733.7035,2823.5698,15.5,36.0,448.5367
4,stroke,733.7035,4106.106,29.0,29.0,788.90753
7,stroke,733.7035,14041.029,5.0,15.0,1006.1958
9,stroke,733.7035,6487.6206,31.0,45.0,1329.3926
11,stroke,733.7035,13499.296,11.0,42.5,3680.4358
4,stroke,736.091,8842.44,6.5,26.5,1031.4592
7,stroke,736.091,6779.379,5.0,16.5,1258.8317
8,stroke,736.091,1981.729,44.5,45.0,477.95065
9,stroke,736.091,8000.057,10.0,19.5,1607.8036
2,stroke,737.1095,1909.4346,6.0,21.0,597.3081
4,stroke,737.1095,3981.7732,29.5,31.5,579.7296
7,stroke,737.1095,7816.9077,5.0,36.0,1300.5714
8,stroke,737.1095,1807.5332,39.0,39.5,461.0142
11,stroke,737.1095,14688.804,30.0,39.5,2654.4292
2,stroke,738.3485,2640.71,19.0,20.0,784.3872
4,stroke,738.3485,4035.701,5.0,22.0,1168.2649
7,stroke,738.3485,6119.9473,5.0,48.0,1953.1681
8,stroke,738.3485,1899.128,,39.5,608.6779
11,stroke,738.3485,7851.5283,9.0,34.5,1307.0712
2,stroke,739.321,4604.9844,8.5,20.5,859.66797
4,stroke,739.321,5866.4453,5.5,50.0,889.8165
7,stroke,739.321,6312.363,5.0,15.5,1231.1248
8,stroke,739.321,2559.294,5.0,49.0,423.30078
2,stroke,740.4575,5275.796,5.0,25.0,1091.6991
7,stroke,740.4575,3864.061,5.0,28.0,843.3875
8,stroke,740.4575,2567.619,12.5,43.5,628.1382
9,stroke,740.4575,3990.9229,,15.0,1268.5253
2,stroke,742.2135,5341.1865,6.5,15.0,767.2077
4,stroke,742.2135,11877.983,41.5,41.5,2888.716
7,stroke,742.2135,16656.436,5.0,25.5,2248.9663
8,stroke,742.2135,6258.03,7.5,29.0,558.1232
9,stroke,742.2135,6306.623,45.5,50.0,1017.65076
11,stroke,742.2135,8835.42,5.0,48.5,1627.3593
2,stroke,743.017,2891.2185,20.5,47.5,912.8886
4,stroke,743.017,13532.285,8.0,16.0,1571.1974
7,stroke,743.017,46977.953,9.0,27.5,6190.894
2,stroke,743.818,3636.643,16.5,36.5,604.74774
11,stroke,743.818,9805.645,5.0,17.5,1232.475
8,stroke,744.621,2581.591,6.0,35.0,668.969
9,stroke,744.621,3135.0017,5.0,40.0,497.53345
2,stroke,746.1735,15490.576,5.0,18.0,925.19727
4,stroke,746.1735,24389.686,5.0,20.5,1287.283
7,stroke,746.1735,13351.16,17.0,38.0,953.4037
8,stroke,746.1735,38220.953,5.0,20.5,626.4171
9,stroke,746.1735,26785.877,5.0,21.0,1264.8323
11,stroke,746.1735,66378.3,5.0,20.0,2720.937
2,stroke,747.276,2976.3767,15.0,45.5,656.4714
4,stroke,747.276,2895.365,,42.5,785.46326
7,stroke,747.276,5175.809,35.5,42.0,978.8924
8,stroke,747.276,2073.1655,5.0,15.0,647.8679
9,stroke,747.276,4014.076,25.5,43.5,836.8164
11,stroke,747.276,14459.369,5.0,15.0,2687.6223
2,stroke,748.218,17351.78,8.0,18.5,380.02866
4,stroke,748.218,34806.82,5.0,37.0,594.98285
7,stroke,748.218,129491.48,8.0,18.5,1297.7748
8,stroke,748.218,33370.273,5.0,20.5,329.28635
9,stroke,748.218,16532.25,5.0,21.0,881.52295
11,stroke,748.218,42934.637,5.0,20.5,2462.773
2,stroke,749.343,1896.9288,,38.0,567.2233
4,stroke,749.343,5048.021,27.5,47.0,536.969
7,stroke,749.343,11527.036,5.0,15.0,1168.3391
8,stroke,749.343,2378.0571,48.5,49.0,506.364
11,stroke,749.343,12539.836,5.0,39.0,2174.1023
2,stroke,750.1635,1738.8427,6.0,23.5,550.04584
4,stroke,750.1635,2992.0898,32.5,33.0,619.0726
7,stroke,750.1635,9147.365,5.0,50.0,686.7516
8,stroke,750.1635,2830.9844,42.0,42.5,514.5569
11,stroke,750.1635,14201.342,5.0,46.0,1356.4198
7,stroke,751.038,8554.639,5.0,16.0,1054.1062
8,stroke,751.038,6988.991,8.5,27.0,539.52277
9,stroke,751.038,6550.4307,21.5,47.5,845.0127
11,stroke,751.038,12301.357,5.0,18.0,2193.0623
2,stroke,751.912,3176.073,18.0,18.5,836.1547
7,stroke,751.912,7377.337,5.0,16.0,764.0823
11,stroke,751.912,9972.434,36.0,37.0,3028.962
2,stroke,753.432,2733.372,13.5,21.0,526.4546
4,stroke,753.432,2577.5105,,48.0,826.15344
7,stroke,753.432,7399.704,5.0,16.0,1296.5228
8,stroke,753.432,2710.4216,,21.0,901.2926
9,stroke,753.432,3786.1465,,36.0,942.5334
11,stroke,753.432,9688.316,5.0,15.0,2161.0737
4,stroke,755.6485,2760.9087,,45.5,714.29486
7,stroke,755.6485,5181.224,5.0,48.5,1391.7766
8,stroke,755.6485,8233.623,18.0,22.0,1678.3618
2,stroke,758.1175,1860.8468,5.5,38.5,610.9218
4,stroke,758.1175,8323.041,8.0,28.5,1060.9911
7,stroke,758.1175,5484.005,5.0,20.0,1455.2478
8,stroke,758.1175,4077.7925,,16.0,1268.0007
9,stroke,758.1175,12004.832,50.0,50.0,2511.2188
11,stroke,758.1175,12020.34,25.0,49.0,2571.0496
2,stroke,758.9665,3395.4824,5.0,15.5,714.64197
4,stroke,758.9665,6048.663,,21.0,1662.4502
7,stroke,758.9665,13661.882,5.0,50.0,3202.3188
8,stroke,758.9665,2377.403,45.0,45.5,674.39984
2,stroke,759.768,1589.636,6.0,41.5,378.48282
4,stroke,759.768,3844.722,,32.5,1157.7378
9,stroke,759.768,3306.654,37.5,38.5,652.3541
11,stroke,759.768,9601.781,27.0,27.5,2594.315
2,stroke,760.5885,2214.6045,,34.0,596.84735
4,stroke,760.5885,17175.717,,39.5,3668.9456
7,stroke,760.5885,5818.945,5.0,34.0,1666.9689
8,stroke,760.5885,3371.4526,19.5,47.0,463.33926
9,stroke,760.5885,3931.3608,29.0,43.5,729.3131
11,stroke,760.5885,8721.668,5.0,16.0,1779.7736
2,stroke,761.421,2753.7495,9.5,15.0,554.2062
8,stroke,761.421,7457.2617,33.5,40.5,622.094
9,stroke,761.421,7681.201,26.0,27.0,1442.2244
11,stroke,761.421,10315.066,5.0,15.0,2453.7146
2,stroke,762.535,2940.6792,31.0,32.5,667.54
4,stroke,762.535,6417.299,31.5,46.5,855.4189
7,stroke,762.535,6140.4487,5.0,15.0,811.9391
8,stroke,762.535,2591.926,50.0,50.0,657.20557
9,stroke,762.535,3653.4038,,29.0,1027.887
11,stroke,762.535,10685.688,5.0,49.0,1449.0458
2,stroke,763.66,3728.6633,13.0,30.0,307.96805
4,stroke,763.66,48160.13,21.5,29.0,720.7142
7,stroke,763.66,5672.383,14.5,15.0,1602.4796
11,stroke,763.66,42980.707,21.5,23.5,3438.9905
2,stroke,764.4655,2705.4587,11.5,22.0,416.38074
8,stroke,764.4655,2283.013,38.5,40.5,606.09937
9,stroke,764.4655,25261.469,18.0,30.5,2482.0002
11,stroke,764.4655,21888.451,14.5,22.0,3474.7197
2,stroke,765.848,2412.243,,15.5,767.3628
4,stroke,765.848,2904.5972,5.0,37.5,918.02747
7,stroke,765.848,6458.605,5.0,15.0,1720.0647
8,stroke,765.848,3513.4119,34.5,35.0,673.8197
11,stroke,765.848,10955.838,5.0,15.5,2772.532
4,stroke,766.7995,4528.703,5.0,22.0,564.2697
7,stroke,766.7995,35344.86,5.0,18.5,1064.1903
8,stroke,766.7995,2655.8604,42.0,42.5,507.39963
2,stroke,767.6365,7709.75,8.0,17.0,853.2594
7,stroke,767.6365,46455.86,5.0,50.0,1190.0482
8,stroke,767.6365,9679.249,28.5,33.0,1004.73895
9,stroke,767.6365,5228.3994,,45.5,1485.1278
11,stroke,767.6365,18779.043,5.0,15.0,5102.4326
4,stroke,768.48,3956.6108,11.0,50.0,997.75995
7,stroke,768.48,6605.0605,5.0,28.5,884.8536
9,stroke,768.48,5997.7646,8.0,36.0,1246.2241
2,stroke,769.315,2552.3535,30.0,35.0,412.29608
7,stroke,769.315,7845.947,,44.5,1601.419
9,stroke,769.315,3574.4565,8.0,17.0,817.65436
11,stroke,769.315,8319.485,6.0,44.5,1228.9677
4,stroke,771.4115,3868.9463,38.0,39.5,602.3815
7,stroke,771.4115,9950.249,5.0,17.5,840.69415
8,stroke,771.4115,7296.463,27.0,31.5,1137.6721
9,stroke,771.4115,9722.941,35.5,36.5,2414.4165
2,stroke,773.7935,18866.0,5.0,18.5,938.4391
4,stroke,773.7935,20234.791,5.0,17.0,1159.3909
7,stroke,773.7935,12723.66,7.5,35.0,1092.4562
8,stroke,773.7935,23010.023,5.0,20.5,884.7829
9,stroke,773.7935,10870.234,5.0,37.5,1325.8026
11,stroke,773.7935,35897.36,5.0,21.5,1618.9153
2,stroke,775.5485,15508.436,6.0,18.5,1222.9021
4,stroke,775.5485,14591.704,5.0,38.0,1917.9774
7,stroke,775.5485,10733.566,7.0,17.5,729.97217
8,stroke,775.5485,29246.666,5.0,20.5,979.17773
9,stroke,775.5485,12083.21,5.0,21.0,835.0353
11,stroke,775.5485,20855.469,5.0,20.5,3144.5332
2,stroke,776.3865,3271.17,5.0,19.0,554.989
4,stroke,776.3865,4178.5225,6.0,31.5,790.33453
7,stroke,776.3865,3139.1953,12.5,24.5,811.36926
8,stroke,776.3865,3628.1597,16.0,16.5,704.815
9,stroke,776.3865,4452.3613,12.0,40.0,574.4702
2,stroke,778.0995,18321.943,5.0,18.5,647.5808
4,stroke,778.0995,15896.809,5.0,21.0,913.19305
7,stroke,778.0995,13487.021,7.5,18.0,1299.9991
8,stroke,778.0995,24146.004,5.0,21.0,834.07336
9,stroke,778.0995,9842.854,5.0,21.5,987.0175
11,stroke,778.0995,21783.36,5.0,21.5,3106.5479
2,stroke,780.0175,17254.973,5.0,18.5,457.90305
4,stroke,780.0175,14665.543,5.0,37.5,714.3808
7,stroke,780.0175,13100.289,20.0,31.5,1415.9906
8,stroke,780.0175,21583.006,5.0,21.0,794.81726
9,stroke,780.0175,9034.438,5.0,37.0,1711.481
11,stroke,780.0175,31861.824,20.0,21.5,3780.6614
2,stroke,783.457,18744.184,7.5,18.0,650.569
4,stroke,783.457,23055.625,5.0,37.0,1037.6277
7,stroke,783.457,26321.23,5.0,18.5,1123.7642
8,stroke,783.457,24127.479,5.0,20.5,488.72925
9,stroke,783.457,12320.698,5.0,20.5,722.59564
11,stroke,783.457,26692.441,5.0,20.5,1519.6606
2,stroke,784.4315,4695.4824,5.5,49.5,451.13556
4,stroke,784.4315,3990.1892,,43.0,947.3242
7,stroke,784.4315,6335.885,5.0,17.0,825.3025
8,stroke,784.4315,3232.821,28.5,49.5,741.81604
9,stroke,784.4315,8352.342,32.0,35.5,1207.2322
2,stroke,785.5835,3145.499,26.0,44.5,534.3159
7,stroke,785.5835,16995.746,5.0,28.5,1753.0779
8,stroke,785.5835,2390.8245,10.5,29.5,775.6459
9,stroke,785.5835,6815.743,34.0,40.5,1056.951
11,stroke,785.5835,10606.499,7.0,44.0,1392.1006
2,stroke,786.854,3907.5405,5.0,27.5,449.37167
4,stroke,786.854,5850.926,42.5,43.5,1071.7822
7,stroke,786.854,14235.318,5.0,19.0,1206.7621
9,stroke,786.854,4413.4307,5.5,48.5,914.91174
11,stroke,786.854,12930.582,13.0,23.0,1322.6927
2,stroke,787.8595,2987.3477,5.0,30.5,664.94147
4,stroke,787.8595,3955.9717,,48.5,1253.7322
7,stroke,787.8595,5434.5947,5.0,17.0,1460.3953
11,stroke,787.8595,10447.111,5.0,16.0,2533.5603
7,stroke,790.1705,13153.558,5.0,35.0,925.816
8,stroke,790.1705,6422.794,5.0,33.0,732.2294
9,stroke,790.1705,6368.6533,,42.5,1926.057
11,stroke,790.1705,9065.927,,23.5,2541.454
4,stroke,791.0595,3553.2312,33.0,33.5,864.9349
7,stroke,791.0595,11295.419,5.0,15.0,879.9461
9,stroke,791.0595,4151.359,,45.5,1291.9857
4,stroke,792.803,6348.032,5.0,31.5,1185.3098
7,stroke,792.803,5110.8394,28.0,33.5,1122.3279
8,stroke,792.803,3136.622,,48.5,915.7847
9,stroke,792.803,4618.3965,8.5,43.5,837.24097
11,stroke,792.803,7301.502,31.0,49.0,1334.2269
7,stroke,793.7615,13765.942,5.0,45.0,942.2276
8,stroke,793.7615,3336.5757,5.0,15.5,873.1469
9,stroke,793.7615,4029.1738,5.0,24.0,852.56537
2,stroke,794.8195,3489.2656,5.0,46.0,418.85956
4,stroke,794.8195,3710.4692,35.5,47.0,1145.8186
7,stroke,794.8195,9374.922,5.0,15.0,1306.2596
8,stroke,794.8195,6361.437,40.5,43.0,1234.2308
2,stroke,795.6625,3570.604,5.5,21.0,631.68604
4,stroke,795.6625,3783.65,,48.5,1131.0181
7,stroke,795.6625,12312.029,5.0,34.0,1077.1963
9,stroke,795.6625,4049.0508,31.5,33.0,790.26794
2,stroke,796.7505,3143.8015,8.5,23.5,606.9791
4,stroke,796.7505,3802.7964,,20.0,1189.9792
8,stroke,796.7505,2610.813,32.0,33.5,483.82462
9,stroke,796.7505,6433.627,40.5,41.5,1216.6294
2,stroke,797.7045,2334.5444,,41.5,689.64276
4,stroke,797.7045,4366.921,13.0,18.0,723.2136
7,stroke,797.7045,16679.643,5.0,44.5,1083.3312
9,stroke,797.7045,5711.177,5.0,15.0,1783.8562
2,stroke,799.135,3000.8994,37.5,37.5,662.0691
7,stroke,799.135,4327.473,5.0,48.0,768.13837
8,stroke,799.135,6418.2603,45.0,46.5,796.41644
9,stroke,799.135,3414.1826,15.0,39.5,1129.7471
11,stroke,799.135,27289.379,5.0,17.0,2852.4429
4,stroke,800.516,5598.3755,23.5,24.0,1070.9106
7,stroke,800.516,14326.352,5.0,19.0,1221.4247
8,stroke,800.516,1996.4408,9.5,20.0,472.1262
9,stroke,800.516,3944.5913,27.0,27.5,1035.6082
11,stroke,800.516,14291.789,25.0,36.0,3313.2607
2,stroke,801.629,1923.6675,8.0,36.5,476.21252
4,stroke,801.629,4087.2395,37.0,37.5,685.9025
7,stroke,801.629,14646.32,5.0,15.0,2641.5542
8,stroke,801.629,3494.2102,27.5,27.5,807.51825
9,stroke,801.629,3767.5698,8.0,25.5,682.8425
11,stroke,801.629,9821.774,47.0,48.0,2640.7659
2,stroke,802.5275,3674.1252,5.0,29.0,403.32175
4,stroke,802.5275,4277.9985,15.0,26.5,667.359
7,stroke,802.5275,10694.235,5.0,15.0,1761.2273
8,stroke,802.5275,3947.7766,12.5,19.5,534.851
11,stroke,802.5275,8347.617,22.0,30.0,1690.6754
7,stroke,803.9895,5457.189,5.0,17.5,958.0128
11,stroke,803.9895,15205.482,25.5,32.5,2391.324
2,stroke,805.085,3978.4272,6.0,17.0,790.16327
4,stroke,805.085,4450.1084,34.0,48.0,866.464
7,stroke,805.085,7041.0986,5.0,24.5,1847.7125
8,stroke,805.085,3818.2244,5.0,37.5,492.04025
9,stroke,805.085,2713.3162,39.5,48.5,626.2911
11,stroke,805.085,7811.079,5.0,17.0,1813.1807
2,stroke,806.0535,2221.0728,17.5,19.0,489.5234
4,stroke,806.0535,4664.581,14.5,15.0,1052.8652
7,stroke,806.0535,19508.77,5.0,15.0,1095.8262
8,stroke,806.0535,2782.0022,11.0,22.0,477.94315
4,stroke,807.779,6060.9336,,36.5,1394.1761
7,stroke,807.779,7874.9014,5.0,16.5,708.5413
8,stroke,807.779,5501.1035,47.5,50.0,753.30994
11,stroke,807.779,11834.66,8.5,21.0,3003.6035
2,stroke,808.946,2259.5264,,28.0,726.0393
7,stroke,808.946,8242.68,5.0,20.5,2016.3888
8,stroke,808.946,2883.1318,41.0,41.0,658.68787
9,stroke,808.946,3595.0745,50.0,50.0,949.83374
11,stroke,808.946,13691.257,36.5,38.5,3403.7888
2,stroke,809.748,2894.416,5.0,26.0,519.6524
4,stroke,809.748,4763.984,19.5,21.0,1225.2256
8,stroke,809.748,6427.2114,35.5,41.5,717.3869
9,stroke,809.748,5448.905,46.0,46.5,1102.8713
11,stroke,809.748,11515.362,14.0,33.5,2386.6162
2,stroke,810.924,3142.201,12.5,43.0,525.81464
7,stroke,810.924,7118.1484,5.0,40.5,851.7735
8,stroke,810.924,8345.973,6.5,39.0,498.56992
9,stroke,810.924,3588.4531,15.5,15.5,901.67957
11,stroke,810.924,14913.588,5.0,15.5,2227.4885
4,stroke,811.904,5088.7217,22.0,50.0,789.5262
7,stroke,811.904,9344.045,5.0,15.0,1735.7583
8,stroke,811.904,3440.729,37.0,46.0,795.40173
9,stroke,811.904,4347.6074,32.5,43.0,1171.9204
2,stroke,812.9695,4076.0537,5.0,50.0,557.62683
9,stroke,812.9695,2919.102,13.0,38.0,927.16565
11,stroke,812.9695,7479.198,7.0,34.0,1259.4854
4,stroke,814.1165,4425.9014,32.5,41.0,636.999
7,stroke,814.1165,7852.9473,5.0,15.0,1464.1997
11,stroke,814.1165,6663.8145,6.0,39.5,1636.1567
4,stroke,815.016,3331.783,36.5,45.0,748.2114
7,stroke,815.016,9250.872,5.0,44.5,1059.9785
2,stroke,816.282,4394.451,16.5,21.5,684.23846
4,stroke,816.282,5340.666,36.0,37.0,938.497
7,stroke,816.282,7513.772,9.0,46.5,1820.0131
8,stroke,816.282,2919.4414,11.0,48.0,449.7173
9,stroke,816.282,4603.787,28.0,32.5,830.11176
11,stroke,816.282,10531.799,33.0,42.0,2703.2595
2,stroke,817.164,2337.8276,5.0,15.0,458.23816
4,stroke,817.164,2291.811,6.0,29.5,718.97394
8,stroke,817.164,2570.4045,5.0,32.5,527.28766
7,stroke,818.745,5023.958,17.5,31.0,952.9755
8,stroke,818.745,2908.0134,31.0,38.0,616.57745
11,stroke,818.745,9731.017,25.5,33.0,1849.1628
4,stroke,821.3815,2999.9243,43.5,44.0,631.4274
8,stroke,821.3815,2677.3394,38.0,38.5,493.90506
4,stroke,823.0045,2677.704,,35.0,646.0388
7,stroke,823.0045,5260.967,5.0,20.0,958.4961
8,stroke,823.0045,2551.025,7.5,17.0,603.1249
9,stroke,823.0045,3475.193,17.0,17.0,1007.1307
11,stroke,823.0045,9825.5,39.5,40.0,1755.8176
4,stroke,823.836,2900.0752,,27.5,767.95013
7,stroke,823.836,5794.817,,41.0,1796.3973
8,stroke,823.836,2795.6938,26.0,37.0,576.51117
9,stroke,823.836,2987.2612,5.0,46.5,901.39825
11,stroke,823.836,15154.169,43.5,47.5,4224.8105
4,stroke,824.766,2375.0996,7.5,22.5,514.98303
7,stroke,824.766,9308.377,5.0,19.5,1529.0868
8,stroke,824.766,3235.021,,39.5,732.57715
11,stroke,824.766,22960.84,5.0,21.0,3668.2327
2,stroke,826.2255,3947.323,5.0,17.0,616.56714
4,stroke,826.2255,4092.3652,5.0,17.5,501.86517
7,stroke,826.2255,7973.033,5.0,16.5,937.41125
8,stroke,826.2255,9638.141,36.0,50.0,497.59195
9,stroke,826.2255,4282.4277,45.5,49.5,1237.4122
11,stroke,826.2255,18364.06,5.0,17.5,2965.2983
2,stroke,827.782,1909.4463,8.5,45.0,449.39444
7,stroke,827.782,6539.5723,5.0,21.5,854.20593
8,stroke,827.782,5669.6924,35.5,50.0,528.4612
9,stroke,827.782,4319.9062,5.0,33.5,988.2249
7,stroke,829.115,9037.569,5.0,15.0,1956.7173
8,stroke,829.115,2384.27,31.0,31.5,632.2608
9,stroke,829.115,4874.138,,34.5,1313.9692
2,stroke,830.3375,2991.3872,6.5,42.0,380.39273
8,stroke,830.3375,2419.703,,18.5,683.11053
9,stroke,830.3375,4359.1265,,15.0,1136.274
11,stroke,830.3375,6035.411,23.5,50.0,1950.3673
2,stroke,831.3285,3486.245,,48.0,1157.2979
7,stroke,831.3285,7260.7773,5.0,16.5,1531.3053
8,stroke,831.3285,9044.783,22.5,42.0,487.25388
11,stroke,831.3285,16519.9,5.0,24.0,1950.5743
2,stroke,833.313,1858.0652,23.5,23.5,567.2845
4,stroke,833.313,4525.917,,30.0,1271.6602
7,stroke,833.313,12108.864,5.0,50.0,1005.27893
8,stroke,833.313,4213.0063,5.5,17.0,588.3978
2,stroke,834.463,3170.4802,25.5,27.0,958.3487
4,stroke,834.463,9853.924,15.0,22.5,1567.9147
8,stroke,834.463,8483.852,34.5,35.5,1358.2871
9,stroke,834.463,5106.9937,21.0,37.0,966.9914
2,stroke,835.354,2863.1187,34.0,39.0,462.67856
4,stroke,835.354,2610.3555,41.0,41.0,576.7719
7,stroke,835.354,8435.067,5.0,16.5,1188.8572
11,stroke,835.354,13204.453,17.5,32.0,4087.098
2,stroke,836.4485,2213.0027,5.5,43.5,624.265
4,stroke,836.4485,3868.5762,,46.0,1137.612
7,stroke,836.4485,5531.0757,5.0,18.5,1496.9973
8,stroke,836.4485,5275.216,5.0,15.0,1146.0277
9,stroke,836.4485,7803.82,6.0,19.5,925.84534
11,stroke,836.4485,9601.716,30.5,31.0,2995.4226
9,stroke,837.4245,4014.8398,9.0,15.0,1184.9825
7,stroke,838.571,6290.537,5.0,22.0,1128.8702
8,stroke,838.571,4359.207,25.5,38.5,723.3406
9,stroke,838.571,4905.672,5.0,29.0,778.2653
11,stroke,838.571,10733.746,6.0,15.5,3196.9165
2,stroke,840.0485,3236.6016,5.0,31.5,739.5958
4,stroke,840.0485,4930.8145,9.5,37.5,709.59625
7,stroke,840.0485,10437.125,5.0,15.0,996.425
9,stroke,840.0485,3498.2305,,43.0,1050.789
11,stroke,840.0485,84577.5,25.0,27.5,5857.2725
4,stroke,841.666,6336.1807,17.5,23.0,1047.2421
7,stroke,841.666,11011.461,5.0,15.0,975.03174
8,stroke,841.666,2860.0396,17.5,18.5,452.74808
9,stroke,841.666,2675.1733,,49.5,795.5162
11,stroke,841.666,9555.828,36.0,39.0,1663.1116
2,stroke,842.8785,1695.9312,5.0,15.0,361.85733
4,stroke,842.8785,3661.8865,,20.5,946.2689
7,stroke,842.8785,5000.3657,5.0,15.5,1573.1931
8,stroke,842.8785,3020.7114,12.0,43.0,883.5306
9,stroke,842.8785,5751.878,45.0,50.0,1205.3495
2,stroke,843.7205,3219.94,5.0,41.0,487.20828
7,stroke,843.7205,5770.9976,5.0,48.5,899.1817
8,stroke,843.7205,5402.1543,14.0,25.0,744.7929
9,stroke,843.7205,3749.9434,,44.0,876.456
2,stroke,844.92,2875.398,6.0,16.5,689.38763
4,stroke,844.92,3951.746,6.5,33.5,720.57135
8,stroke,844.92,2287.603,5.0,19.0,489.31686
11,stroke,844.92,7402.199,,15.5,2112.4434
2,stroke,846.727,1751.5525,8.5,32.5,514.4899
4,stroke,846.727,5157.262,45.0,45.5,896.60297
7,stroke,846.727,5212.094,30.5,44.0,1322.8445
9,stroke,846.727,3932.9302,5.0,46.5,1053.2852
11,stroke,846.727,11757.781,5.0,24.0,1373.6703
4,stroke,847.535,2793.709,,18.5,689.67566
7,stroke,847.535,4830.698,5.0,37.5,1198.0981
9,stroke,847.535,4916.5713,15.5,28.5,1300.8263
11,stroke,847.535,15061.665,8.5,45.5,1661.6534
2,stroke,849.233,4407.046,8.5,18.0,527.6917
4,stroke,849.233,2851.7344,,23.0,905.9605
7,stroke,849.233,6950.141,5.0,19.0,1514.4064
8,stroke,849.233,5149.0635,26.5,45.5,560.87933
9,stroke,849.233,5127.5605,17.5,26.0,1107.8583
11,stroke,849.233,9842.512,11.5,16.5,1586.2626
4,stroke,850.1985,6284.8135,5.0,49.5,869.43896
7,stroke,850.1985,11707.549,5.0,16.0,1043.775
8,stroke,850.1985,8414.957,5.0,29.5,719.6708
9,stroke,850.1985,3170.5845,6.5,49.5,840.6532
11,stroke,850.1985,11339.734,14.0,34.0,1799.883
4,stroke,851.082,3651.7695,35.5,36.0,675.0673
7,stroke,851.082,13110.74,5.0,50.0,1820.0275
9,stroke,851.082,2345.2183,5.5,36.5,679.44965
11,stroke,851.082,9074.454,25.5,41.5,1226.8083
2,stroke,851.975,1481.5049,5.0,19.0,472.06775
4,stroke,851.975,6579.6504,5.0,48.5,746.5258
7,stroke,851.975,5299.8022,5.0,16.5,837.6895
8,stroke,851.975,2222.912,11.5,44.5,509.5257
11,stroke,851.975,8627.145,,16.0,2209.2275
2,stroke,853.262,22099.82,5.0,18.5,1045.0885
4,stroke,853.262,19268.2,5.0,21.0,749.7635
7,stroke,853.262,13725.354,6.5,17.5,1593.1664
8,stroke,853.262,18953.15,5.0,20.5,482.6962
9,stroke,853.262,5793.36,5.0,20.5,618.2971
11,stroke,853.262,28232.191,7.5,18.0,2724.1487
2,stroke,854.6955,2031.4321,28.0,29.0,636.39795
4,stroke,854.6955,4101.4443,,30.0,1346.9872
7,stroke,854.6955,5000.961,7.5,47.5,994.0348
8,stroke,854.6955,3980.5166,,33.0,1240.2327
9,stroke,854.6955,2778.7134,34.0,44.0,596.8932
11,stroke,854.6955,9940.632,,46.0,3125.5674
2,stroke,855.889,18169.824,5.0,18.5,448.76663
4,stroke,855.889,17931.824,5.0,17.5,675.0794
7,stroke,855.889,15834.25,6.5,21.0,984.2591
8,stroke,855.889,14373.584,5.0,21.0,570.9699
9,stroke,855.889,6511.129,7.5,21.0,1375.1526
11,stroke,855.889,29346.775,7.0,18.0,1452.0653
2,stroke,856.868,2336.315,34.5,42.0,736.2497
4,stroke,856.868,4707.212,22.0,31.5,594.1574
8,stroke,856.868,8821.284,15.0,49.5,417.72012
9,stroke,856.868,7116.474,5.0,24.5,956.6026
11,stroke,856.868,12825.524,5.0,47.0,1254.4749
2,stroke,858.0235,1603.513,5.0,26.5,429.06775
7,stroke,858.0235,8566.967,5.0,17.5,1316.3779
8,stroke,858.0235,2341.5688,5.0,18.0,474.6708
9,stroke,858.0235,4176.274,,21.0,1073.1028
11,stroke,858.0235,6507.015,15.5,17.0,1459.1136
2,stroke,859.8495,3270.9922,17.5,50.0,534.73865
4,stroke,859.8495,4577.9126,46.0,46.5,776.038
7,stroke,859.8495,10198.463,5.0,18.0,904.3059
8,stroke,859.8495,1812.7549,,37.0,467.3205
9,stroke,859.8495,3530.39,6.0,50.0,430.9059
11,stroke,859.8495,6355.2305,5.0,24.0,939.43805
2,stroke,860.652,2817.7883,20.5,21.0,628.1322
4,stroke,860.652,3136.8955,31.5,31.5,649.09393
7,stroke,860.652,6166.5273,5.0,32.0,714.7857
8,stroke,860.652,2639.1416,10.0,33.5,575.50073
9,stroke,860.652,5804.314,5.0,21.5,892.55066
2,stroke,862.538,20882.67,6.0,18.5,860.4064
4,stroke,862.538,19614.094,5.0,21.0,983.81036
7,stroke,862.538,15981.929,7.0,21.5,1534.5303
8,stroke,862.538,18620.861,5.0,21.0,769.4526
9,stroke,862.538,10286.278,7.0,37.5,1281.5645
11,stroke,862.538,26821.938,7.5,22.0,1298.7615
2,stroke,863.374,2548.8967,14.5,21.0,428.81323
4,stroke,863.374,2933.3892,,49.0,741.4735
7,stroke,863.374,9105.298,7.0,50.0,1773.5168
9,stroke,863.374,2116.1733,5.0,16.5,591.4665
11,stroke,863.374,5815.0596,5.0,25.0,1638.2615
2,stroke,864.2895,2324.821,6.0,27.5,691.00104
4,stroke,864.2895,3387.3462,14.5,22.0,674.63055
7,stroke,864.2895,9558.558,5.0,50.0,1686.821
8,stroke,864.2895,3481.879,5.0,17.0,632.9583
9,stroke,864.2895,2951.6973,12.5,38.5,602.9624
11,stroke,864.2895,13478.344,14.5,25.0,1121.3998
2,stroke,865.267,2388.7803,5.0,21.0,468.23676
7,stroke,865.267,6084.5127,5.0,16.5,1043.1747
8,stroke,865.267,2123.9792,,29.5,609.82104
11,stroke,865.267,5254.001,45.5,45.5,1415.5197
2,stroke,866.29,19346.219,5.0,18.5,721.0302
4,stroke,866.29,20691.883,5.0,21.0,781.1203
7,stroke,866.29,15676.49,7.0,21.5,1690.7175
8,stroke,866.29,24419.447,5.0,21.0,732.26935
9,stroke,866.29,10034.126,5.0,17.5,916.5177
11,stroke,866.29,27446.066,5.0,18.5,1645.9893
2,stroke,868.076,21082.383,7.5,18.5,1383.0471
4,stroke,868.076,17291.254,5.0,37.0,522.1096
7,stroke,868.076,16246.714,7.0,21.0,730.5234
8,stroke,868.076,15799.831,5.0,21.0,586.8703
9,stroke,868.076,9864.406,5.0,17.5,1296.394
11,stroke,868.076,28722.34,7.5,18.0,2167.418
4,stroke,869.0245,4366.115,43.5,44.0,641.9542
7,stroke,869.0245,9834.488,5.0,36.5,872.54755
8,stroke,869.0245,6237.784,5.0,15.0,527.1888
9,stroke,869.0245,6331.67,6.5,44.5,1628.5979
11,stroke,869.0245,9392.342,24.5,30.5,1585.1705
4,stroke,870.36,2948.875,35.0,35.5,597.7276
8,stroke,870.36,4040.79,25.5,25.5,937.2338
11,stroke,870.36,8267.372,6.5,24.0,1332.4395
2,stroke,871.5035,4420.9683,5.0,21.0,871.29553
4,stroke,871.5035,5872.9385,9.0,16.0,767.3289
7,stroke,871.5035,4376.8486,5.0,20.0,1207.2488
8,stroke,871.5035,3281.6755,17.5,18.5,590.6694
11,stroke,871.5035,4413.9883,6.5,46.0,1341.5315
4,stroke,873.009,4585.661,20.0,20.0,1088.5564
7,stroke,873.009,10092.28,5.0,15.0,1462.1129
9,stroke,873.009,6867.9033,20.5,34.5,801.91125
11,stroke,873.009,10006.396,,22.0,2789.2964
2,stroke,874.791,2860.477,5.0,43.5,652.6656
4,stroke,874.791,2889.499,19.0,20.0,480.62994
8,stroke,874.791,7619.672,5.0,41.0,638.1907
11,stroke,874.791,10190.264,,50.0,3175.3875
2,stroke,875.8325,2187.371,49.0,50.0,500.33032
4,stroke,875.8325,6227.203,43.0,45.5,752.92896
8,stroke,875.8325,2589.0352,,27.5,790.12085
11,stroke,875.8325,9540.108,10.5,19.0,1733.9563
4,stroke,877.941,3772.393,10.0,31.5,491.99924
7,stroke,877.941,8514.325,5.0,18.5,1334.9575
9,stroke,877.941,4895.2393,,42.0,1345.7697
11,stroke,877.941,6188.8623,,50.0,1873.7057
2,stroke,878.7425,2487.9683,37.5,39.0,552.1746
4,stroke,878.7425,5839.9067,5.5,26.5,969.3871
9,stroke,878.7425,3919.402,21.5,22.0,705.2369
11,stroke,878.7425,7056.419,5.0,49.5,1892.5803
2,stroke,879.5895,2242.3665,11.0,19.0,668.70404
4,stroke,879.5895,2237.4446,6.5,19.5,607.60236
7,stroke,879.5895,11025.982,5.0,15.0,728.64795
8,stroke,879.5895,2395.008,,30.0,775.43286
9,stroke,879.5895,3228.4258,5.0,23.0,771.4256
2,stroke,881.565,2599.1887,7.5,17.0,420.0266
4,stroke,881.565,2951.9824,30.5,30.5,639.56793
7,stroke,881.565,10501.936,5.0,15.0,940.02997
11,stroke,881.565,5445.948,,25.5,1703.8174
2,stroke,883.066,1960.3629,13.5,21.5,567.311
4,stroke,883.066,8485.451,5.0,21.5,760.9388
7,stroke,883.066,4654.3896,5.0,50.0,1082.2303
8,stroke,883.066,3077.179,,31.0,949.2395
11,stroke,883.066,13385.357,,48.0,4302.208
2,stroke,885.282,3364.3318,35.5,36.5,901.77423
4,stroke,885.282,5129.954,38.5,40.5,1056.5448
9,stroke,885.282,6403.491,33.0,37.0,1258.4071
11,stroke,885.282,5131.291,10.0,48.0,1310.069
7,stroke,886.361,7011.89,5.0,18.0,1459.8478
9,stroke,886.361,3419.8882,10.0,33.5,857.26636
2,stroke,887.803,3764.8257,5.0,40.5,383.5888
4,stroke,887.803,4042.3618,23.5,24.0,768.2691
7,stroke,887.803,7986.8135,5.0,15.0,1064.8306
8,stroke,887.803,2908.6382,5.5,26.0,504.56134
4,stroke,888.6555,5194.7446,15.0,29.5,1295.3347
7,stroke,888.6555,7862.7314,13.0,16.0,895.77856
8,stroke,888.6555,4421.7524,6.5,15.0,433.2312
9,stroke,888.6555,8481.175,5.0,42.5,977.7314
11,stroke,888.6555,9765.613,34.5,45.0,2533.4055
4,stroke,889.631,3280.0405,,36.5,1028.0524
7,stroke,889.631,11612.08,5.0,16.5,1399.3295
8,stroke,889.631,2045.7834,,26.0,667.73267
9,stroke,889.631,6278.9814,33.0,34.0,1605.943
11,stroke,889.631,12534.546,29.5,31.0,2217.2214
4,stroke,891.938,3777.137,,19.5,942.841
7,stroke,891.938,7379.051,5.0,22.0,875.0161
8,stroke,891.938,3139.0874,28.5,41.0,487.50403
2,stroke,892.8945,3224.5793,5.0,46.5,699.4539
7,stroke,892.8945,7657.415,5.0,34.0,986.42126
8,stroke,892.8945,5170.9585,6.5,44.0,587.9676
9,stroke,892.8945,6998.9854,32.0,45.5,710.6565
11,stroke,892.8945,7094.5293,5.0,19.0,1111.0718
2,stroke,894.263,3477.5894,7.0,26.0,428.26575
4,stroke,894.263,2579.596,42.0,42.5,743.61383
7,stroke,894.263,6209.9766,5.0,19.5,1611.1049
8,stroke,894.263,1900.8069,46.0,46.0,479.65912
9,stroke,894.263,6194.3696,5.0,35.0,769.5188
11,stroke,894.263,6547.0596,12.0,45.0,1581.2068
2,stroke,896.115,3147.2192,12.5,41.0,331.26913
4,stroke,896.115,3796.1814,47.5,47.5,774.0188
7,stroke,896.115,7176.503,5.0,16.0,1122.3422
8,stroke,896.115,3028.1387,41.0,41.5,555.768
11,stroke,896.115,11090.088,7.0,43.0,1721.3093
4,stroke,896.9385,2518.0708,18.5,18.5,510.9772
7,stroke,896.9385,8018.0537,5.0,16.0,795.11017
8,stroke,896.9385,2317.7903,11.0,42.0,651.63855
9,stroke,896.9385,6965.7686,12.0,50.0,874.178
11,stroke,896.9385,12875.241,6.0,20.5,1823.8928
7,stroke,897.797,5771.382,5.0,17.5,1880.5518
8,stroke,897.797,2193.188,11.5,22.5,508.96997
4,stroke,898.7145,3280.927,9.0,46.0,666.7145
7,stroke,898.7145,10250.644,5.0,46.0,1060.7275
11,stroke,898.7145,12889.587,,15.0,4189.0723
2,stroke,899.8325,3886.8662,29.0,36.0,724.2754
4,stroke,899.8325,5256.198,,15.5,1540.6881
7,stroke,899.8325,5738.8174,5.0,15.0,1111.1443
8,stroke,899.8325,7752.2183,21.0,33.0,496.10327
9,stroke,899.8325,4108.903,5.0,18.5,669.19824
4,stroke,900.6655,4030.521,,30.0,1164.3932
7,stroke,900.6655,5976.918,5.0,50.0,1486.2152
9,stroke,900.6655,4685.4185,11.0,22.5,674.96106
4,stroke,901.741,6069.215,41.0,41.5,1284.9124
7,stroke,901.741,5463.3784,5.0,23.0,1359.7816
8,stroke,901.741,1924.5592,28.5,28.5,529.74536
9,stroke,901.741,7688.4624,14.5,31.5,869.9916
2,stroke,902.821,3258.271,40.0,41.5,644.9766
4,stroke,902.821,3708.4873,29.0,39.0,657.35657
8,stroke,902.821,2172.604,22.0,35.5,459.32678
9,stroke,902.821,5227.387,33.5,44.0,816.439
2,stroke,903.633,2259.936,7.0,15.5,510.64853
4,stroke,903.633,3873.4338,30.5,36.0,779.49866
7,stroke,903.633,5218.489,5.0,18.0,1246.5674
8,stroke,903.633,2139.999,,43.0,587.9586
9,stroke,903.633,3622.165,5.0,17.5,1012.70184
11,stroke,903.633,8284.293,5.0,15.5,1744.1664
2,stroke,904.5285,2881.698,5.0,43.0,411.8883
4,stroke,904.5285,3210.8037,14.0,34.0,868.69336
7,stroke,904.5285,12568.846,5.0,49.5,783.65735
8,stroke,904.5285,6389.171,7.5,16.5,1228.3384
11,stroke,904.5285,7528.324,7.5,26.5,1116.1708
2,stroke,905.8565,4285.5674,5.0,45.5,701.8307
7,stroke,905.8565,6101.5166,5.0,15.0,1572.7589
8,stroke,905.8565,3682.5977,13.0,48.5,498.3425
2,stroke,907.251,3296.5059,5.5,44.5,771.11694
7,stroke,907.251,9171.314,5.0,16.0,1119.7823
8,stroke,907.251,7352.434,8.0,16.0,419.60928
9,stroke,907.251,5878.4277,6.0,37.5,623.15826
11,stroke,907.251,8252.381,5.0,39.0,1478.5936
4,stroke,908.1925,4864.107,8.5,29.0,757.4983
8,stroke,908.1925,1793.6005,5.0,15.5,457.3
9,stroke,908.1925,5965.6406,5.0,36.5,1459.4675
11,stroke,908.1925,4537.219,5.5,32.0,1403.884
2,stroke,909.4755,3668.1382,5.0,15.0,684.83405
7,stroke,909.4755,5274.741,5.0,15.5,886.32776
9,stroke,909.4755,5845.1846,5.0,19.5,1330.8638
2,stroke,910.7655,3121.018,,40.0,708.4531
4,stroke,910.7655,2831.025,,25.0,784.62756
7,stroke,910.7655,3795.6912,5.0,45.5,1002.9603
8,stroke,910.7655,4947.136,5.0,15.0,677.1986
9,stroke,910.7655,2886.6562,41.0,41.5,950.17444
11,stroke,910.7655,9359.186,37.0,38.0,1464.8528
4,stroke,911.9425,4394.201,43.5,49.0,867.0857
7,stroke,911.9425,5577.2695,5.0,20.0,947.37006
8,stroke,911.9425,3714.1958,5.0,20.0,682.4505
11,stroke,911.9425,83125.12,5.0,23.5,19594.574
2,stroke,913.3605,2657.0112,49.5,50.0,676.282
4,stroke,913.3605,4543.8896,9.5,27.0,497.98245
7,stroke,913.3605,6431.315,5.0,17.5,793.22205
8,stroke,913.3605,3158.5303,45.5,47.0,734.8832
9,stroke,913.3605,4547.0254,,25.0,1009.32733
11,stroke,913.3605,12485.953,9.5,48.5,1065.8094
2,stroke,914.844,2575.892,15.0,16.5,424.60916
4,stroke,914.844,2111.6826,6.5,44.0,647.8038
7,stroke,914.844,4218.594,5.0,17.0,568.6469
8,stroke,914.844,3169.436,25.5,26.5,649.0326
9,stroke,914.844,4032.5264,11.0,32.5,1256.6237
11,stroke,914.844,8224.623,18.0,25.0,1680.4382
4,stroke,915.9125,7454.6997,8.5,21.0,1458.8835
9,stroke,915.9125,3277.5073,5.0,24.5,570.9775
11,stroke,915.9125,12834.797,40.5,50.0,2245.9697
7,stroke,917.1075,4207.968,5.0,42.0,1401.5972
11,stroke,917.1075,14310.081,5.0,15.0,1945.5325
2,stroke,918.4465,1815.2843,23.5,38.5,441.78818
7,stroke,918.4465,6535.6025,5.0,37.5,1095.9181
8,stroke,918.4465,2855.6738,16.0,16.5,503.44543
11,stroke,918.4465,8784.836,9.0,16.5,1806.1556
2,stroke,919.29,2294.6738,,15.5,640.53156
7,stroke,919.29,7699.551,5.0,15.0,1324.2191
8,stroke,919.29,2778.2705,44.0,44.0,696.44446
9,stroke,919.29,2647.0332,13.5,43.5,776.0006
11,stroke,919.29,8943.37,5.0,15.0,1773.9327
2,stroke,920.625,1937.0032,15.0,16.0,378.30505
4,stroke,920.625,3900.021,7.0,38.0,815.8652
7,stroke,920.625,7536.532,5.0,18.0,1004.6454
8,stroke,920.625,4634.344,,38.0,1071.4512
9,stroke,920.625,6578.46,19.5,50.0,554.6014
11,stroke,920.625,8893.278,18.0,46.0,1444.216
2,stroke,921.9315,2363.2766,16.0,49.5,482.6478
7,stroke,921.9315,6238.2153,5.0,16.5,1195.5223
4,stroke,922.8955,3344.0447,,19.5,748.15045
7,stroke,922.8955,11229.614,5.0,15.0,1221.3833
8,stroke,922.8955,7663.6133,16.0,29.5,735.5648
2,stroke,923.723,2837.122,5.0,38.0,701.23083
4,stroke,923.723,2977.3535,13.0,34.5,644.10675
7,stroke,923.723,5267.816,5.0,50.0,1508.2014
9,stroke,923.723,4104.4307,5.0,18.0,745.2707
2,stroke,925.023,1810.1339,5.0,44.0,431.80264
7,stroke,925.023,6481.7197,5.0,15.0,1384.6205
8,stroke,925.023,3136.669,,27.5,997.7509
9,stroke,925.023,4060.0874,11.5,38.0,650.0685
11,stroke,925.023,12723.321,5.0,16.5,1543.6089
2,stroke,926.0495,2874.6824,5.0,16.0,680.00604
4,stroke,926.0495,3548.4836,5.0,20.5,1030.0256
7,stroke,926.0495,6497.85,5.0,16.0,1111.5808
8,stroke,926.0495,5071.796,8.5,28.5,640.8402
9,stroke,926.0495,3245.9053,6.0,45.5,624.14514
11,stroke,926.0495,10025.065,12.0,47.0,1452.4507
2,stroke,927.9135,2237.2415,5.0,16.5,702.7595
4,stroke,927.9135,2952.983,,35.0,698.5396
7,stroke,927.9135,8379.553,5.0,24.0,790.4224
8,stroke,927.9135,1799.9983,35.0,35.5,427.27133
9,stroke,927.9135,4732.998,24.5,25.0,1001.4692
2,stroke,929.165,3707.9968,18.0,38.5,469.4462
4,stroke,929.165,3386.8672,24.0,24.5,673.954
7,stroke,929.165,7173.188,5.0,49.0,1498.2501
8,stroke,929.165,10029.888,16.0,34.5,577.4712
11,stroke,929.165,8208.106,5.0,43.0,1455.5942
2,stroke,930.5245,1710.1078,8.5,45.5,406.51825
4,stroke,930.5245,3669.6753,,39.0,997.2125
7,stroke,930.5245,6147.173,5.0,15.0,1191.0148
8,stroke,930.5245,1939.4723,,42.0,575.0195
2,stroke,931.7135,3075.4688,13.5,21.5,437.44397
4,stroke,931.7135,5438.554,29.0,29.5,894.2282
7,stroke,931.7135,7368.9126,5.5,18.5,1960.8295
8,stroke,931.7135,4151.7827,25.5,38.0,646.31573
2,stroke,933.493,3444.4336,23.5,28.0,813.1954
8,stroke,933.493,2980.2124,5.0,16.5,405.87885
9,stroke,933.493,2031.0685,5.0,46.0,476.56653
11,stroke,933.493,11200.643,41.0,50.0,3068.9558
2,stroke,935.408,4337.094,5.5,35.5,646.46783
4,stroke,935.408,4424.6567,25.0,25.0,933.2549
7,stroke,935.408,8175.717,5.0,15.5,1398.2366
8,stroke,935.408,5145.958,40.5,44.5,773.8242
11,stroke,935.408,7719.0273,5.0,21.0,2057.279
4,stroke,936.935,4115.58,40.5,41.0,667.7335
7,stroke,936.935,5185.2324,5.0,18.5,760.91394
8,stroke,936.935,2462.2275,22.5,38.0,470.66873
9,stroke,936.935,7091.1084,20.0,45.0,604.5974
2,stroke,938.0435,26391.465,6.0,18.5,1283.5149
4,stroke,938.0435,24516.281,5.0,21.0,831.1536
7,stroke,938.0435,20257.809,7.0,21.5,911.3829
8,stroke,938.0435,15141.633,5.0,21.5,669.3823
9,stroke,938.0435,10324.547,5.0,18.0,907.0955
11,stroke,938.0435,28130.246,6.0,18.0,1866.0239
2,stroke,939.8745,145602.44,15.0,16.0,18949.0
4,stroke,939.8745,8681.488,38.0,38.5,1766.8885
8,stroke,939.8745,2767.9888,22.0,23.0,598.40845
9,stroke,939.8745,6308.9355,21.5,22.5,897.2677
11,stroke,939.8745,10280.059,30.5,38.5,2256.5818
2,stroke,940.984,34388.074,25.5,26.5,2944.9775
4,stroke,940.984,4019.3152,38.5,49.0,1067.3547
7,stroke,940.984,7866.8047,5.0,16.0,1543.9841
8,stroke,940.984,3748.9502,9.5,18.5,876.93634
9,stroke,940.984,5047.3047,20.5,20.5,1355.4045
11,stroke,940.984,11026.41,,39.0,3027.3752
2,stroke,941.9025,8340.889,5.0,21.0,1494.6356
4,stroke,941.9025,4142.855,5.0,43.5,1060.2909
7,stroke,941.9025,9263.033,5.0,15.0,1039.1046
8,stroke,941.9025,1974.9646,5.0,26.0,476.99857
9,stroke,941.9025,7032.882,5.0,15.0,1493.0519
11,stroke,941.9025,6600.909,21.5,38.5,2046.0966
2,stroke,943.2025,6658.339,5.0,26.5,1201.7474
4,stroke,943.2025,3988.0337,9.0,19.5,693.0481
7,stroke,943.2025,10503.61,5.0,16.5,940.1406
8,stroke,943.2025,6107.423,18.0,48.5,737.6391
11,stroke,943.2025,15431.605,13.0,42.0,1242.6088
2,stroke,944.43,4990.0073,25.5,26.0,1337.4491
4,stroke,944.43,6805.7915,16.5,30.0,760.80743
7,stroke,944.43,6014.208,,47.0,1962.1843
9,stroke,944.43,5254.0205,13.0,31.5,959.2354
2,stroke,946.419,8841.165,14.0,48.0,835.34186
4,stroke,946.419,9545.373,29.0,30.0,1590.1971
7,stroke,946.419,4026.5605,5.0,41.0,1071.6038
8,stroke,946.419,5983.6396,42.5,43.0,1750.9858
9,stroke,946.419,7200.8315,5.0,32.5,944.7592
11,stroke,946.419,5708.334,5.0,38.5,1259.6814
4,stroke,947.237,2591.4697,28.5,28.5,521.3342
7,stroke,947.237,3294.1274,5.0,18.5,765.92865
8,stroke,947.237,2788.2537,5.0,16.0,749.0109
11,stroke,947.237,8269.028,36.0,48.0,2109.5205
2,stroke,948.075,5145.13,19.5,20.0,1372.882
4,stroke,948.075,6962.4614,11.5,30.0,1256.9186
7,stroke,948.075,7602.537,5.0,15.0,1819.4446
8,stroke,948.075,2130.9492,36.5,37.0,483.82965
11,stroke,948.075,6005.201,5.0,28.5,1964.583
2,stroke,949.5435,5323.881,11.0,48.0,874.8701
9,stroke,949.5435,11266.235,49.5,50.0,2159.8083
11,stroke,949.5435,11114.92,10.0,21.5,1516.677
2,stroke,952.901,4819.5586,22.5,28.0,651.8576
4,stroke,952.901,5763.0205,44.0,44.0,1128.526
7,stroke,952.901,61238.88,5.0,25.0,1002.9471
8,stroke,952.901,2173.5095,28.5,40.0,411.3155
9,stroke,952.901,3067.453,5.0,45.0,684.01605
11,stroke,952.901,5943.906,18.5,36.0,1419.8169
2,stroke,953.967,1916.8058,5.0,21.5,427.5127
4,stroke,953.967,2888.3704,25.0,32.5,844.42615
7,stroke,953.967,7099.944,5.0,31.0,654.10724
8,stroke,953.967,2834.708,34.5,35.0,692.9785
9,stroke,953.967,4067.7896,22.5,33.0,519.6325
11,stroke,953.967,4850.9766,48.0,50.0,1493.8052
2,stroke,954.8425,2669.6157,,43.5,673.4653
7,stroke,954.8425,5974.351,5.0,15.0,1535.2223
11,stroke,954.8425,12750.275,14.0,15.0,2063.187
4,stroke,955.6975,3553.626,6.5,15.0,1078.7622
7,stroke,955.6975,3519.9375,5.0,19.0,881.22815
8,stroke,955.6975,3436.7485,5.0,21.0,1051.9258
9,stroke,955.6975,8519.428,5.0,47.5,899.5337
11,stroke,955.6975,8017.2163,,42.5,2079.4382
2,stroke,956.9765,25764.473,5.0,31.0,513.09033
4,stroke,956.9765,39391.082,5.0,24.0,1000.0586
7,stroke,956.9765,55071.996,5.0,23.0,1101.034
8,stroke,956.9765,24117.094,5.0,23.5,898.47424
9,stroke,956.9765,69813.22,5.0,21.5,1258.081
2,stroke,957.828,5570.623,24.5,25.5,1008.5369
4,stroke,957.828,7804.946,30.5,32.5,1349.2405
8,stroke,957.828,2796.5366,33.0,33.5,508.34488
9,stroke,957.828,3488.4385,9.0,16.0,611.4159
11,stroke,957.828,11248.432,7.0,20.5,3395.3572
2,stroke,958.6335,3286.3196,13.5,25.5,564.94824
4,stroke,958.6335,5436.7354,,37.0,1373.5641
7,stroke,958.6335,10325.452,5.0,15.0,773.6756
9,stroke,958.6335,4071.7744,16.5,32.0,796.0453
2,stroke,959.7345,2708.3008,47.0,49.0,820.29346
4,stroke,959.7345,6556.4834,6.0,16.5,1218.2568
7,stroke,959.7345,9301.25,5.0,32.0,1325.6288
8,stroke,959.7345,3791.1501,,44.5,990.05566
9,stroke,959.7345,7387.738,,22.5,1745.9955
11,stroke,959.7345,10581.385,5.0,31.0,2947.5547
2,stroke,960.577,3107.3867,6.0,16.5,881.134
7,stroke,960.577,4958.9614,5.0,24.5,682.3156
8,stroke,960.577,2479.9736,32.0,32.0,530.7014
11,stroke,960.577,23720.082,5.0,47.5,4172.759
2,stroke,961.4635,5243.998,5.0,48.0,769.04846
7,stroke,961.4635,5687.3164,5.0,31.0,1127.2507
8,stroke,961.4635,2275.96,30.0,50.0,488.95493
9,stroke,961.4635,4671.9517,23.0,25.5,957.92206
2,stroke,962.3745,4671.57,32.0,34.0,1025.3148
4,stroke,962.3745,6764.9653,,39.0,1715.5428
7,stroke,962.3745,4611.551,5.0,50.0,1352.7361
8,stroke,962.3745,2549.2751,11.0,29.0,732.4516
9,stroke,962.3745,7115.681,21.5,22.0,1782.587
11,stroke,962.3745,9586.871,,50.0,3190.0417
2,stroke,964.3505,2444.8843,22.5,26.5,583.15344
4,stroke,964.3505,4147.493,,19.5,946.8484
7,stroke,964.3505,7578.107,5.0,18.5,1672.5981
9,stroke,964.3505,7759.382,42.5,50.0,1217.1233
2,stroke,965.2185,2622.987,5.0,15.0,835.33636
4,stroke,965.2185,5517.474,46.0,47.5,1336.9258
7,stroke,965.2185,10390.181,5.0,36.5,803.68787
8,stroke,965.2185,2471.6833,46.0,46.5,427.49933
9,stroke,965.2185,3380.0554,5.0,15.0,549.7561
11,stroke,965.2185,6744.927,33.5,34.0,1781.1343
2,stroke,966.828,4209.351,,49.0,1143.7917
4,stroke,966.828,10495.657,5.0,19.5,705.6873
8,stroke,966.828,2580.2368,5.5,15.5,725.7624
11,stroke,966.828,9323.303,5.0,31.5,1919.152
2,stroke,967.6805,3039.2383,17.0,22.5,520.3875
4,stroke,967.6805,4750.41,28.5,34.5,1045.9218
7,stroke,967.6805,7265.168,5.0,18.5,971.1638
8,stroke,967.6805,2871.7068,43.5,50.0,433.93286
9,stroke,967.6805,6130.119,,18.5,1495.1952
11,stroke,967.6805,14437.031,5.5,25.5,4615.7505
2,stroke,968.5135,1721.1132,18.0,47.0,327.45563
7,stroke,968.5135,5586.4707,5.0,32.0,901.79913
9,stroke,968.5135,2619.7285,16.5,49.0,852.29047
7,stroke,969.574,8372.111,5.0,15.0,1414.5142
8,stroke,969.574,2849.0024,45.0,48.5,346.93817
11,stroke,969.574,10891.182,12.5,15.0,2244.0994
2,stroke,970.4805,2354.6892,5.0,16.5,517.39124
4,stroke,970.4805,2383.4634,34.0,35.0,643.87256
7,stroke,970.4805,14200.9375,5.0,15.0,1310.3108
8,stroke,970.4805,2536.9539,9.5,15.5,589.31635
2,stroke,971.682,2336.4756,5.0,26.0,606.1854
4,stroke,971.682,5198.1753,12.0,43.5,652.61743
7,stroke,971.682,6704.3413,5.0,23.0,825.6048
8,stroke,971.682,3332.0203,18.0,37.0,321.85956
11,stroke,971.682,12922.77,5.0,40.0,3400.226
2,stroke,972.4905,4174.187,7.5,17.0,1047.1556
4,stroke,972.4905,6022.686,5.5,23.5,986.19086
7,stroke,972.4905,6513.3887,5.0,15.0,709.6706
8,stroke,972.4905,2791.964,5.0,22.0,397.24426
2,stroke,973.372,2971.4583,5.0,39.0,841.16846
4,stroke,973.372,3171.12,43.0,43.0,832.10785
8,stroke,973.372,2042.8447,,39.0,676.71906
9,stroke,973.372,5137.9087,11.5,49.5,1094.7738
11,stroke,973.372,10806.055,26.5,27.5,3431.0964
2,stroke,974.988,4117.7324,49.0,50.0,755.5094
4,stroke,974.988,6895.08,5.0,50.0,731.84937
7,stroke,974.988,7529.1636,5.0,15.0,1301.668
9,stroke,974.988,4735.381,7.0,29.0,809.173
11,stroke,974.988,9545.996,14.5,19.0,1494.4626
4,stroke,976.575,8581.122,22.5,50.0,1015.15784
7,stroke,976.575,7744.3975,5.0,16.0,1871.4232
8,stroke,976.575,2972.359,5.0,32.0,665.8329
11,stroke,976.575,14600.442,11.0,46.0,1621.7745
4,stroke,977.486,4212.287,,32.0,1303.437
7,stroke,977.486,6480.7554,5.0,29.0,1209.5552
8,stroke,977.486,3286.455,,49.5,907.809
11,stroke,977.486,210061.53,19.0,35.0,22532.678
2,stroke,978.501,2378.3564,,33.0,697.00287
4,stroke,978.501,4922.5425,27.0,34.0,1001.8118
7,stroke,978.501,6930.6836,5.0,18.0,2092.5703
8,stroke,978.501,3294.7673,41.5,42.0,881.7214
11,stroke,978.501,15658.625,9.5,35.5,4799.53
7,stroke,979.373,9514.236,5.0,15.0,1003.6572
8,stroke,979.373,3108.4858,14.0,22.5,481.56708
9,stroke,979.373,4614.469,16.0,43.0,571.8523
11,stroke,979.373,6039.923,5.0,33.0,1630.8508
2,stroke,980.726,4426.9536,5.0,50.0,562.9682
4,stroke,980.726,7688.3184,30.5,31.5,878.90485
7,stroke,980.726,8777.723,5.0,47.0,1179.664
9,stroke,980.726,4286.735,39.0,45.0,1079.9966
11,stroke,980.726,13220.648,14.0,16.0,3437.895
2,stroke,981.63,2228.4922,23.0,50.0,457.6281
4,stroke,981.63,3162.0747,,19.0,709.1768
7,stroke,981.63,4689.507,5.0,16.0,790.2276
8,stroke,981.63,2532.0054,,39.0,786.4675
9,stroke,981.63,4200.167,5.0,17.5,1050.996
4,stroke,983.154,3424.6572,,19.0,1079.4274
7,stroke,983.154,11662.478,5.0,15.0,1532.5842
8,stroke,983.154,3044.4438,,35.5,792.5866
9,stroke,983.154,4220.509,16.0,16.5,912.4757
11,stroke,983.154,10741.095,21.5,32.5,2365.348
2,stroke,984.007,2210.5564,21.5,37.0,306.40512
8,stroke,984.007,2094.5588,9.5,19.0,574.5322
11,stroke,984.007,10626.289,21.5,30.5,1730.1403
2,stroke,985.1115,33630.01,5.0,17.0,1102.8203
4,stroke,985.1115,33032.105,5.0,18.5,944.4004
7,stroke,985.1115,15414.511,5.0,19.5,722.54535
8,stroke,985.1115,41684.28,5.0,19.0,348.752
9,stroke,985.1115,15585.551,5.0,18.5,1952.4321
11,stroke,985.1115,13770.904,6.0,17.0,3437.3206
2,stroke,986.834,3064.9795,49.0,50.0,516.03485
4,stroke,986.834,4258.6094,5.0,48.5,1137.2196
7,stroke,986.834,7898.7812,5.0,33.0,863.00653
8,stroke,986.834,6567.2695,13.0,20.0,844.7732
9,stroke,986.834,7008.352,17.0,41.0,927.6391
11,stroke,986.834,16734.44,7.0,21.5,2172.9536
4,stroke,987.776,2055.4102,5.5,40.5,536.084
7,stroke,987.776,8822.092,5.0,44.5,938.8557
8,stroke,987.776,1923.7701,28.0,28.0,403.57443
9,stroke,987.776,3350.0923,28.5,29.0,632.50946
2,stroke,989.9885,1803.7721,20.5,33.5,418.4566
4,stroke,989.9885,4526.6704,46.0,47.0,811.97614
7,stroke,989.9885,4574.4053,5.0,15.0,814.862
11,stroke,989.9885,12925.885,5.0,16.0,1534.1648
2,stroke,992.379,3218.3945,5.0,41.5,671.1756
7,stroke,992.379,9945.391,5.0,45.0,1845.2386
9,stroke,992.379,3441.1,5.5,21.5,817.4393
11,stroke,992.379,12397.069,11.5,33.0,3325.8682
2,stroke,994.0565,2072.8057,5.0,21.0,331.8499
4,stroke,994.0565,4903.2607,13.0,26.5,710.22644
7,stroke,994.0565,8208.867,5.0,15.0,960.54846
9,stroke,994.0565,4228.2373,47.5,50.0,1004.2249
11,stroke,994.0565,12655.449,5.0,19.5,2062.1218
2,stroke,995.224,2366.4531,,49.0,716.6566
4,stroke,995.224,6510.4785,31.5,40.0,916.04504
7,stroke,995.224,3936.7334,5.0,15.0,716.0444
8,stroke,995.224,1651.896,,25.0,469.45258
9,stroke,995.224,4742.141,5.0,42.5,664.5351
11,stroke,995.224,5707.607,5.0,50.0,1440.286
7,stroke,996.025,7793.2017,5.0,49.5,2065.0312
2,stroke,997.1585,2255.326,5.0,43.0,386.3267
4,stroke,997.1585,5368.0796,41.5,43.0,781.53265
7,stroke,997.1585,4053.0872,5.0,20.0,971.5744
8,stroke,997.1585,3699.2036,12.5,46.5,466.0389
9,stroke,997.1585,2389.4514,5.0,20.0,520.51746
11,stroke,997.1585,5105.5913,7.0,17.5,1461.3038
4,stroke,998.427,4483.8594,25.5,37.5,711.675
7,stroke,998.427,11769.802,5.0,48.0,514.4981
8,stroke,998.427,1500.8596,42.5,42.5,389.15656
9,stroke,998.427,3905.0745,23.0,37.5,1054.0555
11,stroke,998.427,9024.6,17.0,31.5,996.8181
2,stroke,999.8425,2762.8792,47.5,48.5,554.2985
4,stroke,999.8425,3409.5266,42.5,43.0,785.6487
7,stroke,999.8425,14742.061,7.0,47.0,1535.7349
11,stroke,999.8425,7699.326,14.5,26.5,1407.4352
2,stroke,1000.8555,4582.816,5.0,20.5,425.91867
4,stroke,1000.8555,2724.9883,5.5,25.5,534.0381
7,stroke,1000.8555,7207.776,5.0,15.5,714.82916
8,stroke,1000.8555,2641.2715,11.5,15.0,616.3927
9,stroke,1000.8555,4201.0127,8.0,23.5,1006.2391
2,stroke,1002.0305,35031.645,6.0,19.0,850.92145
4,stroke,1002.0305,38663.547,5.0,20.5,1153.451
7,stroke,1002.0305,14162.557,5.0,21.0,709.54785
8,stroke,1002.0305,35074.16,5.0,21.0,420.5108
9,stroke,1002.0305,24096.402,5.0,20.5,1337.3102
11,stroke,1002.0305,16744.035,8.0,50.0,1725.3401
4,stroke,1005.3995,2891.8677,9.5,37.5,588.56415
7,stroke,1005.3995,12327.455,5.0,15.0,996.1333
8,stroke,1005.3995,2293.8403,5.0,18.0,388.4595
9,stroke,1005.3995,2974.9158,5.0,36.5,789.5797
2,stroke,1006.349,2308.1055,6.5,28.0,493.88235
4,stroke,1006.349,3044.6633,,29.0,926.96356
7,stroke,1006.349,38223.766,5.0,18.5,1608.1423
8,stroke,1006.349,7521.1055,8.5,35.0,503.45914
11,stroke,1006.349,7201.314,7.5,16.5,2398.03
2,stroke,1007.7115,35773.72,5.0,18.5,562.7805
4,stroke,1007.7115,35736.918,5.0,20.5,670.18005
7,stroke,1007.7115,16427.438,5.0,21.0,789.52606
8,stroke,1007.7115,34581.758,5.0,20.5,376.2565
9,stroke,1007.7115,12479.409,5.0,20.5,1356.0166
11,stroke,1007.7115,15656.051,5.0,18.5,3788.2341
4,stroke,1008.89,3517.7341,,50.0,1125.5714
7,stroke,1008.89,6959.504,5.0,15.0,1810.3934
11,stroke,1008.89,8965.48,21.0,28.0,1890.405
4,stroke,1010.606,3341.5657,7.0,20.0,709.1264
7,stroke,1010.606,13065.902,5.0,31.5,1333.1317
8,stroke,1010.606,3980.9385,46.5,50.0,662.4542
9,stroke,1010.606,3667.0151,15.5,30.5,678.42914
11,stroke,1010.606,13611.263,6.5,32.5,1355.188
2,stroke,1012.0445,2320.2705,5.0,48.0,435.09903
4,stroke,1012.0445,5838.8906,8.5,21.5,1129.9357
7,stroke,1012.0445,8295.885,20.0,30.0,1351.558
8,stroke,1012.0445,3703.04,12.0,20.5,554.6083
9,stroke,1012.0445,4969.145,6.0,23.5,525.35046
2,stroke,1013.36,3084.5918,30.0,36.0,948.99176
4,stroke,1013.36,7611.335,25.0,34.5,992.8956
7,stroke,1013.36,3400.882,5.0,19.0,1119.3578
8,stroke,1013.36,7356.499,7.0,15.0,417.40347
4,stroke,1014.932,6120.7886,14.0,15.0,1149.2959
7,stroke,1014.932,6503.6226,5.0,27.5,1558.768
9,stroke,1014.932,4775.398,5.0,50.0,902.16034
11,stroke,1014.932,18379.994,14.0,47.5,2457.4285
2,stroke,1015.936,2336.066,,18.5,721.186
7,stroke,1015.936,7378.408,5.0,22.0,805.96906
8,stroke,1015.936,3452.628,6.5,46.0,924.2851
9,stroke,1015.936,4170.5435,6.0,16.0,1225.2976
11,stroke,1015.936,10025.922,,44.0,2841.8335
2,stroke,1016.889,2899.7793,,19.0,869.79474
4,stroke,1016.889,2468.1372,32.5,32.5,587.33356
7,stroke,1016.889,7973.698,5.0,15.0,1367.4163
9,stroke,1016.889,5704.501,5.0,15.0,1646.413
11,stroke,1016.889,6061.2627,8.0,21.0,1081.6653
4,stroke,1018.4745,2947.974,,50.0,639.40356
7,stroke,1018.4745,4613.179,5.0,41.0,865.1907
2,stroke,1019.684,3811.9065,5.0,15.0,460.07535
4,stroke,1019.684,5610.719,,19.0,1321.8035
8,stroke,1019.684,1990.0411,8.0,21.0,538.7904
9,stroke,1019.684,5319.574,29.0,30.5,1460.2068
11,stroke,1019.684,16364.162,48.0,50.0,3597.5652
2,stroke,1020.871,2921.146,,29.0,731.1624
4,stroke,1020.871,2501.233,7.0,43.5,790.0778
7,stroke,1020.871,6434.373,5.0,15.0,1047.8634
8,stroke,1020.871,1643.0,11.5,41.0,403.97232
11,stroke,1020.871,7416.131,5.0,50.0,1832.2903
2,stroke,1022.194,35487.44,6.5,19.5,367.3076
4,stroke,1022.194,32986.5,5.0,21.5,1372.996
7,stroke,1022.194,22858.094,5.0,22.0,615.914
8,stroke,1022.194,43533.312,5.0,21.5,344.25598
9,stroke,1022.194,16173.216,5.0,21.0,836.8457
11,stroke,1022.194,14983.296,21.0,22.5,3735.878
2,stroke,1024.574,1898.3188,26.5,41.5,631.4952
7,stroke,1024.574,6062.182,5.0,15.0,1349.0151
8,stroke,1024.574,1764.8464,,31.5,468.43362
4,stroke,1025.426,2849.666,47.5,47.5,600.4681
9,stroke,1025.426,4594.2896,8.0,17.5,824.00684
2,stroke,1026.3905,3083.127,14.5,15.5,382.7025
4,stroke,1026.3905,3905.9165,35.0,36.0,940.2561
7,stroke,1026.3905,5402.373,5.0,15.0,817.3278
8,stroke,1026.3905,1996.6006,18.0,28.5,356.1527
11,stroke,1026.3905,5921.3657,,34.0,1885.1492
2,stroke,1029.135,3101.3022,22.5,33.0,633.933
4,stroke,1029.135,4424.794,6.5,32.5,664.306
7,stroke,1029.135,10375.514,5.0,19.5,815.30396
8,stroke,1029.135,1417.3152,7.5,37.5,307.52356
2,stroke,1030.6125,3140.9133,30.5,43.5,788.519
4,stroke,1030.6125,2015.7161,8.0,42.5,632.1975
7,stroke,1030.6125,5621.0195,5.0,30.0,1182.4326
8,stroke,1030.6125,2434.192,,16.5,629.48553
9,stroke,1030.6125,3419.8418,32.5,40.0,1049.9667
11,stroke,1030.6125,5369.7617,5.0,48.5,1318.4938
2,stroke,1031.6935,2107.268,14.0,27.0,694.2727
4,stroke,1031.6935,3888.4907,,23.0,1244.1323
7,stroke,1031.6935,6435.984,5.0,47.0,621.3276
9,stroke,1031.6935,3596.7554,5.0,23.5,612.8252
11,stroke,1031.6935,8816.61,18.5,20.0,1230.579
2,stroke,1032.5095,1843.6077,5.0,15.0,405.34177
4,stroke,1032.5095,4745.18,,48.5,1544.2131
7,stroke,1032.5095,7064.7744,5.0,19.5,1411.6383
8,stroke,1032.5095,1649.6238,8.5,38.5,444.3984
9,stroke,1032.5095,4885.8774,,40.0,1473.7571
2,stroke,1033.6345,2726.8022,5.0,19.5,406.68237
4,stroke,1033.6345,5919.428,25.5,39.5,1117.339
7,stroke,1033.6345,8656.503,5.0,15.0,1430.075
9,stroke,1033.6345,7335.0967,14.0,23.0,1072.4072
4,stroke,1034.6605,6002.1177,11.0,36.5,1178.039
7,stroke,1034.6605,4032.579,5.0,15.5,993.1348
8,stroke,1034.6605,2049.7952,,47.5,459.36865
9,stroke,1034.6605,4733.3525,10.5,39.5,769.309
2,stroke,1035.52,2347.3154,5.0,35.0,437.92072
4,stroke,1035.52,3883.9238,35.5,35.5,629.4233
7,stroke,1035.52,6443.0254,5.0,16.5,1032.0892
8,stroke,1035.52,4712.7417,5.5,25.5,679.4636
9,stroke,1035.52,5882.514,5.0,15.0,709.2683
11,stroke,1035.52,7631.066,21.0,24.0,1593.3037
4,stroke,1036.341,6385.882,22.0,22.0,1509.179
7,stroke,1036.341,7947.992,5.0,15.0,655.54877
11,stroke,1036.341,11968.355,15.0,17.0,1388.0565
2,stroke,1037.5655,2906.7903,5.0,16.0,716.77673
4,stroke,1037.5655,7574.109,8.5,17.0,1479.2806
9,stroke,1037.5655,5548.5063,14.0,33.5,1366.7949
11,stroke,1037.5655,9821.713,5.0,22.5,1642.0115
2,stroke,1039.15,2303.5874,5.0,29.0,311.11426
4,stroke,1039.15,5504.4443,,26.0,1340.8546
8,stroke,1039.15,1817.1034,,47.0,594.5608
9,stroke,1039.15,6469.1147,28.0,43.0,1492.5549
2,stroke,1040.257,2034.2925,5.0,34.5,491.76382
7,stroke,1040.257,8471.285,5.0,15.0,1160.736
9,stroke,1040.257,5130.003,30.5,31.5,1114.7722
4,stroke,1041.6405,4055.5146,8.0,47.0,887.37225
7,stroke,1041.6405,3883.6387,5.0,20.5,853.09296
8,stroke,1041.6405,2246.9954,22.0,42.5,437.15842
9,stroke,1041.6405,6461.155,5.0,19.5,849.06335
11,stroke,1041.6405,5270.804,5.0,17.5,1226.2664
2,stroke,1042.5325,5282.3877,5.0,26.0,395.11456
7,stroke,1042.5325,8527.814,5.0,18.0,561.81165
8,stroke,1042.5325,7172.231,9.0,23.0,442.85852
11,stroke,1042.5325,11040.918,46.0,50.0,1632.3558
2,stroke,1045.455,2450.6885,21.5,21.5,531.2108
4,stroke,1045.455,4067.001,11.0,16.0,954.8789
7,stroke,1045.455,4087.017,5.0,45.5,1091.7582
8,stroke,1045.455,1716.4103,9.0,15.5,447.008
9,stroke,1045.455,3807.2861,9.5,16.5,1081.0804
11,stroke,1045.455,14659.34,17.0,35.5,2109.069
2,stroke,1046.488,2807.021,,48.0,883.00006
7,stroke,1046.488,5253.685,5.0,44.0,827.7872
9,stroke,1046.488,4391.1426,16.5,25.5,1054.9637
11,stroke,1046.488,12804.74,10.5,20.5,3205.0305
2,stroke,1047.8855,1767.2861,26.0,27.0,413.13412
4,stroke,1047.8855,5581.3027,5.0,17.0,920.1151
7,stroke,1047.8855,3595.6853,5.0,16.5,848.766
8,stroke,1047.8855,1428.3008,,20.5,459.08087
9,stroke,1047.8855,3876.8706,22.5,23.0,1122.3273
11,stroke,1047.8855,4073.7153,,37.0,1126.6099
2,stroke,1050.122,3284.2988,25.5,30.5,447.83792
4,stroke,1050.122,4025.2847,6.5,49.5,919.3428
7,stroke,1050.122,7366.951,5.0,15.0,532.393
9,stroke,1050.122,2480.7817,,49.5,667.3468
11,stroke,1050.122,9100.328,39.0,47.5,2000.312
7,stroke,1051.944,5687.7046,5.0,15.0,1042.0985
9,stroke,1051.944,3139.2646,5.0,24.5,939.32007
11,stroke,1051.944,6153.383,31.0,39.5,1723.445
4,stroke,1053.0345,7387.5713,12.5,19.5,1889.941
11,stroke,1053.0345,13365.902,5.0,17.5,1415.2843
4,stroke,1054.044,6023.4414,22.5,47.0,964.4495
7,stroke,1054.044,7886.0806,5.0,17.0,1065.1176
8,stroke,1054.044,2602.3633,17.0,50.0,498.40405
9,stroke,1054.044,5202.6807,17.5,18.5,1064.0735
11,stroke,1054.044,9671.652,13.5,23.0,2215.1619
7,stroke,1055.523,3757.8328,5.0,15.0,1085.3625
9,stroke,1055.523,5828.115,13.0,24.5,901.2918
11,stroke,1055.523,6261.1104,5.0,47.5,1662.9702
4,stroke,1057.0345,3730.8303,21.0,21.5,533.469
7,stroke,1057.0345,4882.5317,5.0,40.0,1044.4023
11,stroke,1057.0345,96449.875,7.5,25.5,16547.95
2,stroke,1058.0915,2009.9567,16.0,17.5,297.25476
4,stroke,1058.0915,5708.7373,7.0,18.5,952.09235
7,stroke,1058.0915,6764.605,5.0,29.0,1118.9818
8,stroke,1058.0915,2274.8494,20.5,21.5,433.3274
9,stroke,1058.0915,3897.428,,36.5,1003.36615
11,stroke,1058.0915,13196.047,5.0,50.0,2237.2566
2,stroke,1059.1465,2157.5952,5.0,45.5,692.03656
4,stroke,1059.1465,4872.4844,41.0,41.5,1004.34174
7,stroke,1059.1465,15674.874,5.0,26.5,1573.1864
9,stroke,1059.1465,3955.6445,18.0,19.0,830.31366
2,stroke,1059.9875,3857.4558,19.0,43.5,433.52744
4,stroke,1059.9875,4777.618,21.0,23.0,1000.35065
7,stroke,1059.9875,4334.227,5.0,15.0,947.83984
8,stroke,1059.9875,2214.2598,17.0,17.5,475.90796
2,stroke,1061.4705,3684.6694,40.5,45.0,643.18146
4,stroke,1061.4705,2770.6216,9.0,21.5,609.20325
7,stroke,1061.4705,7875.2617,5.0,15.5,899.47046
9,stroke,1061.4705,6388.5835,11.0,15.0,929.2156
11,stroke,1061.4705,37291.145,28.0,50.0,3282.5193
7,stroke,1062.3885,6357.186,5.0,27.0,1523.8866
8,stroke,1062.3885,3272.1948,43.5,43.5,711.15643
11,stroke,1062.3885,27511.559,23.5,33.5,4174.0835
2,stroke,1063.8335,2096.3413,5.0,47.0,409.09027
7,stroke,1063.8335,6123.912,5.0,15.0,947.71063
8,stroke,1063.8335,3054.5532,26.5,37.0,613.5265
2,stroke,1068.655,3747.836,5.0,19.0,534.5628
4,stroke,1068.655,2665.459,,44.0,688.0918
8,stroke,1068.655,3095.7578,21.5,40.0,448.08145
9,stroke,1068.655,6129.208,25.0,48.5,896.96936
11,stroke,1068.655,12956.233,44.0,44.5,3896.937
4,stroke,1069.7725,6076.2607,32.5,49.0,653.04364
7,stroke,1069.7725,10520.05,5.0,30.5,2801.1824
8,stroke,1069.7725,2778.641,26.5,26.5,523.9076
9,stroke,1069.7725,5569.293,35.0,36.5,962.6197
11,stroke,1069.7725,8827.301,10.0,20.5,916.15533
2,stroke,1070.6395,3580.5825,25.0,25.5,942.0996
4,stroke,1070.6395,4223.3525,8.5,37.0,539.7987
7,stroke,1070.6395,11283.643,5.0,18.5,585.9075
8,stroke,1070.6395,2210.546,22.5,23.0,524.18396
9,stroke,1070.6395,4836.5635,39.0,45.0,781.04004
11,stroke,1070.6395,7890.818,9.0,40.0,2246.2524
2,stroke,1071.4405,1946.1929,29.0,36.0,413.35498
4,stroke,1071.4405,3796.1704,15.0,15.0,958.23615
7,stroke,1071.4405,75658.09,33.5,34.5,12617.477
8,stroke,1071.4405,2677.401,37.5,38.0,549.52075
11,stroke,1071.4405,10655.883,18.5,28.5,2605.09
4,stroke,1075.3935,5886.662,26.5,33.0,1378.0398
7,stroke,1075.3935,4568.838,5.0,17.5,1166.0217
8,stroke,1075.3935,1963.6235,20.5,27.5,428.176
9,stroke,1075.3935,4075.2263,39.0,44.0,835.1026
11,stroke,1075.3935,11335.848,5.0,32.0,944.72345
2,stroke,1076.242,19411.203,5.0,18.5,370.46954
4,stroke,1076.242,43703.42,5.0,21.0,651.4198
7,stroke,1076.242,23959.904,5.0,20.5,1199.7719
8,stroke,1076.242,35148.992,5.0,20.5,643.55206
9,stroke,1076.242,10736.645,5.0,20.0,863.765
11,stroke,1076.242,21982.324,6.0,22.0,2543.354
4,stroke,1077.262,2903.347,18.5,33.0,649.4203
7,stroke,1077.262,8680.43,5.0,15.0,836.32874
9,stroke,1077.262,3990.4258,14.5,21.0,684.8469
11,stroke,1077.262,10575.206,18.5,19.0,2305.0999
2,stroke,1078.5615,1734.4358,6.0,22.0,389.85052
4,stroke,1078.5615,4373.35,,47.5,1330.874
9,stroke,1078.5615,3820.3252,5.0,49.5,1106.6997
11,stroke,1078.5615,10628.391,34.0,34.5,2247.6804
4,stroke,1079.957,2861.2666,,29.5,738.2592
7,stroke,1079.957,8289.034,5.0,16.5,853.9424
8,stroke,1079.957,2483.6816,36.0,36.5,528.4019
9,stroke,1079.957,4943.844,25.5,38.5,909.54364
4,stroke,1080.8975,2626.2905,5.0,35.5,677.8939
7,stroke,1080.8975,3677.082,5.0,17.5,774.9316
8,stroke,1080.8975,4188.828,20.0,37.5,485.99976
9,stroke,1080.8975,3591.9111,5.0,40.0,534.688
11,stroke,1080.8975,7648.8325,,39.0,2369.9038
4,stroke,1082.106,6789.23,5.5,42.5,1103.3822
7,stroke,1082.106,7060.233,5.0,15.0,717.1011
8,stroke,1082.106,1655.4938,13.0,31.0,369.54538
9,stroke,1082.106,6322.21,7.5,28.5,977.0888
11,stroke,1082.106,12250.867,,38.5,3785.7925
2,stroke,1083.2355,2337.5244,5.0,37.0,362.1898
4,stroke,1083.2355,5937.9243,5.0,15.5,1239.0624
7,stroke,1083.2355,6290.415,5.0,15.0,1886.7466
8,stroke,1083.2355,1936.1155,5.0,33.5,397.5829
11,stroke,1083.2355,5689.2334,6.5,34.0,834.17694
2,stroke,1084.276,2132.6687,5.0,20.0,502.00476
4,stroke,1084.276,3489.0647,5.0,22.5,762.535
7,stroke,1084.276,5025.184,5.0,44.5,1472.4185
8,stroke,1084.276,2453.2961,,44.5,538.36194
9,stroke,1084.276,2081.3574,5.0,32.5,442.15875
11,stroke,1084.276,5584.0625,17.0,23.5,1485.1068
2,stroke,1085.0775,14428.381,7.5,26.5,652.6997
4,stroke,1085.0775,25895.146,7.0,28.5,809.06244
7,stroke,1085.0775,13140.619,11.5,42.0,2757.414
8,stroke,1085.0775,23264.465,6.0,28.5,406.03757
9,stroke,1085.0775,7597.5244,7.0,15.0,685.81494
11,stroke,1085.0775,15451.279,8.5,26.5,2858.7334
2,stroke,1086.3935,25393.172,5.0,18.0,680.0691
4,stroke,1086.3935,39742.742,5.0,20.0,1262.8835
7,stroke,1086.3935,16263.458,5.0,37.0,886.36743
8,stroke,1086.3935,32810.492,5.0,20.5,460.65778
9,stroke,1086.3935,15755.008,5.0,20.0,1715.7677
11,stroke,1086.3935,21314.457,7.5,18.0,1796.276
2,stroke,1087.8145,3190.3284,35.5,40.0,900.434
7,stroke,1087.8145,6673.3125,5.0,15.0,1519.3055
11,stroke,1087.8145,8606.476,24.5,25.0,1885.0767
2,stroke,1088.8455,2615.5337,29.0,34.5,603.202
4,stroke,1088.8455,3438.3547,46.5,47.0,659.4273
7,stroke,1088.8455,9172.594,5.0,15.0,872.63837
8,stroke,1088.8455,5921.1797,22.5,27.5,612.1392
2,stroke,1089.6815,1885.8441,7.5,41.5,537.6582
4,stroke,1089.6815,8147.322,5.0,16.0,756.5299
7,stroke,1089.6815,5452.8887,5.0,19.0,1172.8007
9,stroke,1089.6815,4899.3945,29.5,30.0,1566.1031
11,stroke,1089.6815,35157.14,9.0,25.0,4556.694
4,stroke,1091.2755,6701.638,8.0,20.0,791.0636
7,stroke,1091.2755,6623.751,5.0,17.0,1150.1373
9,stroke,1091.2755,5107.6436,5.0,50.0,894.77075
2,stroke,1093.1535,2615.3254,17.0,38.0,503.7094
4,stroke,1093.1535,3695.275,6.5,26.5,926.3633
8,stroke,1093.1535,7747.423,17.0,24.0,474.09665
9,stroke,1093.1535,5624.6685,34.5,35.5,905.3131
11,stroke,1093.1535,9156.496,34.0,35.0,3020.3743
4,stroke,1094.6225,2469.6348,6.5,20.0,623.62933
7,stroke,1094.6225,4831.868,5.0,45.0,998.73285
8,stroke,1094.6225,1059.7802,,44.5,301.40466
11,stroke,1094.6225,5889.287,5.0,42.0,1593.56
2,stroke,1095.486,4306.173,44.5,45.5,975.9563
4,stroke,1095.486,3552.0205,14.0,15.0,1002.98975
7,stroke,1095.486,8214.207,5.0,15.5,982.45685
8,stroke,1095.486,8483.054,17.0,35.0,313.1623
2,stroke,1096.722,3793.7524,23.5,32.0,957.0484
4,stroke,1096.722,4319.108,10.0,15.5,753.0479
9,stroke,1096.722,5934.7876,5.0,16.0,1047.9652
2,stroke,1097.8685,2437.3052,50.0,50.0,762.6621
4,stroke,1097.8685,2551.008,,42.0,757.186
7,stroke,1097.8685,6293.8745,5.0,15.0,1065.2307
8,stroke,1097.8685,3180.829,5.0,38.5,592.49884
9,stroke,1097.8685,3460.7236,,47.0,996.5893
11,stroke,1097.8685,9160.127,37.5,40.5,1889.1262
2,stroke,1098.742,1771.221,44.5,45.0,395.93628
7,stroke,1098.742,3568.9053,5.0,42.0,691.21936
8,stroke,1098.742,3226.3423,47.0,48.0,867.6993
9,stroke,1098.742,4268.443,13.5,43.0,1190.6172
11,stroke,1098.742,11548.707,29.0,34.0,1808.6735
2,stroke,1099.925,2547.7097,,25.5,779.72
7,stroke,1099.925,14122.381,5.0,44.5,717.94604
11,stroke,1099.925,18682.99,5.0,15.0,1139.9171
4,stroke,1100.792,3718.1333,14.0,34.0,793.73346
7,stroke,1100.792,9574.748,5.0,21.0,1110.9719
8,stroke,1100.792,2363.1653,42.5,49.5,354.49197
11,stroke,1100.792,8672.487,,21.5,2813.3342
2,stroke,1102.466,2320.5347,49.0,49.5,561.33185
4,stroke,1102.466,2963.034,,19.5,931.14307
7,stroke,1102.466,6178.2495,5.0,19.5,1536.057
8,stroke,1102.466,2686.3506,39.0,50.0,361.15097
9,stroke,1102.466,5331.467,26.0,26.5,1092.9008
11,stroke,1102.466,21932.195,34.5,36.0,4983.1826
2,stroke,1104.798,3725.009,33.0,42.5,1126.0596
4,stroke,1104.798,4816.105,,37.5,1196.5112
7,stroke,1104.798,3218.8303,5.0,45.5,1059.9115
8,stroke,1104.798,1779.517,40.0,40.0,357.22757
9,stroke,1104.798,7339.1123,48.0,49.0,1410.2975
2,stroke,1106.1555,2255.543,39.5,46.5,722.8982
8,stroke,1106.1555,2575.6387,,50.0,858.0908
9,stroke,1106.1555,6313.768,,46.0,1774.9447
11,stroke,1106.1555,12825.988,,23.0,2855.5054
4,stroke,1107.197,4849.3525,,16.5,1214.0798
7,stroke,1107.197,3972.712,5.0,48.5,1107.8542
8,stroke,1107.197,8544.548,11.0,23.5,331.30563
9,stroke,1107.197,2539.2612,19.0,30.5,687.94403
11,stroke,1107.197,8800.2,13.0,25.5,2419.9238
7,stroke,1108.459,8300.373,5.0,17.0,1636.7273
8,stroke,1108.459,2553.5776,8.5,23.5,607.98236
9,stroke,1108.459,3708.9905,39.0,40.5,885.3985
2,stroke,1110.224,3462.48,8.5,50.0,319.979
4,stroke,1110.224,3335.241,,30.0,1109.7351
7,stroke,1110.224,7328.7983,5.0,30.0,1198.0198
8,stroke,1110.224,2310.3147,37.5,37.5,628.32623
11,stroke,1110.224,15132.652,14.5,47.5,2600.207
2,stroke,1111.941,2643.0361,5.0,47.5,738.4797
4,stroke,1111.941,4289.78,,44.0,1038.3334
7,stroke,1111.941,4524.91,5.0,19.5,1182.3304
4,stroke,1113.422,4949.0327,5.0,16.0,767.39825
7,stroke,1113.422,40422.68,5.0,18.5,695.3659
8,stroke,1113.422,8688.91,14.0,41.5,291.2955
9,stroke,1113.422,3450.0256,25.0,27.0,773.4764
2,stroke,1114.404,2189.5312,,39.5,708.8443
4,stroke,1114.404,4041.7432,,18.0,906.08563
7,stroke,1114.404,9650.59,5.0,16.5,710.69495
8,stroke,1114.404,1499.9288,19.0,19.0,346.28198
9,stroke,1114.404,3484.0698,5.0,16.0,674.1499
11,stroke,1114.404,30089.64,28.0,38.0,4694.1855
2,stroke,1115.313,1779.845,5.5,42.5,521.1016
4,stroke,1115.313,6142.161,,37.0,1982.8572
7,stroke,1115.313,4668.143,5.0,15.0,1508.8854
8,stroke,1115.313,1955.647,5.5,48.0,526.50275
11,stroke,1115.313,22616.484,,27.5,6763.6123
2,stroke,1117.921,3188.542,29.0,34.5,430.866
4,stroke,1117.921,5610.9424,39.5,40.0,1344.8105
7,stroke,1117.921,6394.597,5.0,17.0,1146.7792
8,stroke,1117.921,1903.9047,,37.5,588.6233
9,stroke,1117.921,5756.777,5.0,15.0,1589.5344
2,stroke,1118.7405,2017.222,40.0,50.0,589.9338
4,stroke,1118.7405,3121.2632,39.5,39.5,1027.6455
7,stroke,1118.7405,9568.465,5.0,30.0,925.7006
9,stroke,1118.7405,7180.7915,32.5,37.5,1004.8649
11,stroke,1118.7405,43736.81,5.0,47.5,9996.991
2,stroke,1119.615,3198.8113,35.0,48.5,626.1197
4,stroke,1119.615,6519.9604,5.0,17.0,770.85004
7,stroke,1119.615,6793.2207,5.0,15.0,1989.6918
8,stroke,1119.615,2309.997,15.0,46.0,434.33997
9,stroke,1119.615,7887.4214,33.5,44.0,876.53375
4,stroke,1121.0755,3740.3657,,33.0,1001.595
7,stroke,1121.0755,5810.2695,5.0,15.0,681.1253
8,stroke,1121.0755,2700.8413,20.0,33.0,849.8007
9,stroke,1121.0755,4410.4326,19.5,21.5,1134.4817
11,stroke,1121.0755,14267.642,10.0,16.0,2744.7778
2,stroke,1121.878,4208.8184,,40.5,1292.8228
4,stroke,1121.878,2412.246,,15.0,556.75183
9,stroke,1121.878,2526.66,12.5,41.5,774.62744
11,stroke,1121.878,8664.227,5.0,48.5,2674.9895
2,stroke,1122.959,2525.7375,13.5,27.0,529.7252
4,stroke,1122.959,5279.4873,48.0,49.5,724.38257
7,stroke,1122.959,4556.9697,5.0,43.0,561.22534
8,stroke,1122.959,44609.984,,19.0,10768.554
9,stroke,1122.959,14187.701,5.0,22.0,984.91815
11,stroke,1122.959,42754.484,25.5,34.5,10716.249
2,stroke,1123.9845,33334.73,5.0,18.5,327.87173
4,stroke,1123.9845,44059.707,5.0,21.0,994.7927
7,stroke,1123.9845,16285.293,5.0,21.0,1366.0222
8,stroke,1123.9845,45517.258,5.0,21.0,547.18
9,stroke,1123.9845,20267.648,5.0,20.5,849.46234
11,stroke,1123.9845,52376.832,14.5,21.5,12207.544
2,stroke,1126.1275,99382.09,23.5,25.5,1267.7339
4,stroke,1126.1275,118579.516,23.5,27.0,1281.3185
7,stroke,1126.1275,48982.367,5.0,27.5,1208.0361
8,stroke,1126.1275,124850.22,23.0,27.0,534.32965
9,stroke,1126.1275,49734.63,25.0,26.5,1946.7549
11,stroke,1126.1275,149520.53,6.0,42.5,17372.98
4,stroke,1126.933,4578.2305,22.0,23.0,601.5989
7,stroke,1126.933,5407.126,5.0,15.0,1578.3763
8,stroke,1126.933,2018.9327,5.0,17.0,362.16153
9,stroke,1126.933,4880.181,34.0,41.5,1185.3187
2,stroke,1128.0995,5322.6772,8.0,17.0,1023.1978
4,stroke,1128.0995,8938.278,8.5,16.0,2053.9375
7,stroke,1128.0995,14290.817,5.0,15.0,2236.166
8,stroke,1128.0995,3412.9602,5.0,49.5,473.75278
9,stroke,1128.0995,4086.5142,5.0,42.0,730.52136
11,stroke,1128.0995,11212.133,6.0,40.5,1403.2377
2,stroke,1129.52,33829.598,5.0,18.0,982.75006
4,stroke,1129.52,48617.78,5.0,20.0,1324.4625
7,stroke,1129.52,17207.047,5.0,20.0,1673.6311
8,stroke,1129.52,41135.46,5.0,20.0,1339.8042
9,stroke,1129.52,16055.276,5.0,19.5,945.02924
11,stroke,1129.52,33021.17,7.0,18.0,2120.981
2,stroke,1130.7385,3049.8098,32.0,32.5,623.31195
4,stroke,1130.7385,5740.5303,14.0,15.5,1252.6555
7,stroke,1130.7385,11641.289,5.0,17.0,1986.1136
9,stroke,1130.7385,4322.6987,11.0,25.0,414.79514
2,stroke,1131.585,3334.5806,32.5,50.0,954.0536
7,stroke,1131.585,10225.227,5.0,15.0,970.3222
8,stroke,1131.585,1834.4974,10.5,36.5,511.8654
11,stroke,1131.585,16250.939,15.0,18.5,2548.6194
4,stroke,1132.96,3460.9749,16.5,16.5,679.7082
7,stroke,1132.96,7263.981,5.0,15.0,1096.8053
8,stroke,1132.96,3913.6057,6.5,21.5,403.4832
9,stroke,1132.96,3233.709,24.0,35.0,885.23224
11,stroke,1132.96,12612.193,5.0,50.0,1735.2272
2,stroke,1134.23,3205.6145,10.5,23.0,780.97266
4,stroke,1134.23,10871.4795,43.5,43.5,2239.1418
7,stroke,1134.23,5478.91,5.0,15.0,984.08844
11,stroke,1134.23,13222.6,13.0,20.0,2214.8645
4,stroke,1135.9615,8709.293,29.0,29.5,1909.9323
8,stroke,1135.9615,5074.057,17.5,20.0,820.71814
9,stroke,1135.9615,6858.0083,17.5,18.5,1559.6002
11,stroke,1135.9615,15089.745,11.5,48.5,4115.2944
2,stroke,1137.778,29842.861,5.5,18.0,1067.0986
4,stroke,1137.778,41039.5,5.0,20.0,1046.0414
7,stroke,1137.778,15914.963,5.0,20.5,969.9484
8,stroke,1137.778,35941.957,5.0,20.0,587.20074
9,stroke,1137.778,12048.978,5.0,19.5,1431.8501
11,stroke,1137.778,31041.457,7.5,21.5,2640.7703
2,stroke,1138.662,10089.661,6.0,15.5,3022.9644
4,stroke,1138.662,8319.582,37.5,38.0,1447.5029
7,stroke,1138.662,5367.384,5.0,41.5,737.5197
8,stroke,1138.662,1739.5652,19.0,19.0,386.49417
9,stroke,1138.662,3643.4517,10.5,18.5,616.54663
11,stroke,1138.662,4777.177,,47.0,1391.4205
2,stroke,1139.67,49273.066,18.0,45.0,7124.2188
4,stroke,1139.67,44403.133,5.0,20.0,1971.2446
7,stroke,1139.67,25785.137,5.0,25.5,1373.4575
8,stroke,1139.67,33135.09,5.0,20.5,960.92786
9,stroke,1139.67,11493.875,5.0,19.5,1117.9633
11,stroke,1139.67,46562.1,7.0,18.0,2236.6487
2,stroke,1140.6555,1255.5386,48.5,48.5,337.20154
7,stroke,1140.6555,7681.659,5.0,24.0,1107.2119
9,stroke,1140.6555,3159.8218,19.5,24.0,575.0689
2,stroke,1141.7355,7010.6655,34.5,35.5,1088.7422
7,stroke,1141.7355,9396.606,5.0,15.0,718.4855
8,stroke,1141.7355,2642.712,,23.0,737.7232
9,stroke,1141.7355,3734.2046,,22.0,1076.4749
2,stroke,1143.216,1565.8706,5.0,30.0,443.77066
4,stroke,1143.216,2192.9734,9.5,40.0,522.86194
7,stroke,1143.216,15897.244,5.0,18.0,620.1612
11,stroke,1143.216,10806.319,5.0,21.5,1318.4929
2,stroke,1144.184,5618.482,,32.5,1346.8503
4,stroke,1144.184,5209.0854,,47.5,1593.3457
7,stroke,1144.184,8838.398,5.0,17.0,1351.2435
8,stroke,1144.184,9413.221,29.5,46.5,758.37555
9,stroke,1144.184,3554.378,5.0,15.0,727.7082
9,stroke,1144.994,3752.9788,12.0,19.5,709.75616
11,stroke,1144.994,9106.288,5.0,47.0,1555.5907
2,stroke,1145.8525,2718.0852,44.5,45.0,847.6623
4,stroke,1145.8525,2464.371,,40.0,552.56915
7,stroke,1145.8525,3470.85,5.0,44.0,993.7429
8,stroke,1145.8525,2965.344,6.5,20.5,619.0452
11,stroke,1145.8525,3892.4785,5.0,19.0,1088.4144
4,stroke,1147.66,4424.342,10.5,26.5,1110.1256
7,stroke,1147.66,5858.2695,5.0,42.5,657.58276
8,stroke,1147.66,6480.4585,5.0,24.5,677.2298
9,stroke,1147.66,4153.5244,13.5,41.0,1021.51556
4,stroke,1149.397,5478.8047,17.5,23.5,656.2738
7,stroke,1149.397,9307.845,5.0,44.0,878.77924
8,stroke,1149.397,2387.6245,22.5,48.0,673.05994
9,stroke,1149.397,4209.7114,10.0,17.0,1164.1006
11,stroke,1149.397,5447.294,5.0,18.0,1419.9353
2,stroke,1150.282,5112.611,,17.5,1347.932
4,stroke,1150.282,4556.685,38.5,38.5,1250.1498
7,stroke,1150.282,11923.049,5.0,19.0,1610.9951
8,stroke,1150.282,1665.9275,7.5,19.0,520.2572
9,stroke,1150.282,4402.652,,47.5,1140.3197
4,stroke,1151.173,6317.7354,,46.5,1711.6162
7,stroke,1151.173,4771.9756,,29.5,1387.0232
9,stroke,1151.173,4435.274,12.0,42.0,1173.504
11,stroke,1151.173,16565.812,13.5,48.0,1694.5599
4,stroke,1152.0335,2203.7285,,46.0,607.888
7,stroke,1152.0335,5289.4785,5.0,15.0,1208.657
8,stroke,1152.0335,2500.9084,5.5,36.0,400.90082
9,stroke,1152.0335,3962.6921,13.0,19.0,732.3329
11,stroke,1152.0335,11207.716,5.0,15.0,3330.2761
2,stroke,1153.7865,1492.104,29.0,47.5,480.07773
4,stroke,1153.7865,4002.551,,15.0,957.0446
7,stroke,1153.7865,10508.218,5.0,29.0,1352.1329
8,stroke,1153.7865,6476.7793,5.0,49.5,344.25372
9,stroke,1153.7865,2464.1846,5.0,34.0,655.33057
11,stroke,1153.7865,7459.7944,7.5,24.5,792.7182
7,stroke,1155.661,8115.7915,5.0,20.0,1193.856
8,stroke,1155.661,2145.9114,11.0,20.0,498.4137
9,stroke,1155.661,3535.2234,12.5,42.0,917.7991
2,stroke,1157.0855,5810.8833,21.0,23.5,1125.101
4,stroke,1157.0855,5596.842,35.0,35.0,1500.4321
8,stroke,1157.0855,1956.9202,44.5,44.5,419.10425
9,stroke,1157.0855,8311.604,,35.5,2291.784
11,stroke,1157.0855,7534.1133,5.0,41.0,2083.3396
9,stroke,1157.8865,5739.744,5.0,17.5,981.88306
11,stroke,1157.8865,8415.627,,17.5,2622.0537
4,stroke,1159.688,4368.1514,,30.0,1229.9137
7,stroke,1159.688,5534.494,5.0,34.5,1116.7761
8,stroke,1159.688,2436.3574,47.0,47.0,602.625
9,stroke,1159.688,4254.3086,12.0,38.0,591.15924
11,stroke,1159.688,6477.815,5.0,15.5,1588.7405
4,stroke,1160.7785,4874.2236,24.0,24.5,905.4529
7,stroke,1160.7785,45704.832,5.0,19.0,1173.8093
11,stroke,1160.7785,7028.368,,48.0,1983.4894
2,stroke,1161.656,5559.422,23.5,25.0,775.7077
4,stroke,1161.656,3316.3325,49.0,49.5,535.69934
7,stroke,1161.656,6387.089,5.0,22.5,773.6161
8,stroke,1161.656,2180.442,21.5,22.5,465.22333
9,stroke,1161.656,10744.972,28.0,49.5,1198.9229
4,stroke,1164.421,3578.3958,,15.0,1053.1849
7,stroke,1164.421,8319.799,5.0,16.0,1635.1658
8,stroke,1164.421,1874.3201,18.5,20.0,348.23727
9,stroke,1164.421,8251.545,49.0,50.0,1530.598
11,stroke,1164.421,7246.3564,5.5,38.0,984.3218
2,stroke,1167.9575,2267.9216,42.5,44.0,489.36282
7,stroke,1167.9575,10461.977,5.0,20.0,1193.0177
8,stroke,1167.9575,6777.6094,5.0,24.0,407.02798
2,stroke,1169.989,1315.1726,7.5,49.0,391.8009
4,stroke,1169.989,2779.1538,45.5,45.5,585.0808
7,stroke,1169.989,6007.1772,13.0,39.5,1513.2224
9,stroke,1169.989,3750.7842,5.0,26.0,953.70233
2,stroke,1173.01,56419.074,5.0,50.0,610.33936
4,stroke,1173.01,17700.104,48.0,49.5,795.59595
7,stroke,1173.01,15312.3,5.0,50.0,2309.4153
8,stroke,1173.01,25621.273,49.5,50.0,2119.6377
9,stroke,1173.01,15127.315,48.5,50.0,788.1826
11,stroke,1173.01,43692.77,8.0,50.0,2910.4622
2,stroke,1173.915,2534.7249,6.0,50.0,471.39938
4,stroke,1173.915,4481.417,27.0,48.0,627.7174
7,stroke,1173.915,6520.51,5.0,19.0,1144.0568
8,stroke,1173.915,1892.0027,33.0,33.0,552.86847
9,stroke,1173.915,3900.2456,5.0,19.0,704.07324
7,stroke,1175.0065,9638.85,8.0,16.0,713.7468
8,stroke,1175.0065,2748.1943,,47.0,813.95337
9,stroke,1175.0065,6051.543,5.5,50.0,1430.2902
11,stroke,1175.0065,15669.4795,5.0,15.0,3387.3113
4,stroke,1176.0945,5851.0176,37.5,50.0,717.23663
7,stroke,1176.0945,5768.4907,5.0,34.0,853.20056
8,stroke,1176.0945,3093.647,46.0,46.5,599.7972
11,stroke,1176.0945,7806.2427,28.5,36.5,2118.6018
4,stroke,1177.168,3593.6067,,28.5,821.4364
7,stroke,1177.168,6443.6504,22.0,22.5,1744.0671
8,stroke,1177.168,4998.4336,5.0,17.5,315.772
9,stroke,1177.168,4319.8384,20.0,32.5,1246.5175
11,stroke,1177.168,37350.01,22.5,24.0,12050.0625
2,stroke,1178.991,2676.1936,34.5,47.5,465.4478
4,stroke,1178.991,5282.8774,5.0,22.0,1071.4224
7,stroke,1178.991,5162.4863,5.0,27.5,845.06604
8,stroke,1178.991,2014.1888,48.0,48.5,329.41077
11,stroke,1178.991,12351.2,5.0,32.0,1084.2146
4,stroke,1181.023,3872.4324,5.0,25.0,884.68304
7,stroke,1181.023,8804.1,5.0,16.5,820.4536
9,stroke,1181.023,4851.204,5.0,40.0,807.11615
4,stroke,1183.6785,6093.356,36.5,48.0,1033.6077
7,stroke,1183.6785,3368.5547,5.0,25.5,917.849
8,stroke,1183.6785,4239.093,5.0,16.0,505.7887
2,stroke,1186.2185,27176.617,5.0,18.5,1322.9434
4,stroke,1186.2185,45621.035,5.0,20.5,1515.0095
7,stroke,1186.2185,71556.61,5.0,18.5,1796.0151
8,stroke,1186.2185,39925.516,5.0,20.5,688.36084
9,stroke,1186.2185,17112.932,5.0,20.0,598.5655
2,stroke,1187.1215,29795.93,5.0,18.5,547.06647
4,stroke,1187.1215,38736.867,5.0,20.0,623.65924
7,stroke,1187.1215,22163.168,5.0,22.5,956.4452
8,stroke,1187.1215,42199.645,5.0,20.0,550.97736
9,stroke,1187.1215,15514.461,5.0,20.0,1337.7599
11,stroke,1187.1215,30819.996,5.0,18.5,1714.3668
2,stroke,1188.585,1826.9988,,35.0,505.97284
4,stroke,1188.585,2855.4424,33.5,33.5,642.3961
7,stroke,1188.585,4429.9272,7.5,45.0,958.179
8,stroke,1188.585,5026.853,10.5,16.5,559.2016
9,stroke,1188.585,3169.5776,20.0,25.0,869.29626
11,stroke,1188.585,7200.4316,5.0,25.0,1909.3185
4,stroke,1189.884,4694.633,11.0,38.5,656.187
7,stroke,1189.884,13223.303,5.0,15.0,784.4067
8,stroke,1189.884,5035.7793,11.5,16.5,847.9849
9,stroke,1189.884,1730.6509,16.0,35.0,419.36597
2,stroke,1190.7145,30051.438,5.0,18.5,707.1952
4,stroke,1190.7145,47473.65,5.0,21.0,1431.2776
7,stroke,1190.7145,30797.543,5.0,22.0,1261.5953
8,stroke,1190.7145,45692.56,5.0,20.5,463.4029
9,stroke,1190.7145,14896.86,5.0,20.5,1349.2129
11,stroke,1190.7145,22404.684,5.0,18.5,1654.0992
2,stroke,1191.63,28152.625,5.0,19.0,272.12906
4,stroke,1191.63,49579.72,5.0,21.0,763.8757
7,stroke,1191.63,19893.482,5.0,21.5,1125.1364
8,stroke,1191.63,49513.383,5.0,20.5,569.3519
9,stroke,1191.63,14154.404,5.0,21.0,1543.1898
11,stroke,1191.63,33349.258,5.0,18.5,5520.468
2,stroke,1193.435,30251.836,5.0,17.5,542.16296
4,stroke,1193.435,53392.89,5.0,19.5,1423.3971
7,stroke,1193.435,39157.53,5.0,22.0,2235.7163
8,stroke,1193.435,41340.98,5.0,20.0,538.3628
9,stroke,1193.435,22172.193,5.0,20.0,1036.5216
11,stroke,1193.435,19284.178,17.0,17.5,2941.3137
2,stroke,1194.798,1963.1519,15.0,15.0,506.42712
4,stroke,1194.798,4749.0205,10.0,16.5,1280.6417
7,stroke,1194.798,7230.626,5.0,36.0,1458.2126
9,stroke,1194.798,2324.3472,33.0,34.0,492.1614
11,stroke,1194.798,11963.709,15.0,50.0,2111.6692
2,stroke,1195.736,23796.799,5.0,18.0,805.66736
4,stroke,1195.736,39787.75,5.0,20.0,1511.8856
7,stroke,1195.736,23664.686,5.0,22.0,2087.0852
8,stroke,1195.736,41257.78,5.0,20.0,798.04535
9,stroke,1195.736,15394.61,5.0,20.5,1242.0856
11,stroke,1195.736,22763.486,7.5,18.5,1608.2994
2,stroke,1196.555,2524.9565,25.5,29.5,491.95023
8,stroke,1196.555,2747.2693,12.0,46.5,420.2616
9,stroke,1196.555,5201.8115,5.0,21.5,720.0963
2,stroke,1197.874,3767.4033,23.0,41.5,373.86746
7,stroke,1197.874,3715.3584,5.0,21.0,777.6887
9,stroke,1197.874,3952.8875,,16.5,1035.8794
4,stroke,1199.9675,10645.411,34.5,39.5,1281.7977
7,stroke,1199.9675,6303.3438,5.0,23.0,598.3147
8,stroke,1199.9675,2987.103,,43.0,907.3902
2,stroke,1201.844,24568.72,6.0,18.5,825.312
4,stroke,1201.844,43642.73,5.0,20.0,658.8341
7,stroke,1201.844,21352.348,5.0,37.5,1114.2749
8,stroke,1201.844,36713.43,5.0,20.5,629.525
9,stroke,1201.844,15317.313,5.0,20.5,912.09784
11,stroke,1201.844,25627.406,8.0,18.5,2752.5784
4,stroke,1204.273,5857.796,40.5,41.5,1310.5883
7,stroke,1204.273,10403.25,5.0,22.0,1384.6532
9,stroke,1204.273,4660.519,,27.5,1422.913
4,stroke,1205.295,7709.521,15.0,18.0,1191.7877
7,stroke,1205.295,14070.264,5.0,16.0,1284.7587
8,stroke,1205.295,2692.4915,5.0,20.5,515.96173
9,stroke,1205.295,5741.128,6.5,50.0,1184.4069
11,stroke,1205.295,19223.822,35.0,45.0,2164.8374
2,stroke,1206.5085,5123.939,7.0,26.5,1218.8673
7,stroke,1206.5085,6477.6724,5.0,23.5,1758.482
8,stroke,1206.5085,2775.6152,35.5,36.5,416.4615
9,stroke,1206.5085,5033.4014,46.5,50.0,1179.0375
11,stroke,1206.5085,10896.36,,27.0,3413.3804
2,stroke,1208.247,2355.531,21.5,21.5,681.41724
4,stroke,1208.247,3959.9412,,42.5,1230.9546
7,stroke,1208.247,5418.1045,5.0,15.0,590.0127
2,stroke,1209.2055,2048.2236,5.0,25.0,498.0388
4,stroke,1209.2055,4279.4785,14.0,18.0,1076.8032
7,stroke,1209.2055,8790.343,5.0,20.0,1351.624
8,stroke,1209.2055,1976.0239,,25.5,499.60452
11,stroke,1209.2055,15111.845,5.0,19.0,2869.9922
2,stroke,1210.6015,2839.8218,,49.0,916.7683
4,stroke,1210.6015,4632.851,5.0,25.5,481.28833
7,stroke,1210.6015,8787.914,5.0,34.0,1068.5984
9,stroke,1210.6015,3621.2139,24.0,45.0,539.8861
2,stroke,1211.658,3706.3076,38.0,42.0,645.8062
4,stroke,1211.658,5686.0137,,30.0,1400.5066
7,stroke,1211.658,9371.009,5.0,16.5,1021.432
8,stroke,1211.658,4653.343,8.5,25.5,1121.1262
9,stroke,1211.658,3689.4583,5.5,30.5,660.9183
11,stroke,1211.658,14066.492,37.5,45.0,3406.0776
2,stroke,1212.566,1642.3905,28.0,29.5,385.62897
4,stroke,1212.566,3120.311,,33.0,920.6093
7,stroke,1212.566,8512.063,5.0,15.0,1012.2447
8,stroke,1212.566,3819.6035,25.5,37.5,994.67755
9,stroke,1212.566,3409.4177,37.5,37.5,959.0655
11,stroke,1212.566,7928.463,9.0,17.5,2605.355
2,stroke,1213.583,3815.6096,5.0,15.0,606.54425
4,stroke,1213.583,4686.8154,44.0,44.5,1092.9436
7,stroke,1213.583,7390.3916,5.0,29.5,887.3716
8,stroke,1213.583,5340.9844,10.0,22.0,639.3532
11,stroke,1213.583,7981.839,5.0,16.0,891.94653
2,stroke,1214.7535,1771.701,,26.5,505.08755
4,stroke,1214.7535,3386.6528,44.0,44.5,573.4105
7,stroke,1214.7535,6289.76,5.0,15.0,734.8257
8,stroke,1214.7535,5802.414,5.0,15.0,508.2746
9,stroke,1214.7535,5312.755,5.5,30.5,513.2934
11,stroke,1214.7535,5666.436,5.0,34.0,1044.2118
4,stroke,1216.8465,2952.1963,18.5,18.5,640.6607
7,stroke,1216.8465,12873.914,5.0,15.0,1740.6023
8,stroke,1216.8465,2108.3435,,43.0,635.87885
11,stroke,1216.8465,9102.216,32.0,47.0,1500.8507
2,stroke,1217.9225,2368.1812,13.5,24.0,531.59106
4,stroke,1217.9225,3069.2075,23.5,23.5,589.36176
7,stroke,1217.9225,7602.1104,5.0,20.5,1111.4875
9,stroke,1217.9225,2714.7104,7.0,23.0,732.945
11,stroke,1217.9225,10403.391,5.0,47.5,1238.1814
2,stroke,1219.28,3525.4883,30.0,32.0,482.526
4,stroke,1219.28,4134.862,,46.5,1337.2075
7,stroke,1219.28,9544.879,5.0,15.0,806.9707
8,stroke,1219.28,1665.4426,,33.0,521.82245
9,stroke,1219.28,2620.0728,,49.0,640.9808
2,stroke,1220.4925,26014.766,5.5,18.0,480.43738
4,stroke,1220.4925,47867.316,5.0,19.5,635.71234
7,stroke,1220.4925,21455.133,5.0,37.0,1195.3749
8,stroke,1220.4925,34419.22,5.0,19.5,454.91977
9,stroke,1220.4925,17369.717,5.0,20.5,744.26984
11,stroke,1220.4925,21196.22,7.5,18.0,2405.1506
2,stroke,1221.331,1968.9609,24.0,48.5,531.8547
4,stroke,1221.331,3017.6028,,40.0,686.21313
7,stroke,1221.331,9424.189,5.0,16.5,970.5241
11,stroke,1221.331,6213.8984,5.0,28.0,1902.7495
4,stroke,1222.3,2951.6895,5.0,36.0,695.3129
7,stroke,1222.3,5717.626,5.0,15.0,732.70386
8,stroke,1222.3,1922.5547,9.5,24.0,470.25458
9,stroke,1222.3,5833.5825,5.0,15.0,964.87115
11,stroke,1222.3,12718.549,17.5,24.5,1871.9194
2,stroke,1223.113,2858.955,9.0,16.0,718.41174
4,stroke,1223.113,4150.9297,24.5,25.5,612.6274
8,stroke,1223.113,2961.9692,7.0,21.0,559.3289
9,stroke,1223.113,4769.041,18.0,26.0,1246.826
11,stroke,1223.113,10492.126,42.0,43.5,2060.8647
2,stroke,1223.927,2901.9556,39.0,39.0,881.49744
4,stroke,1223.927,4762.39,20.0,34.5,734.46606
9,stroke,1223.927,3476.066,38.0,39.0,819.3508
11,stroke,1223.927,7690.62,6.5,33.5,2220.1787
2,stroke,1224.7565,28139.682,6.0,18.5,735.6449
4,stroke,1224.7565,53671.42,5.0,20.0,1209.5295
7,stroke,1224.7565,17974.762,5.0,37.0,613.49
8,stroke,1224.7565,47803.957,5.0,20.5,406.41144
9,stroke,1224.7565,18639.467,5.0,20.5,764.2302
11,stroke,1224.7565,16679.57,7.5,18.5,1465.5104
2,stroke,1227.205,25928.041,5.0,18.5,605.0328
4,stroke,1227.205,49372.523,5.0,19.5,522.03705
7,stroke,1227.205,20559.377,5.0,22.5,1750.4012
8,stroke,1227.205,39569.07,5.0,20.5,424.4775
9,stroke,1227.205,21664.547,5.0,20.5,2405.0151
11,stroke,1227.205,18775.877,15.0,15.5,2968.9526
2,stroke,1229.1935,5605.976,15.5,16.5,727.8152
4,stroke,1229.1935,4112.5693,35.5,35.5,1271.524
9,stroke,1229.1935,4108.985,23.5,49.0,611.39124
11,stroke,1229.1935,28395.45,,18.0,8020.1123
2,stroke,1230.442,2613.7786,5.0,44.5,573.6227
8,stroke,1230.442,2608.3816,,43.0,608.18854
9,stroke,1230.442,3600.372,20.0,44.0,1116.3545
11,stroke,1230.442,10567.073,,23.0,2989.3364
2,stroke,1231.788,29408.375,5.0,18.5,613.2714
4,stroke,1231.788,54770.21,5.0,20.0,618.4592
7,stroke,1231.788,16913.129,5.0,37.5,1171.2172
8,stroke,1231.788,48567.254,5.0,20.5,729.32214
9,stroke,1231.788,23287.93,5.0,21.0,1013.33563
11,stroke,1231.788,64177.918,5.0,20.5,1557.7076
7,stroke,1232.6055,6914.025,14.0,18.5,1580.0544
8,stroke,1232.6055,2025.1858,,29.5,549.9546
9,stroke,1232.6055,2159.874,35.5,36.5,683.13245
11,stroke,1232.6055,6738.329,8.0,50.0,1346.7303
2,stroke,1234.8295,1936.4178,,44.5,582.548
4,stroke,1234.8295,3709.8037,33.5,47.0,827.9712
7,stroke,1234.8295,14899.883,5.0,35.5,1136.2562
8,stroke,1234.8295,1853.1725,,15.0,584.0094
11,stroke,1234.8295,18529.922,17.0,21.5,4447.1694
4,stroke,1236.0355,4306.559,16.5,18.0,1403.6609
7,stroke,1236.0355,11591.616,5.0,15.0,951.6488
8,stroke,1236.0355,2102.4268,37.0,43.0,560.1935
9,stroke,1236.0355,3884.9048,13.0,21.0,1012.57794
4,stroke,1238.855,5343.2964,14.5,24.5,794.7215
7,stroke,1238.855,10361.054,5.0,31.0,1340.3073
8,stroke,1238.855,5277.3896,5.0,18.5,324.3499
9,stroke,1238.855,5105.316,21.0,40.5,648.74054
11,stroke,1238.855,8585.865,,34.5,1891.7367
2,stroke,1241.2925,2428.2024,,15.0,799.1322
4,stroke,1241.2925,2399.5679,11.5,33.5,622.0284
8,stroke,1241.2925,3424.7153,6.5,42.0,523.6795
9,stroke,1241.2925,6160.9126,12.5,17.0,1559.6974
11,stroke,1241.2925,13736.477,5.0,26.0,1421.1229
2,stroke,1242.5695,2318.4995,27.5,28.0,664.72833
7,stroke,1242.5695,6845.592,5.0,17.0,769.57086
8,stroke,1242.5695,2343.6719,10.5,48.5,532.32306
11,stroke,1242.5695,5066.5996,10.5,49.5,1669.3491
2,stroke,1243.707,2757.3975,49.5,50.0,695.2621
7,stroke,1243.707,7621.6484,5.0,20.0,1242.2932
9,stroke,1243.707,5229.505,10.0,50.0,787.27936
11,stroke,1243.707,7586.1636,21.5,22.5,2009.89
2,stroke,1245.7015,2191.9866,44.5,45.5,547.7135
7,stroke,1245.7015,7983.129,5.0,15.0,661.01953
8,stroke,1245.7015,1808.5854,24.0,24.0,343.10294
11,stroke,1245.7015,5064.6387,5.0,18.0,1041.2634
2,stroke,1247.579,2707.0532,5.0,48.0,476.1069
4,stroke,1247.579,2762.0784,8.5,34.0,704.00195
7,stroke,1247.579,4025.6782,16.5,30.5,1134.9116
11,stroke,1247.579,6201.0166,28.5,30.5,1538.9895
4,stroke,1248.7655,5419.991,,22.5,1791.7319
9,stroke,1248.7655,4799.8564,5.0,15.0,607.56744
2,stroke,1249.739,2504.767,15.0,31.5,464.41068
4,stroke,1249.739,2353.2031,,49.0,556.87067
8,stroke,1249.739,5300.4473,37.5,42.5,480.28418
9,stroke,1249.739,4510.3945,13.0,25.0,769.43506
11,stroke,1249.739,11577.016,22.0,38.0,2064.3613
7,stroke,1251.647,6340.5405,,39.0,2020.2448
8,stroke,1251.647,1567.6766,8.0,42.0,348.4767
9,stroke,1251.647,5364.306,,15.0,1313.2709
4,stroke,1252.9205,3070.5884,44.0,44.0,602.44574
9,stroke,1252.9205,2455.0952,5.0,42.0,557.4563
11,stroke,1252.9205,12647.467,,16.5,3572.6655
4,stroke,1254.654,10530.85,48.0,48.5,2719.1663
7,stroke,1254.654,4027.2083,7.0,17.5,1318.0028
2,stroke,1255.5575,2886.835,7.5,34.0,578.9277
4,stroke,1255.5575,2483.4028,6.0,34.5,775.9375
7,stroke,1255.5575,9547.59,5.0,15.5,2015.875
8,stroke,1255.5575,9558.913,10.0,27.0,433.0508
9,stroke,1255.5575,4137.704,5.5,31.5,854.9991
11,stroke,1255.5575,6443.967,5.0,15.5,1612.9587
2,stroke,1256.653,2120.9866,9.5,18.0,658.03326
4,stroke,1256.653,4343.907,30.5,43.5,684.51483
7,stroke,1256.653,4367.9165,16.0,34.5,778.00745
8,stroke,1256.653,1490.9862,,47.0,366.73047
4,stroke,1257.9075,4307.02,27.5,38.5,1018.7874
7,stroke,1257.9075,12976.051,5.0,15.0,1024.3401
11,stroke,1257.9075,8337.637,,26.5,2553.4255
2,stroke,1258.8795,2863.2854,21.5,43.5,388.5523
4,stroke,1258.8795,2324.662,,16.5,607.8781
7,stroke,1258.8795,6563.758,5.0,29.0,1338.0784
8,stroke,1258.8795,1685.2212,28.0,42.0,413.56552
11,stroke,1258.8795,7307.4214,15.5,43.5,1175.7
2,stroke,1259.9695,4224.621,33.5,48.0,329.27768
4,stroke,1259.9695,5925.8975,41.5,42.5,1150.7124
9,stroke,1259.9695,3848.934,15.5,28.5,1149.6996
11,stroke,1259.9695,6395.2524,,50.0,2086.1946
2,stroke,1261.0595,2352.5637,7.5,19.5,478.67102
4,stroke,1261.0595,3436.4746,5.0,22.5,865.3036
7,stroke,1261.0595,4237.139,5.0,15.0,1143.8546
9,stroke,1261.0595,4538.391,35.5,35.5,1329.2866
7,stroke,1263.217,4267.947,5.0,24.0,838.6999
9,stroke,1263.217,3733.0288,5.0,15.0,938.62396
2,stroke,1264.1135,3383.8704,22.5,43.0,361.6477
7,stroke,1264.1135,8301.427,5.0,15.0,1149.5818
8,stroke,1264.1135,4281.4785,5.0,43.0,813.7512
9,stroke,1264.1135,5561.8477,,17.5,1844.4893
4,stroke,1265.009,7041.4873,27.5,47.5,703.92645
7,stroke,1265.009,8268.049,5.0,15.0,2448.7805
11,stroke,1265.009,7321.413,25.0,43.0,2042.8119
2,stroke,1265.8995,3284.016,5.0,30.0,516.7165
4,stroke,1265.8995,3931.7349,5.0,32.5,926.3561
7,stroke,1265.8995,11361.271,5.0,45.5,1071.1924
8,stroke,1265.8995,2549.6504,23.0,23.5,351.8375
9,stroke,1265.8995,3354.337,5.0,23.0,710.3233
11,stroke,1265.8995,8097.634,6.5,42.0,1566.6377
4,stroke,1267.1555,4493.2305,37.5,44.5,862.18256
7,stroke,1267.1555,5328.154,5.0,45.5,1172.2158
8,stroke,1267.1555,2127.489,,25.5,475.64835
9,stroke,1267.1555,4502.7324,,28.0,1141.9446
11,stroke,1267.1555,8866.685,,15.0,2734.779
2,stroke,1269.28,2402.1475,9.0,46.5,447.48666
4,stroke,1269.28,3185.7695,9.5,49.5,704.23975
8,stroke,1269.28,3837.1133,20.0,20.5,721.0257
2,stroke,1270.2415,2667.7256,7.5,31.0,692.75397
4,stroke,1270.2415,2832.8606,,36.0,767.19305
7,stroke,1270.2415,6391.2534,5.5,17.0,1783.9282
8,stroke,1270.2415,1924.8884,7.5,31.5,274.39804
11,stroke,1270.2415,4650.175,5.0,22.0,1311.5452
2,stroke,1271.5955,2478.9788,41.5,47.0,455.63342
7,stroke,1271.5955,9712.272,5.0,16.5,1355.8135
8,stroke,1271.5955,5414.05,12.0,20.0,1284.206
2,stroke,1274.1525,2340.9683,5.0,47.5,299.08652
8,stroke,1274.1525,1560.8252,,49.0,372.82938
9,stroke,1274.1525,3512.601,6.0,43.0,552.19617
11,stroke,1274.1525,10226.731,25.5,45.5,1197.4469
2,stroke,1275.6255,1820.9849,32.0,37.5,525.5849
4,stroke,1275.6255,5350.162,34.5,35.0,1052.3593
7,stroke,1275.6255,9707.109,5.0,16.5,1765.6902
8,stroke,1275.6255,1043.9948,,30.0,322.35245
9,stroke,1275.6255,3157.1006,11.5,33.5,857.61914
11,stroke,1275.6255,10509.659,10.0,25.0,1653.6649
2,stroke,1276.8215,2589.1155,17.0,42.0,368.62918
9,stroke,1276.8215,3873.1357,18.0,19.0,578.8555
11,stroke,1276.8215,5768.0376,13.5,50.0,1131.998
2,stroke,1277.6535,2069.3198,31.5,43.5,514.81604
4,stroke,1277.6535,4152.928,38.0,38.0,1304.1469
7,stroke,1277.6535,5975.6797,15.5,17.5,635.59814
8,stroke,1277.6535,2184.2974,13.5,21.0,544.5862
9,stroke,1277.6535,3934.3892,9.0,45.5,738.57355
11,stroke,1277.6535,6352.784,5.0,15.5,1749.7974
4,stroke,1279.506,5386.173,,17.5,1431.1827
8,stroke,1279.506,1974.851,10.0,40.5,358.206
9,stroke,1279.506,6036.2124,10.5,21.0,1268.5199
2,stroke,1282.206,1544.2368,23.0,47.0,286.87213
8,stroke,1282.206,2660.1138,24.5,26.0,590.7687
11,stroke,1282.206,5219.4307,5.0,26.5,1646.7743
2,stroke,1284.107,4992.912,,35.0,1586.1277
7,stroke,1284.107,8055.925,5.0,19.5,844.2661
11,stroke,1284.107,7122.983,37.5,39.0,1830.2616
2,stroke,1284.9465,3682.6792,5.0,19.5,677.52124
4,stroke,1284.9465,5637.383,,39.0,1425.5005
7,stroke,1284.9465,12014.589,5.0,15.0,1317.8164
8,stroke,1284.9465,2130.396,29.5,29.5,560.6055
9,stroke,1284.9465,12346.254,7.5,50.0,877.6442
11,stroke,1284.9465,10368.488,5.5,40.5,2567.3655
7,stroke,1286.5455,6995.836,5.0,16.0,1270.81
8,stroke,1286.5455,3213.9873,14.5,18.5,401.62073
9,stroke,1286.5455,6589.9985,10.0,43.0,621.1819
11,stroke,1286.5455,4704.538,5.0,15.5,1193.61
2,stroke,1287.534,2755.735,5.0,34.0,342.15457
4,stroke,1287.534,6140.2266,31.5,31.5,1309.8835
7,stroke,1287.534,5015.6304,5.0,35.5,882.7677
8,stroke,1287.534,5686.2603,6.5,19.5,513.5125
9,stroke,1287.534,5186.791,15.0,47.5,573.8991
11,stroke,1287.534,10928.986,37.5,39.0,3417.2847
2,stroke,1288.368,6267.317,20.5,21.0,1030.7828
4,stroke,1288.368,11013.402,20.5,21.5,1144.7554
7,stroke,1288.368,9420.068,5.0,50.0,1493.572
11,stroke,1288.368,17004.285,18.5,21.5,3430.3005
2,stroke,1290.3905,2058.184,9.0,40.5,298.93887
4,stroke,1290.3905,5344.42,20.0,20.5,1308.7281
7,stroke,1290.3905,7543.924,5.0,15.0,1060.7692
8,stroke,1290.3905,3437.51,34.5,44.5,537.8815
11,stroke,1290.3905,7564.908,8.5,49.0,1415.61
2,stroke,1291.642,6184.187,10.5,26.5,1424.4606
4,stroke,1291.642,6622.5737,8.5,31.5,1150.109
7,stroke,1291.642,9046.958,5.0,15.5,1767.6372
8,stroke,1291.642,1729.4462,24.5,24.5,388.3835
9,stroke,1291.642,5568.0645,5.0,15.0,1202.5022
11,stroke,1291.642,92198.47,25.0,25.5,17367.271
8,stroke,1292.9015,3214.0156,5.5,15.0,599.2238
9,stroke,1292.9015,5215.0845,7.5,15.5,1187.2894
11,stroke,1292.9015,8434.775,5.0,16.5,1726.2296
2,stroke,1294.146,5241.155,,24.0,1460.6012
4,stroke,1294.146,6345.4434,29.5,22.0,1062.0868
7,stroke,1294.146,4902.607,5.0,30.0,934.1881
9,stroke,1294.146,5927.164,21.5,49.5,592.35974
11,stroke,1294.146,9055.471,,45.5,2676.3088
2,stroke,1294.979,19469.166,5.0,18.5,1001.56445
4,stroke,1294.979,21230.137,5.0,21.0,1220.5027
7,stroke,1294.979,11235.334,5.0,21.0,1135.5492
8,stroke,1294.979,16898.537,5.0,20.5,1419.5112
9,stroke,1294.979,8047.963,5.0,20.0,1312.0479
11,stroke,1294.979,15450.723,5.5,15.0,2986.071
2,stroke,1296.516,1875.9303,16.5,38.5,392.11902
4,stroke,1296.516,9402.2295,5.0,46.0,602.05225
7,stroke,1296.516,10599.703,28.5,30.0,2103.5676
2,stroke,1298.656,5515.951,8.5,43.5,1041.9723
7,stroke,1298.656,12580.211,5.0,15.0,2273.685
8,stroke,1298.656,1829.4437,11.5,32.0,579.94415
9,stroke,1298.656,9734.977,5.0,15.5,878.84796
11,stroke,1298.656,18791.82,9.0,41.0,3140.2385
4,stroke,1299.795,5092.534,20.0,21.0,989.37054
7,stroke,1299.795,5978.319,5.0,48.0,575.45526
8,stroke,1299.795,2795.2617,9.0,18.5,680.2639
9,stroke,1299.795,4520.052,5.0,41.5,643.51294
11,stroke,1299.795,8214.898,5.5,20.0,1998.5004
2,stroke,1301.026,22464.89,5.5,18.5,1115.9102
4,stroke,1301.026,15173.414,5.0,21.0,1274.5571
7,stroke,1301.026,10424.983,5.0,21.0,1041.0695
8,stroke,1301.026,18671.227,5.0,20.5,748.77356
9,stroke,1301.026,7641.467,5.0,21.0,1074.3776
11,stroke,1301.026,22486.346,5.0,18.0,4781.2397
2,stroke,1303.053,6719.8237,17.5,18.0,1303.0326
4,stroke,1303.053,9301.179,6.5,18.0,1073.8175
7,stroke,1303.053,6479.6123,5.0,17.5,699.0722
9,stroke,1303.053,2749.8882,16.5,17.0,723.3146
11,stroke,1303.053,19216.305,34.5,41.0,2667.1267
2,stroke,1304.925,4792.5293,,24.0,1038.1858
4,stroke,1304.925,5361.3916,5.0,32.0,1132.9899
7,stroke,1304.925,7124.6294,5.0,19.5,1895.5859
8,stroke,1304.925,4290.159,8.5,16.0,701.0881
9,stroke,1304.925,4028.3901,49.5,50.0,1126.0859
2,stroke,1305.898,3955.2188,36.5,37.0,693.7103
7,stroke,1305.898,14009.289,5.0,15.0,1326.5305
9,stroke,1305.898,3009.804,6.5,26.0,772.53125
2,stroke,1306.969,4514.458,,22.5,1274.9622
4,stroke,1306.969,6717.0073,12.5,48.5,983.919
7,stroke,1306.969,5105.42,5.0,50.0,1112.4427
9,stroke,1306.969,5237.755,6.5,20.0,561.80347
7,stroke,1308.0545,12965.101,8.5,15.0,2989.0652
9,stroke,1308.0545,4024.3,38.5,39.5,1192.4847
11,stroke,1308.0545,10463.141,16.0,27.0,1694.2802
2,stroke,1310.3485,22267.236,6.0,19.0,1067.5671
4,stroke,1310.3485,16939.75,5.0,21.5,969.3336
7,stroke,1310.3485,11414.326,5.0,21.0,647.2494
8,stroke,1310.3485,15131.205,5.0,21.0,2414.0833
9,stroke,1310.3485,11963.304,5.0,17.5,686.8816
11,stroke,1310.3485,28989.508,8.0,22.0,1911.997
2,stroke,1311.298,2188.2605,14.0,15.0,492.1667
4,stroke,1311.298,3355.482,35.0,35.5,579.7474
7,stroke,1311.298,4966.785,5.0,15.0,725.0693
8,stroke,1311.298,2943.8179,40.0,49.0,492.13013
9,stroke,1311.298,3918.9438,,17.0,1260.4589
11,stroke,1311.298,5552.2803,42.0,42.5,1847.7822
2,stroke,1312.126,21092.158,6.0,19.0,906.5872
4,stroke,1312.126,16306.849,5.0,21.0,1242.1312
7,stroke,1312.126,14386.691,5.0,21.5,1284.8256
8,stroke,1312.126,15810.298,5.0,21.0,776.6453
9,stroke,1312.126,7696.7324,5.0,21.0,832.9831
11,stroke,1312.126,33385.38,8.0,18.5,4231.9863
2,stroke,1313.431,7200.616,21.0,24.5,1006.35614
7,stroke,1313.431,6565.6826,,45.5,2106.5664
9,stroke,1313.431,3800.08,,42.0,1061.3156
11,stroke,1313.431,10267.998,5.5,18.0,2170.9312
2,stroke,1315.0525,20958.738,5.5,18.5,928.9729
4,stroke,1315.0525,19379.459,5.0,20.5,2153.8975
7,stroke,1315.0525,13063.48,5.0,17.0,2055.9075
8,stroke,1315.0525,16148.562,5.0,20.5,904.9049
9,stroke,1315.0525,8638.369,5.0,21.0,953.11255
11,stroke,1315.0525,32642.824,7.0,18.0,3343.0457
2,stroke,1316.736,12543.595,7.5,28.0,2014.0845
4,stroke,1316.736,5014.737,15.5,15.5,1059.377
7,stroke,1316.736,15103.989,5.0,16.0,1005.934
8,stroke,1316.736,2034.83,5.0,21.5,451.61642
9,stroke,1316.736,4167.907,5.0,15.0,1013.4579
2,stroke,1318.2595,4587.301,,19.0,1305.7441
4,stroke,1318.2595,4842.7407,40.5,41.0,1435.4034
7,stroke,1318.2595,3843.7673,5.0,46.5,1178.9398
8,stroke,1318.2595,1991.604,35.5,36.5,642.25397
9,stroke,1318.2595,4677.5024,5.0,18.5,969.08453
11,stroke,1318.2595,6636.0938,12.5,36.5,1555.5472
2,stroke,1321.3295,24013.898,5.0,18.5,941.2344
4,stroke,1321.3295,18482.945,5.0,20.5,1132.059
7,stroke,1321.3295,13111.84,5.0,21.5,815.21564
8,stroke,1321.3295,12019.058,5.0,21.0,455.58377
9,stroke,1321.3295,7620.902,7.5,17.5,1966.2878
11,stroke,1321.3295,29365.91,38.0,38.5,5529.4307
2,stroke,1322.152,2105.3574,14.5,24.0,515.8997
4,stroke,1322.152,3275.0083,,35.0,694.46954
7,stroke,1322.152,8031.534,5.0,15.0,817.8786
8,stroke,1322.152,3045.121,41.5,47.0,467.7143
9,stroke,1322.152,4286.4756,30.0,32.0,731.49774
11,stroke,1322.152,6073.9307,11.0,46.5,1127.0648
2,stroke,1323.3795,4878.542,44.5,50.0,1225.6304
4,stroke,1323.3795,6626.39,45.0,45.0,1733.0579
7,stroke,1323.3795,9015.418,5.0,16.0,856.57324
8,stroke,1323.3795,5206.967,41.5,49.5,496.40936
9,stroke,1323.3795,4906.0244,40.0,45.0,994.37946
11,stroke,1323.3795,6466.417,12.0,47.5,1814.5604
2,stroke,1324.3675,1754.7582,,48.5,468.71918
4,stroke,1324.3675,2665.0085,14.0,19.0,625.87805
7,stroke,1324.3675,7612.8145,5.0,33.0,1305.7993
8,stroke,1324.3675,2503.3037,7.0,45.5,555.1602
9,stroke,1324.3675,3208.166,20.0,24.5,690.8709
2,stroke,1325.7185,26544.965,6.5,19.0,1290.7555
4,stroke,1325.7185,21941.48,5.0,18.0,759.148
7,stroke,1325.7185,14737.738,5.0,18.0,1319.9008
8,stroke,1325.7185,15688.654,5.0,21.0,614.00024
9,stroke,1325.7185,8974.977,5.0,21.5,2413.67
11,stroke,1325.7185,24276.451,5.0,22.5,2631.5444
2,stroke,1327.835,5985.5234,45.0,46.0,1018.9053
4,stroke,1327.835,8504.705,5.0,49.5,840.6347
7,stroke,1327.835,4320.549,5.0,43.5,1116.4784
8,stroke,1327.835,2669.0344,15.5,17.5,477.23392
9,stroke,1327.835,3656.6484,5.0,15.5,641.25745
2,stroke,1329.1175,2247.82,12.0,45.5,535.7849
4,stroke,1329.1175,3903.4268,,31.0,1113.9258
7,stroke,1329.1175,8556.602,5.0,28.0,1552.3091
8,stroke,1329.1175,2849.019,6.5,15.5,583.1646
9,stroke,1329.1175,3735.8787,7.5,39.0,854.0452
11,stroke,1329.1175,14892.957,8.0,23.5,1089.2017
2,stroke,1329.918,5394.3594,37.5,38.0,945.28894
4,stroke,1329.918,7625.797,32.5,33.5,1728.3798
7,stroke,1329.918,602404.3,14.5,34.5,17097.062
11,stroke,1329.918,6282.4155,5.0,16.5,753.24695
2,stroke,1332.4775,23520.09,5.0,19.5,989.05
4,stroke,1332.4775,19295.816,5.0,22.0,665.4004
7,stroke,1332.4775,11130.834,5.0,21.5,1957.1693
8,stroke,1332.4775,19344.71,5.0,21.5,472.48364
9,stroke,1332.4775,5236.549,5.0,20.5,614.57556
11,stroke,1332.4775,26801.678,6.5,22.0,3118.707
2,stroke,1333.6555,1393.9543,5.0,24.5,335.61386
4,stroke,1333.6555,3578.1384,34.0,34.5,658.7519
7,stroke,1333.6555,5994.1494,35.0,43.0,1151.4924
8,stroke,1333.6555,2088.6135,7.5,21.0,463.75543
9,stroke,1333.6555,6844.585,17.5,31.0,754.70166
2,stroke,1334.6825,26510.402,6.0,19.0,1053.5543
4,stroke,1334.6825,20039.574,5.0,21.5,1218.7395
7,stroke,1334.6825,11814.281,5.0,17.5,1273.049
8,stroke,1334.6825,19578.963,5.0,21.0,1083.5947
9,stroke,1334.6825,6051.6045,5.0,21.0,1827.0077
11,stroke,1334.6825,26763.623,8.0,18.5,1860.6725
2,stroke,1336.018,6372.801,,21.5,1414.0991
4,stroke,1336.018,4210.3564,26.0,44.5,910.1219
7,stroke,1336.018,8102.101,24.0,25.5,2071.0447
8,stroke,1336.018,2105.9043,12.0,23.0,480.36798
9,stroke,1336.018,4302.9956,17.5,18.5,1212.6316
11,stroke,1336.018,7630.633,,22.5,2107.6792
2,stroke,1337.0655,27010.041,5.5,18.5,889.5187
4,stroke,1337.0655,24174.398,5.0,20.5,873.34906
7,stroke,1337.0655,14120.734,7.0,21.0,923.8949
8,stroke,1337.0655,19287.453,5.0,21.0,492.1919
11,stroke,1337.0655,28411.06,7.5,18.0,1874.542
4,stroke,1337.9935,2283.4238,10.5,29.5,535.5318
7,stroke,1337.9935,4350.401,5.0,38.5,1123.3759
8,stroke,1337.9935,1688.6117,,47.0,559.3756
2,stroke,1338.8535,5735.44,5.0,21.0,571.1737
4,stroke,1338.8535,5459.7373,8.0,50.0,1330.4792
7,stroke,1338.8535,5646.3145,5.0,16.0,846.0276
8,stroke,1338.8535,3784.8306,5.0,38.5,462.49896
9,stroke,1338.8535,6538.4907,38.5,40.0,1037.8286
2,stroke,1339.7475,2859.3132,6.0,17.5,451.9256
4,stroke,1339.7475,4111.85,39.0,39.5,680.7963
7,stroke,1339.7475,5915.741,5.0,19.0,1464.4421
8,stroke,1339.7475,2654.3154,32.0,33.0,557.4861
9,stroke,1339.7475,4603.814,5.0,21.0,963.5366
2,stroke,1340.877,1260.0408,,34.5,417.18878
4,stroke,1340.877,6239.5674,24.0,24.0,2063.3557
7,stroke,1340.877,4868.167,5.0,31.0,827.71075
9,stroke,1340.877,4230.0684,20.5,21.5,631.8035
11,stroke,1340.877,5296.1826,5.0,16.0,1613.6776
2,stroke,1341.718,7045.474,45.0,46.0,1024.2534
4,stroke,1341.718,4206.3027,18.5,34.0,466.31937
7,stroke,1341.718,6295.7773,5.0,15.0,1347.6257
9,stroke,1341.718,3622.6868,6.5,22.5,939.23816
2,stroke,1342.9665,2471.8186,15.0,27.5,504.22275
4,stroke,1342.9665,12876.963,13.5,21.0,1062.8413
7,stroke,1342.9665,5726.9795,5.0,16.0,1130.0422
9,stroke,1342.9665,2654.9172,24.0,25.0,598.3068
2,stroke,1344.956,9147.416,5.0,15.0,1346.339
4,stroke,1344.956,7925.8677,13.5,18.0,1076.6671
7,stroke,1344.956,15140.481,5.0,15.0,1696.7808
8,stroke,1344.956,15912.7295,12.0,15.0,2928.8796
11,stroke,1344.956,24947.492,44.0,46.5,4507.7983
2,stroke,1345.889,5928.479,47.5,48.5,1259.8942
4,stroke,1345.889,7289.662,9.0,27.0,787.1363
7,stroke,1345.889,6763.393,5.0,16.0,722.17084
9,stroke,1345.889,8957.541,9.5,31.0,1115.3326
11,stroke,1345.889,11430.394,24.0,24.0,2657.1438
2,stroke,1346.742,6866.208,14.0,15.0,1322.9104
4,stroke,1346.742,4977.8257,17.5,23.5,738.4675
7,stroke,1346.742,5445.115,5.0,31.0,1298.3531
8,stroke,1346.742,1752.5471,20.5,20.5,362.93948
9,stroke,1346.742,4441.783,,30.5,1073.9635
11,stroke,1346.742,12574.408,14.5,49.5,1763.5067
2,stroke,1348.6405,4860.6377,6.0,41.0,1125.7253
8,stroke,1348.6405,2205.3992,9.5,17.5,715.7783
9,stroke,1348.6405,7365.9316,16.5,26.0,1905.7268
11,stroke,1348.6405,18018.992,10.5,28.0,3824.2563
2,stroke,1349.63,6182.9463,12.5,47.5,1410.9004
7,stroke,1349.63,8267.118,5.0,47.0,1728.3019
8,stroke,1349.63,3301.3687,5.0,23.5,480.4599
9,stroke,1349.63,5512.4126,47.5,49.0,1735.8809
2,stroke,1352.2775,39356.855,42.0,42.5,5939.9365
4,stroke,1352.2775,3342.5825,18.5,24.0,803.1508
7,stroke,1352.2775,4039.0935,5.0,20.5,851.0013
8,stroke,1352.2775,2577.5952,5.0,38.5,793.8836
9,stroke,1352.2775,6233.1255,42.5,43.5,1251.972
11,stroke,1352.2775,13181.952,12.0,50.0,2348.21
4,stroke,1358.682,4728.1797,32.5,44.5,809.65875
8,stroke,1358.682,4043.4136,5.0,15.0,489.45206
11,stroke,1358.682,38381.582,6.0,15.5,10207.823
2,stroke,1363.9165,2008.8253,40.0,40.0,406.54413
4,stroke,1363.9165,11789.786,5.0,18.0,927.04407
7,stroke,1363.9165,10960.589,5.0,17.0,716.3898
9,stroke,1363.9165,4808.261,,29.0,1559.3169
11,stroke,1363.9165,10655.744,23.5,37.5,3018.8188
2,stroke,1366.6085,34131.67,5.0,19.0,412.02737
4,stroke,1366.6085,29430.002,5.0,21.0,508.22153
7,stroke,1366.6085,18832.61,5.0,21.5,681.59656
8,stroke,1366.6085,31680.363,5.0,20.5,664.8046
9,stroke,1366.6085,12958.126,5.0,20.0,942.6777
11,stroke,1366.6085,14093.597,8.0,22.0,2732.8164
2,stroke,1369.1535,30467.129,6.0,19.0,584.7469
4,stroke,1369.1535,25879.055,5.0,21.5,635.41833
7,stroke,1369.1535,17127.498,5.0,22.0,893.5509
8,stroke,1369.1535,18576.555,5.0,21.0,530.69275
9,stroke,1369.1535,11489.943,5.0,21.5,855.97314
11,stroke,1369.1535,15942.416,5.0,18.0,1740.6045
2,stroke,1371.2315,1860.276,49.0,50.0,392.92847
4,stroke,1371.2315,3860.369,43.5,43.5,1088.5874
7,stroke,1371.2315,36755.586,5.0,19.0,1190.2189
9,stroke,1371.2315,3085.0776,,24.5,892.7078
2,stroke,1372.142,32191.07,5.5,19.0,1179.4711
4,stroke,1372.142,41560.293,5.0,21.0,2038.6323
7,stroke,1372.142,22822.844,5.0,38.0,633.4157
8,stroke,1372.142,25032.844,5.0,21.0,519.9367
9,stroke,1372.142,15389.758,5.0,50.0,2285.4187
2,stroke,1376.7775,2282.4463,19.5,21.5,635.9863
4,stroke,1376.7775,3328.008,24.5,25.0,905.21545
7,stroke,1376.7775,210944.16,5.0,21.0,804.6732
8,stroke,1376.7775,3138.3188,25.5,26.0,680.38617
11,stroke,1376.7775,17786.566,45.5,46.0,4485.348
2,stroke,1377.8485,2973.061,14.0,18.5,462.91714
4,stroke,1377.8485,4515.0522,20.5,21.0,969.4812
7,stroke,1377.8485,4515.2686,5.0,18.0,1177.0242
11,stroke,1377.8485,8415.782,40.5,41.0,1983.1233
2,stroke,1380.3425,6231.5522,5.0,15.0,508.09036
4,stroke,1380.3425,8323.506,5.0,34.0,1060.7574
7,stroke,1380.3425,9740.723,5.0,15.0,1374.902
8,stroke,1380.3425,5697.1436,5.0,22.5,916.253
9,stroke,1380.3425,10566.968,5.0,47.5,986.75604
11,stroke,1380.3425,4350.2705,35.0,36.0,980.4649
2,stroke,1381.847,1901.7191,27.0,28.5,527.732
4,stroke,1381.847,5052.008,18.5,31.5,1420.9707
7,stroke,1381.847,8255.617,16.5,18.0,1328.4468
9,stroke,1381.847,2914.5906,14.5,44.5,960.3237
11,stroke,1381.847,9394.746,21.0,22.0,1539.505
2,stroke,1384.562,37833.395,5.5,19.0,435.30096
4,stroke,1384.562,46626.926,5.0,20.5,770.32715
7,stroke,1384.562,19070.262,5.0,21.0,708.44977
8,stroke,1384.562,41127.223,5.0,20.5,376.79254
9,stroke,1384.562,18942.352,5.0,20.0,2056.54
11,stroke,1384.562,48315.83,14.0,21.5,6759.6094
2,stroke,1387.516,1537.0088,21.5,37.0,451.04752
4,stroke,1387.516,2977.2969,9.5,44.5,544.22
7,stroke,1387.516,5439.0845,5.0,15.0,1165.6194
9,stroke,1387.516,3782.948,5.0,44.5,902.1932
11,stroke,1387.516,35951.242,17.0,23.0,10666.72
2,stroke,1388.3185,24221.568,5.5,29.5,679.094
4,stroke,1388.3185,37495.516,5.0,15.0,598.602
7,stroke,1388.3185,15947.461,5.5,15.5,686.3243
8,stroke,1388.3185,27541.63,5.0,15.0,389.74832
9,stroke,1388.3185,9040.55,12.0,15.0,1231.2161
11,stroke,1388.3185,17958.287,6.5,29.5,2864.2886
2,stroke,1389.414,1100.5244,,43.5,358.03955
4,stroke,1389.414,5733.422,31.0,47.5,885.63947
7,stroke,1389.414,10031.171,5.0,48.0,1392.511
11,stroke,1389.414,5593.103,24.5,31.5,1519.1045
2,stroke,1390.368,32942.727,5.0,19.0,473.80475
4,stroke,1390.368,30007.236,5.0,21.0,1278.4084
7,stroke,1390.368,17080.94,5.0,21.5,758.25757
8,stroke,1390.368,38271.633,5.0,20.5,523.6275
9,stroke,1390.368,15680.645,5.0,21.0,1544.0905
11,stroke,1390.368,19158.514,8.0,22.0,2550.904
2,stroke,1391.6025,1489.1631,30.0,30.5,362.57416
4,stroke,1391.6025,4336.932,33.0,37.0,645.9118
7,stroke,1391.6025,3376.9639,5.0,31.5,921.4736
8,stroke,1391.6025,5390.0166,42.0,50.0,777.4369
9,stroke,1391.6025,2519.8577,9.0,49.0,449.56458
11,stroke,1391.6025,6612.718,38.0,38.5,2146.35
2,stroke,1392.418,34343.406,5.5,19.0,1038.1959
4,stroke,1392.418,32241.188,5.0,21.0,565.35223
7,stroke,1392.418,20762.201,5.0,21.0,602.4158
8,stroke,1392.418,34921.926,5.0,21.0,496.82922
9,stroke,1392.418,14280.002,5.0,21.0,1105.1309
11,stroke,1392.418,17895.293,8.0,18.5,1568.642
2,stroke,1394.9385,35162.273,5.5,19.0,753.7005
4,stroke,1394.9385,29261.87,5.0,21.0,438.85336
7,stroke,1394.9385,19012.543,5.0,21.5,686.8512
8,stroke,1394.9385,27186.197,5.0,20.5,651.5526
9,stroke,1394.9385,13538.252,5.0,20.5,745.1088
11,stroke,1394.9385,19606.396,8.0,18.5,976.40955
2,stroke,1396.734,1636.5352,13.5,20.5,455.41205
4,stroke,1396.734,9305.258,21.5,25.0,1202.8048
9,stroke,1396.734,4738.6733,14.5,37.0,978.872
11,stroke,1396.734,11040.255,28.0,29.5,1408.6809
2,stroke,1397.787,1907.3181,9.5,31.0,569.2813
4,stroke,1397.787,3474.947,,18.5,903.5398
7,stroke,1397.787,35021.156,5.0,19.0,619.2898
8,stroke,1397.787,3101.3828,45.0,46.0,651.06415
9,stroke,1397.787,4768.8276,,44.0,1289.9141
11,stroke,1397.787,5264.423,24.5,41.0,977.5974
2,stroke,1399.2675,32897.324,5.0,19.0,481.00922
4,stroke,1399.2675,27511.93,5.0,21.0,546.4337
7,stroke,1399.2675,20167.668,5.0,21.5,1131.635
8,stroke,1399.2675,29571.297,5.0,20.5,429.41977
9,stroke,1399.2675,11064.4795,5.0,37.5,1324.4564
11,stroke,1399.2675,19777.217,8.0,18.5,2583.0447
2,stroke,1400.935,2907.7964,14.0,32.5,367.9433
4,stroke,1400.935,7869.3867,5.0,19.5,1482.7847
7,stroke,1400.935,32318.555,5.0,19.5,1161.344
8,stroke,1400.935,7009.5537,14.5,40.0,420.92645
9,stroke,1400.935,6507.154,5.0,50.0,1400.7362
11,stroke,1400.935,12945.088,12.0,26.0,2401.7622
2,stroke,1402.538,2695.6443,5.0,49.0,436.79056
7,stroke,1402.538,4255.936,16.0,17.5,935.4779
9,stroke,1402.538,3126.4146,16.0,18.0,917.42755
11,stroke,1402.538,9798.186,,15.0,2381.3232
2,stroke,1404.308,30214.186,5.5,19.0,443.5506
4,stroke,1404.308,28074.889,5.0,21.0,1045.1252
7,stroke,1404.308,19981.682,5.0,21.0,1260.6646
8,stroke,1404.308,32140.807,5.0,20.5,452.08762
9,stroke,1404.308,8413.203,5.0,38.5,1167.8209
11,stroke,1404.308,28142.576,11.5,18.0,4247.328
2,stroke,1405.1265,1239.7397,,26.0,405.19513
7,stroke,1405.1265,16825.818,48.0,48.0,3584.0913
9,stroke,1405.1265,4788.423,5.0,15.0,813.9073
11,stroke,1405.1265,6963.3394,32.5,32.5,1478.7249
2,stroke,1406.3605,3278.8118,5.0,45.0,381.22592
4,stroke,1406.3605,5284.957,7.5,18.0,1043.2861
7,stroke,1406.3605,3467.2695,5.0,18.0,886.81946
8,stroke,1406.3605,6945.0273,38.0,50.0,549.3659
9,stroke,1406.3605,4580.015,5.0,17.5,865.4437
11,stroke,1406.3605,11716.427,44.0,45.5,2447.67
4,stroke,1408.5165,3030.3499,,21.0,839.0653
7,stroke,1408.5165,4165.945,5.0,22.0,716.5703
9,stroke,1408.5165,4750.7656,46.0,46.5,1327.2592
2,stroke,1409.5765,1837.4185,15.5,26.0,349.66483
4,stroke,1409.5765,4589.373,37.5,40.0,610.80664
7,stroke,1409.5765,8358.233,5.0,44.0,1906.9191
8,stroke,1409.5765,2458.4902,5.5,46.0,511.11316
11,stroke,1409.5765,5464.7246,47.0,49.0,1475.4088
2,stroke,1411.85,1724.4438,40.0,41.5,545.32135
7,stroke,1411.85,7682.4575,5.0,15.0,1243.0679
9,stroke,1411.85,3718.095,5.0,15.0,953.3637
2,stroke,1413.017,34606.887,5.5,19.0,662.7898
4,stroke,1413.017,29766.348,5.0,37.5,852.6864
7,stroke,1413.017,16807.148,5.0,21.5,827.12384
8,stroke,1413.017,35351.703,5.0,20.5,2250.8286
9,stroke,1413.017,11635.954,5.0,20.5,1292.401
11,stroke,1413.017,12495.666,12.5,39.0,1103.3284
4,stroke,1415.073,4496.672,35.5,37.0,1398.2412
7,stroke,1415.073,7432.42,5.0,16.5,1519.1544
9,stroke,1415.073,3355.7952,,21.5,956.07697
2,stroke,1417.806,2554.6956,15.0,15.5,459.58316
4,stroke,1417.806,2527.3706,7.0,38.5,665.9885
7,stroke,1417.806,6138.08,5.0,31.0,737.19617
8,stroke,1417.806,1997.9935,8.0,15.0,547.2043
11,stroke,1417.806,8000.825,44.0,45.0,2219.489
2,stroke,1423.1665,1486.4922,17.5,32.0,332.3766
4,stroke,1423.1665,3514.5613,15.0,38.0,429.80844
7,stroke,1423.1665,9118.49,5.0,15.0,609.2802
8,stroke,1423.1665,2340.2202,45.5,45.5,541.96674
9,stroke,1423.1665,3769.08,,15.0,1141.3159
11,stroke,1423.1665,10286.962,18.0,32.5,1410.9843
2,stroke,1425.838,22255.887,5.5,18.5,601.51184
4,stroke,1425.838,30624.252,5.0,20.5,562.76526
7,stroke,1425.838,14918.756,5.0,21.0,1024.8746
8,stroke,1425.838,23621.11,5.0,20.5,672.9011
9,stroke,1425.838,10415.264,5.0,20.5,963.38226
11,stroke,1425.838,23122.46,6.0,38.0,2166.6423
2,stroke,1426.8245,22878.105,5.0,19.0,415.5473
4,stroke,1426.8245,31053.428,5.0,21.0,691.0942
7,stroke,1426.8245,12092.234,5.0,21.0,720.5117
8,stroke,1426.8245,23968.256,5.0,21.0,606.0626
9,stroke,1426.8245,6031.1387,5.0,38.0,632.90814
11,stroke,1426.8245,19808.066,6.5,18.5,987.2603
2,stroke,1428.6615,20616.285,5.0,17.5,625.2525
4,stroke,1428.6615,27862.15,5.0,19.0,770.1106
7,stroke,1428.6615,10879.23,5.0,19.0,714.45746
8,stroke,1428.6615,27159.588,5.0,19.0,533.3275
9,stroke,1428.6615,9550.086,5.0,19.0,944.88586
11,stroke,1428.6615,27589.398,6.0,16.0,1185.0123
2,stroke,1430.026,2396.4744,,38.5,756.5119
4,stroke,1430.026,2565.3923,13.5,16.5,795.166
9,stroke,1430.026,2189.0854,7.0,20.5,596.565
2,stroke,1432.9865,1945.0457,5.0,33.0,516.01526
7,stroke,1432.9865,4341.6426,5.0,16.5,642.83673
8,stroke,1432.9865,3144.0178,41.5,49.5,494.8391
9,stroke,1432.9865,4586.6455,5.0,18.5,930.08746
11,stroke,1432.9865,6374.085,5.0,15.0,1752.0167
2,stroke,1434.2935,23971.338,5.5,18.5,970.63165
4,stroke,1434.2935,23252.877,5.0,21.0,902.3798
7,stroke,1434.2935,11112.498,5.0,21.0,595.8116
8,stroke,1434.2935,23753.525,5.0,20.5,2048.4866
9,stroke,1434.2935,12696.208,5.0,20.5,805.72217
11,stroke,1434.2935,16917.078,26.5,32.0,3304.762
7,stroke,1435.5515,8551.411,5.0,20.5,1090.6577
8,stroke,1435.5515,1445.3707,5.0,30.5,382.1442
9,stroke,1435.5515,4129.297,,29.5,1375.5688
11,stroke,1435.5515,15413.676,6.5,50.0,2052.7256
2,stroke,1436.784,23788.693,6.0,19.0,681.5771
4,stroke,1436.784,25421.227,5.0,38.0,700.0099
7,stroke,1436.784,11360.783,5.0,20.5,827.4219
8,stroke,1436.784,23507.324,5.0,21.0,306.05392
9,stroke,1436.784,11364.916,5.0,20.5,1593.3373
11,stroke,1436.784,24335.844,8.0,18.5,2008.6923
2,stroke,1439.625,2519.688,28.0,40.5,423.16818
4,stroke,1439.625,5927.017,5.0,27.0,1255.0759
7,stroke,1439.625,8780.441,5.0,18.5,679.12415
8,stroke,1439.625,7527.8857,13.0,50.0,286.36707
11,stroke,1439.625,7052.287,18.0,24.0,1614.9963
2,stroke,1441.1075,25322.688,6.0,19.0,371.95477
4,stroke,1441.1075,22941.406,5.0,21.0,462.67032
7,stroke,1441.1075,13087.34,5.0,20.5,1314.0422
8,stroke,1441.1075,24833.783,5.0,21.0,374.573
9,stroke,1441.1075,8973.844,5.0,21.0,671.07587
11,stroke,1441.1075,14290.614,13.0,35.5,1579.6947
2,stroke,1443.3655,26410.533,5.5,19.0,581.5518
4,stroke,1443.3655,28851.273,5.0,20.5,553.6777
7,stroke,1443.3655,11512.628,5.0,16.5,607.55054
8,stroke,1443.3655,27148.865,5.0,20.5,276.6414
9,stroke,1443.3655,12104.414,5.0,20.0,1053.3955
11,stroke,1443.3655,16699.344,8.0,18.5,4993.084
2,stroke,1445.947,27581.033,5.0,17.0,661.5549
4,stroke,1445.947,28703.443,5.0,19.0,1118.3944
7,stroke,1445.947,12981.789,5.0,19.5,1134.0824
8,stroke,1445.947,26504.484,5.0,19.0,625.10626
9,stroke,1445.947,15031.461,5.0,19.0,1753.2559
11,stroke,1445.947,20771.121,5.5,20.0,2960.0684
2,stroke,1448.615,23670.596,5.0,17.0,797.9508
4,stroke,1448.615,42557.934,5.0,18.5,1502.1351
7,stroke,1448.615,11532.666,5.0,19.5,682.8893
8,stroke,1448.615,33702.27,5.0,19.0,939.95526
9,stroke,1448.615,13034.404,5.0,19.0,1144.3676
11,stroke,1448.615,22946.754,6.0,36.5,2973.5984
2,stroke,1450.0265,2310.3743,25.5,38.0,450.0169
4,stroke,1450.0265,4405.2197,7.5,24.0,829.2929
7,stroke,1450.0265,6862.758,7.5,37.5,1694.6024
8,stroke,1450.0265,2723.1785,42.5,49.0,462.52704
11,stroke,1450.0265,7768.95,31.5,36.0,2021.2456
2,stroke,1450.93,23681.648,5.5,18.5,453.61783
4,stroke,1450.93,39740.492,5.0,20.5,882.5673
7,stroke,1450.93,13609.235,5.0,21.0,542.6206
8,stroke,1450.93,31055.799,5.0,20.5,765.0922
9,stroke,1450.93,15659.479,5.0,20.0,867.7732
11,stroke,1450.93,22065.145,7.5,21.5,3845.7095
2,stroke,1454.445,24267.191,6.0,19.0,528.13086
4,stroke,1454.445,32852.12,5.0,21.0,625.14636
7,stroke,1454.445,10955.429,5.0,17.0,1062.9908
8,stroke,1454.445,29161.14,5.0,21.0,775.1046
9,stroke,1454.445,10252.996,5.0,21.0,1303.4128
11,stroke,1454.445,14875.34,5.0,35.0,4077.0662
2,stroke,1458.3065,25337.793,5.5,19.0,777.3109
4,stroke,1458.3065,29856.389,5.0,20.5,568.5008
7,stroke,1458.3065,12598.3125,5.0,20.5,1131.4336
8,stroke,1458.3065,29578.445,5.0,20.5,948.70825
9,stroke,1458.3065,11420.184,5.0,21.0,1024.6714
11,stroke,1458.3065,13936.89,8.0,18.5,2686.068
2,stroke,1459.819,1308.3977,10.0,23.0,337.41968
7,stroke,1459.819,5492.8696,5.0,15.0,1072.2915
9,stroke,1459.819,3703.846,12.0,21.5,851.05255
11,stroke,1459.819,8344.365,,50.0,2739.4517
2,stroke,1462.39,27408.762,5.0,19.0,515.8754
4,stroke,1462.39,24870.521,5.0,20.5,604.88104
7,stroke,1462.39,13016.613,5.0,21.0,469.09045
8,stroke,1462.39,21371.266,5.0,21.0,319.93216
9,stroke,1462.39,14459.406,5.0,21.0,754.01605
11,stroke,1462.39,21037.574,5.0,18.5,1398.0078
2,stroke,1463.6865,25664.412,5.0,18.5,548.9609
4,stroke,1463.6865,28649.45,5.0,20.0,1361.7042
7,stroke,1463.6865,11969.746,5.0,37.0,675.75073
8,stroke,1463.6865,25544.66,5.0,20.0,534.67224
9,stroke,1463.6865,15064.213,5.0,20.0,1309.323
11,stroke,1463.6865,21959.0,20.0,21.5,2885.2231
2,stroke,1465.0365,27674.096,5.0,18.5,450.1301
4,stroke,1465.0365,31009.799,5.0,20.5,736.8371
7,stroke,1465.0365,13751.026,5.0,20.5,853.4135
8,stroke,1465.0365,30483.969,5.0,20.0,330.63654
9,stroke,1465.0365,9476.361,5.0,20.5,609.9562
11,stroke,1465.0365,19666.473,7.5,18.0,6111.758
2,stroke,1466.68,1890.0999,27.0,48.5,588.0612
4,stroke,1466.68,3682.1658,,32.0,925.60394
7,stroke,1466.68,7704.4775,5.0,15.0,1116.2407
9,stroke,1466.68,5680.8125,6.5,15.0,1216.7075
11,stroke,1466.68,11121.786,39.5,40.0,2882.6975
2,stroke,1469.739,31035.094,5.5,18.5,719.14557
4,stroke,1469.739,26070.828,5.0,20.0,915.23157
7,stroke,1469.739,14635.106,5.0,34.0,637.3173
8,stroke,1469.739,31668.979,5.0,20.5,959.05176
9,stroke,1469.739,13831.13,5.0,20.5,1203.6427
11,stroke,1469.739,25561.441,5.0,21.5,3125.3352
2,stroke,1474.1255,30035.967,5.0,19.0,416.26163
4,stroke,1474.1255,26716.48,5.0,21.0,638.19183
7,stroke,1474.1255,15088.953,5.0,21.5,1093.3334
8,stroke,1474.1255,22748.312,5.0,20.5,276.40103
9,stroke,1474.1255,10055.307,5.0,20.5,1826.1859
11,stroke,1474.1255,15731.898,8.0,18.5,1508.1925
4,stroke,1475.3395,8704.461,43.0,46.5,1398.3246
7,stroke,1475.3395,7894.706,5.0,16.0,777.6558
8,stroke,1475.3395,2791.85,48.5,49.0,851.39624
9,stroke,1475.3395,6069.157,36.0,42.5,1078.2329
11,stroke,1475.3395,16337.913,20.5,21.5,2791.3223
2,stroke,1476.251,30147.559,5.5,18.5,498.85785
4,stroke,1476.251,24607.453,5.0,20.5,1266.1017
7,stroke,1476.251,13717.1875,5.0,21.0,2138.7676
8,stroke,1476.251,29830.918,5.0,20.5,371.48578
9,stroke,1476.251,9200.369,5.0,20.5,1716.6055
11,stroke,1476.251,23763.746,7.5,18.5,3697.052
2,stroke,1478.7725,31187.05,5.5,18.5,490.97818
4,stroke,1478.7725,24952.238,5.0,20.0,1470.2926
7,stroke,1478.7725,18915.336,5.0,21.0,590.28687
8,stroke,1478.7725,30996.648,5.0,20.5,571.814
9,stroke,1478.7725,11428.136,5.0,21.0,1335.2599
11,stroke,1478.7725,17769.414,7.5,34.5,3678.521
2,stroke,1480.792,2144.9587,5.0,16.0,449.24487
4,stroke,1480.792,4591.8213,16.5,17.0,1073.9584
8,stroke,1480.792,1701.3795,49.0,50.0,477.88715
2,stroke,1483.829,31948.33,5.0,18.0,433.89572
4,stroke,1483.829,36893.87,5.0,20.0,1139.9254
7,stroke,1483.829,16749.617,5.0,20.5,1174.5897
8,stroke,1483.829,36568.45,5.0,20.0,392.6903
9,stroke,1483.829,15189.409,5.0,20.0,1006.6475
11,stroke,1483.829,18223.09,7.5,18.0,5491.556
2,stroke,1485.299,2931.673,,38.5,794.86847
7,stroke,1485.299,7456.384,5.0,15.0,914.7708
8,stroke,1485.299,4128.754,,19.0,1043.0317
11,stroke,1485.299,4431.708,5.0,30.5,1431.1818
2,stroke,1486.136,33853.895,5.0,18.5,497.6028
4,stroke,1486.136,28778.71,5.0,20.5,2013.7947
7,stroke,1486.136,16805.762,5.0,21.0,669.2484
8,stroke,1486.136,34463.035,5.0,20.5,562.1389
9,stroke,1486.136,11136.099,5.0,20.5,1176.4097
11,stroke,1486.136,20964.684,8.0,18.0,3915.3352
2,stroke,1488.869,32954.168,5.0,19.0,280.83755
4,stroke,1488.869,44066.547,5.0,22.0,1075.8308
7,stroke,1488.869,15548.9,5.0,21.5,918.86285
8,stroke,1488.869,28686.479,5.0,21.0,410.29694
9,stroke,1488.869,16649.434,5.0,21.0,1238.5784
11,stroke,1488.869,16768.498,5.0,35.5,2666.61
2,stroke,1493.089,28760.936,5.5,19.0,346.3702
4,stroke,1493.089,31072.803,5.0,21.0,673.36847
7,stroke,1493.089,17078.498,5.0,21.0,849.82434
8,stroke,1493.089,27798.717,5.0,20.5,504.082
9,stroke,1493.089,11128.541,5.0,21.0,1482.552
11,stroke,1493.089,16978.854,7.5,18.5,1625.07
2,stroke,1496.177,32168.725,5.5,19.0,355.9569
4,stroke,1496.177,29044.377,5.0,37.5,1940.5574
7,stroke,1496.177,19960.299,5.0,21.0,1248.6157
8,stroke,1496.177,32989.0,5.0,20.5,456.62485
9,stroke,1496.177,10593.305,5.0,20.5,848.2928
11,stroke,1496.177,17696.494,17.5,35.0,2734.794
2,stroke,1498.1455,30521.525,5.0,18.5,553.8736
4,stroke,1498.1455,33135.28,5.0,21.0,1103.482
7,stroke,1498.1455,15742.373,5.0,17.5,908.4625
8,stroke,1498.1455,27223.215,5.0,20.5,1944.1969
9,stroke,1498.1455,16699.45,5.0,20.5,980.5253
11,stroke,1498.1455,22425.605,7.0,50.0,4573.401
2,stroke,1500.4955,30837.926,5.0,18.5,640.1118
4,stroke,1500.4955,28694.055,5.0,20.5,1150.612
7,stroke,1500.4955,17663.918,5.0,27.0,795.1642
8,stroke,1500.4955,26190.559,5.0,20.5,609.48206
9,stroke,1500.4955,11501.304,5.0,20.5,1618.396
11,stroke,1500.4955,21028.73,5.0,37.5,4590.415
2,stroke,1503.1765,33781.637,5.5,19.0,388.92706
4,stroke,1503.1765,27262.398,5.0,21.0,1629.4423
7,stroke,1503.1765,17943.68,5.0,21.0,821.6616
8,stroke,1503.1765,32187.062,5.0,20.5,933.3906
9,stroke,1503.1765,15185.407,5.0,20.5,1247.5441
11,stroke,1503.1765,24725.86,8.0,35.0,3575.9297
2,stroke,1504.164,29584.723,5.5,19.0,886.20544
4,stroke,1504.164,27795.617,5.0,17.5,771.4707
7,stroke,1504.164,17124.133,5.0,21.5,761.1217
8,stroke,1504.164,28718.494,5.0,20.5,379.83105
9,stroke,1504.164,12121.763,5.0,21.0,928.7378
11,stroke,1504.164,23328.275,8.0,19.0,4559.2573
2,stroke,1506.414,33379.457,5.5,19.0,612.90247
4,stroke,1506.414,31865.227,5.0,20.5,1335.6522
7,stroke,1506.414,16826.062,5.0,21.0,1247.2032
8,stroke,1506.414,35415.95,5.0,20.5,363.7516
9,stroke,1506.414,14019.189,5.0,20.5,968.45654
11,stroke,1506.414,29614.047,5.0,17.5,3697.7146
2,stroke,1507.3935,33886.938,5.0,19.0,516.99365
4,stroke,1507.3935,29818.191,5.0,20.5,960.53644
7,stroke,1507.3935,18884.258,5.0,21.0,876.14014
8,stroke,1507.3935,32105.617,5.0,20.5,2043.7717
9,stroke,1507.3935,17586.682,5.0,21.0,1866.2708
11,stroke,1507.3935,22775.3,8.0,18.5,3716.733
2,stroke,1508.8505,1550.0076,27.5,48.5,483.8202
4,stroke,1508.8505,6536.7085,13.0,23.0,1267.1516
7,stroke,1508.8505,5868.5063,5.0,15.0,807.56287
8,stroke,1508.8505,6945.8955,31.5,37.0,870.4638
9,stroke,1508.8505,7127.168,23.5,42.0,1215.7821
11,stroke,1508.8505,20976.383,30.0,31.0,3695.3823
2,stroke,1510.548,33080.99,5.5,19.0,506.07455
4,stroke,1510.548,26750.68,5.0,21.0,790.63525
7,stroke,1510.548,18841.543,5.0,21.5,583.60583
8,stroke,1510.548,29429.7,5.0,20.5,399.48837
9,stroke,1510.548,13536.079,5.0,21.0,1097.1638
11,stroke,1510.548,23438.416,7.5,18.5,957.9171
2,stroke,1512.8825,2013.5881,25.5,33.5,469.79453
4,stroke,1512.8825,2996.1582,,50.0,880.3762
8,stroke,1512.8825,2268.894,20.0,20.0,640.6853
11,stroke,1512.8825,3621.6821,6.5,17.0,1194.6162
2,stroke,1513.984,2315.5757,7.0,15.5,505.11392
4,stroke,1513.984,5239.0,7.0,43.0,1108.3689
7,stroke,1513.984,6466.4736,5.0,18.0,845.66223
11,stroke,1513.984,17085.352,39.0,45.5,2827.822
2,stroke,1515.489,3076.8848,9.0,26.5,415.25455
4,stroke,1515.489,5948.2534,5.0,33.5,1018.57
7,stroke,1515.489,6049.5713,5.0,16.5,928.7587
9,stroke,1515.489,6175.383,5.0,33.5,1272.4137
11,stroke,1515.489,26600.986,,17.0,7687.1055
2,stroke,1520.831,2722.7017,6.5,35.5,649.9508
4,stroke,1520.831,4949.9985,44.0,44.5,1401.8801
7,stroke,1520.831,6668.053,5.0,29.5,660.5638
8,stroke,1520.831,10595.444,24.5,41.0,352.37646
11,stroke,1520.831,8130.6235,,16.5,2230.579
4,stroke,1523.0065,7544.079,6.0,24.0,834.1156
7,stroke,1523.0065,7556.48,5.0,15.0,829.25867
8,stroke,1523.0065,1511.0864,,37.0,331.75586
11,stroke,1523.0065,9147.725,5.0,48.0,2045.6326
2,stroke,1524.282,2653.3423,7.0,25.5,459.2501
4,stroke,1524.282,5716.889,,29.5,1236.667
7,stroke,1524.282,5189.6133,5.0,15.0,644.81525
8,stroke,1524.282,1378.3164,,42.5,377.77417
9,stroke,1524.282,5350.5913,38.0,48.5,1346.2169
11,stroke,1524.282,11496.25,6.5,42.5,1577.2881
2,stroke,1526.0955,2723.257,5.0,17.5,329.41998
4,stroke,1526.0955,4395.1763,32.5,34.0,1281.7952
8,stroke,1526.0955,1912.4104,19.0,25.5,320.06296
2,stroke,1529.8605,1834.4124,31.0,47.5,437.20007
4,stroke,1529.8605,6165.4434,5.0,15.0,958.9804
7,stroke,1529.8605,7484.377,5.0,20.5,836.11
9,stroke,1529.8605,2339.4775,5.0,34.5,753.4641
11,stroke,1529.8605,21548.371,9.5,33.5,3451.585
2,stroke,1536.0535,1723.0818,22.5,41.0,411.0469
4,stroke,1536.0535,3007.628,14.5,46.5,754.85004
8,stroke,1536.0535,5848.7114,6.0,42.0,488.43707
9,stroke,1536.0535,2212.4033,,44.0,649.4675
11,stroke,1536.0535,5310.577,5.0,22.0,957.80164
2,stroke,1537.5995,2440.5632,6.5,24.0,385.78494
4,stroke,1537.5995,3988.9736,,44.5,862.7271
7,stroke,1537.5995,5328.2954,5.0,29.0,1163.0353
8,stroke,1537.5995,8058.1733,5.0,34.0,340.85635
9,stroke,1537.5995,4698.086,29.0,34.0,958.0401
11,stroke,1537.5995,9238.432,43.0,44.5,2424.9954
2,stroke,1540.055,2930.3003,5.5,25.0,326.49838
4,stroke,1540.055,3909.8518,7.5,33.5,969.37274
7,stroke,1540.055,6357.0547,5.0,18.5,1265.5083
9,stroke,1540.055,5582.7036,27.0,36.5,1173.9984
11,stroke,1540.055,10089.516,5.0,20.5,2815.217
2,stroke,1542.3275,3258.3567,23.5,39.5,582.59644
4,stroke,1542.3275,5995.311,12.0,16.5,1132.7758
7,stroke,1542.3275,5979.1875,5.0,15.0,1105.831
8,stroke,1542.3275,4445.048,5.0,17.5,339.45877
11,stroke,1542.3275,10757.407,,25.0,3177.8228
2,stroke,1546.8365,32331.887,5.5,19.0,474.79584
4,stroke,1546.8365,31979.77,5.0,21.0,442.8295
7,stroke,1546.8365,17656.684,5.0,21.5,709.1338
8,stroke,1546.8365,30993.836,5.0,20.5,357.9295
9,stroke,1546.8365,16159.808,5.0,20.0,1044.8975
11,stroke,1546.8365,18089.223,5.0,18.5,1398.1676
2,stroke,1549.158,27368.617,5.5,19.0,439.05322
4,stroke,1549.158,30178.24,5.0,21.0,1293.6102
7,stroke,1549.158,22045.588,5.0,38.0,843.97424
8,stroke,1549.158,24063.574,5.0,21.0,743.65985
9,stroke,1549.158,8313.816,5.0,20.0,1222.1089
11,stroke,1549.158,22530.588,5.0,18.5,2355.686
2,stroke,1551.9425,29362.133,5.5,19.0,323.28687
4,stroke,1551.9425,37388.555,5.0,21.0,719.9986
7,stroke,1551.9425,18241.021,5.0,21.5,1142.1412
8,stroke,1551.9425,29334.0,5.0,20.5,573.49774
9,stroke,1551.9425,7053.3457,5.0,19.5,836.0426
11,stroke,1551.9425,22820.605,10.5,15.5,3480.25
2,stroke,1554.232,3207.7947,6.0,50.0,370.00064
7,stroke,1554.232,8563.638,5.0,15.0,693.9257
8,stroke,1554.232,1674.1241,38.0,38.5,469.61243
4,stroke,1555.5055,2818.6572,25.0,40.5,610.5486
7,stroke,1555.5055,5056.2344,5.0,18.0,1132.8319
8,stroke,1555.5055,1475.5374,10.5,43.0,455.06183
11,stroke,1555.5055,7115.5625,39.5,40.5,1972.932
2,stroke,1559.2115,17826.777,5.0,18.5,570.12286
4,stroke,1559.2115,30726.088,5.0,20.5,917.71326
7,stroke,1559.2115,15561.24,5.0,21.0,2221.238
8,stroke,1559.2115,23601.717,5.0,20.5,2829.2354
9,stroke,1559.2115,7560.9814,5.0,20.0,1164.8558
11,stroke,1559.2115,24074.566,7.5,18.5,1512.6378
2,stroke,1561.5665,21914.453,6.5,19.0,525.5708
4,stroke,1561.5665,57321.195,5.0,20.5,640.4019
7,stroke,1561.5665,97797.78,5.0,22.0,1100.1285
8,stroke,1561.5665,28077.691,5.0,21.0,585.1031
9,stroke,1561.5665,10333.711,5.0,20.5,1861.1415
11,stroke,1561.5665,23953.062,5.0,19.0,2056.9739
2,stroke,1564.088,29664.158,5.0,19.0,467.4497
4,stroke,1564.088,36349.79,5.0,21.0,1413.5269
7,stroke,1564.088,18143.72,5.0,37.5,1964.6212
8,stroke,1564.088,29910.936,5.0,20.5,362.6225
9,stroke,1564.088,10351.244,5.0,20.5,1958.7966
2,stroke,1564.945,32751.73,,42.0,8709.286
7,stroke,1564.945,10921.598,6.5,16.0,1145.141
11,stroke,1564.945,10202.224,,43.0,3004.1511
2,stroke,1566.695,29643.219,5.0,19.0,465.93045
4,stroke,1566.695,38020.484,5.0,20.5,997.72943
7,stroke,1566.695,19232.592,5.0,38.0,1228.1971
8,stroke,1566.695,30810.795,5.0,20.5,1350.1406
9,stroke,1566.695,9508.43,5.0,20.5,1176.236
11,stroke,1566.695,23008.125,5.0,19.0,3191.0942
2,stroke,1569.1895,34378.17,5.0,19.0,364.29993
4,stroke,1569.1895,43300.664,5.0,20.5,848.75543
7,stroke,1569.1895,20218.828,5.0,17.5,798.9113
8,stroke,1569.1895,38020.234,5.0,20.5,373.18674
9,stroke,1569.1895,11195.947,5.0,20.0,1243.5967
11,stroke,1569.1895,22992.414,8.0,18.5,2851.7168
2,stroke,1572.6245,1991.367,33.5,34.0,482.73248
4,stroke,1572.6245,4583.044,,16.0,1452.3875
7,stroke,1572.6245,7050.164,5.0,16.5,1208.8486
8,stroke,1572.6245,2299.2544,,41.5,653.7021
9,stroke,1572.6245,7548.205,12.5,43.5,949.0487
2,stroke,1575.2035,2272.9253,45.0,45.0,452.09833
4,stroke,1575.2035,3194.71,,48.0,865.4053
7,stroke,1575.2035,5587.3896,5.0,15.5,577.8731
8,stroke,1575.2035,2509.0684,27.0,27.0,756.5685
9,stroke,1575.2035,7196.169,13.5,33.5,1328.3168
11,stroke,1575.2035,7203.8643,6.5,29.0,1921.586
2,stroke,1578.8145,25307.65,5.0,19.0,608.388
4,stroke,1578.8145,37015.93,5.0,21.0,767.8921
7,stroke,1578.8145,22402.426,5.0,21.5,770.9951
8,stroke,1578.8145,27415.766,5.0,21.0,410.625
9,stroke,1578.8145,13465.824,5.0,19.5,2230.3574
11,stroke,1578.8145,23673.98,18.0,35.5,3091.1904
2,stroke,1580.9955,25587.588,5.0,19.0,543.15076
4,stroke,1580.9955,39371.75,5.0,21.0,1062.5961
7,stroke,1580.9955,19816.277,5.0,21.5,1025.0148
8,stroke,1580.9955,31677.97,5.0,20.5,493.3156
9,stroke,1580.9955,9273.831,5.0,19.5,1933.9532
11,stroke,1580.9955,30023.35,5.0,19.0,3601.9849
2,stroke,1583.4625,25431.56,6.0,19.0,483.42166
4,stroke,1583.4625,35789.516,5.0,21.0,710.93097
7,stroke,1583.4625,23270.459,5.0,21.5,858.483
8,stroke,1583.4625,22133.625,5.0,21.0,552.0163
9,stroke,1583.4625,10343.286,5.0,20.5,1631.2622
11,stroke,1583.4625,27755.678,5.0,19.0,3589.4683
2,stroke,1585.942,1637.0364,6.5,42.5,484.8245
7,stroke,1585.942,5006.6943,5.0,15.0,810.43805
8,stroke,1585.942,3832.7515,10.0,15.0,894.0952
11,stroke,1585.942,19614.709,5.0,17.0,2435.926
2,stroke,1586.8095,2734.5122,,47.5,862.34076
4,stroke,1586.8095,4898.0586,41.5,43.0,689.65106
7,stroke,1586.8095,8226.424,5.0,16.0,1301.9655
8,stroke,1586.8095,1998.8733,23.5,23.5,570.1246
9,stroke,1586.8095,2685.7559,13.5,19.5,761.0428
11,stroke,1586.8095,17157.785,10.0,48.0,2960.4065
4,stroke,1588.5945,15210.233,5.0,30.5,1044.1276
9,stroke,1588.5945,7826.2754,50.0,50.0,2195.0076
2,stroke,1589.6485,2624.734,10.0,18.5,357.3202
4,stroke,1589.6485,3339.6887,5.0,49.0,587.28986
7,stroke,1589.6485,4687.9033,5.0,48.5,969.5225
8,stroke,1589.6485,3627.6743,14.5,15.0,830.63464
9,stroke,1589.6485,6061.66,5.0,50.0,901.87537
11,stroke,1589.6485,14385.577,9.5,19.5,2987.9106
2,stroke,1592.9515,10981.222,35.5,45.0,1834.4135
4,stroke,1592.9515,9502.52,33.0,34.0,1650.7434
7,stroke,1592.9515,4900.142,5.0,20.0,879.73236
8,stroke,1592.9515,2954.994,17.5,18.5,616.84033
11,stroke,1592.9515,9436.936,5.0,15.0,2164.7603
4,stroke,1595.307,5501.9814,,20.5,1588.5458
7,stroke,1595.307,15360.432,5.0,28.0,1110.3623
11,stroke,1595.307,27961.861,36.0,37.0,5808.9585
8,stroke,1596.109,3162.7244,20.5,20.5,750.77484
9,stroke,1596.109,7851.843,7.5,27.5,1479.0186
2,stroke,1597.224,522194.84,35.5,36.0,71662.18
4,stroke,1597.224,11321.557,18.5,22.5,1700.1306
7,stroke,1597.224,34967.875,5.0,20.5,737.1604
8,stroke,1597.224,2761.1714,5.0,18.0,512.7836
11,stroke,1597.224,15359.401,39.0,46.5,2345.3486
2,stroke,1598.0275,429863.97,11.5,15.0,99475.79
4,stroke,1598.0275,74453.85,49.0,49.5,15285.133
9,stroke,1598.0275,5616.173,11.0,27.0,838.4847
2,stroke,1598.829,385100.38,,27.5,107604.414
4,stroke,1598.829,11288.938,33.0,37.5,2318.591
8,stroke,1598.829,8151.5166,23.0,30.5,515.09546
9,stroke,1598.829,8973.598,30.0,31.5,2152.9426
11,stroke,1598.829,33450.04,43.5,44.5,7336.513
2,stroke,1604.316,107420.83,40.0,40.5,17206.186
4,stroke,1604.316,4478.5215,,28.5,1461.0092
7,stroke,1604.316,7374.653,5.0,15.5,578.7169
8,stroke,1604.316,1619.8284,7.0,34.5,450.71698
9,stroke,1604.316,6429.4277,,25.5,1746.5214
11,stroke,1604.316,18503.223,25.0,26.0,3736.686
2,stroke,1607.289,86589.555,28.5,32.5,2759.5303
4,stroke,1607.289,6959.2993,15.5,23.0,1101.3959
7,stroke,1607.289,5653.732,14.5,35.5,1089.2848
8,stroke,1607.289,7255.8467,12.0,31.0,573.4025
9,stroke,1607.289,12623.759,9.5,20.0,1687.5872
11,stroke,1607.289,20508.936,,37.0,5970.7075
2,stroke,1610.7025,3307.5269,,32.0,949.5657
4,stroke,1610.7025,3943.5974,10.0,45.5,986.35175
7,stroke,1610.7025,3204.2747,5.0,47.5,628.93567
11,stroke,1610.7025,21199.12,,25.0,5432.3643
2,stroke,1619.512,7743.311,11.5,34.5,1313.208
4,stroke,1619.512,20425.3,18.5,24.0,2836.8396
7,stroke,1619.512,22243.451,5.0,28.0,1837.3428
8,stroke,1619.512,9562.133,,27.5,3078.8528
9,stroke,1619.512,20335.023,5.0,15.0,3141.4836
11,stroke,1619.512,13287.049,,17.5,4321.926
4,stroke,1620.398,4440.8154,5.0,31.5,1357.412
7,stroke,1620.398,35954.94,5.0,19.0,1392.9221
8,stroke,1620.398,4219.655,5.0,15.5,942.22205
11,stroke,1620.398,19745.951,,39.0,6386.1265
4,stroke,1622.073,4799.118,,28.0,1230.1292
7,stroke,1622.073,6314.6465,5.0,15.0,746.6617
9,stroke,1622.073,9493.433,14.5,16.0,2699.0347
11,stroke,1622.073,32732.928,42.0,43.0,7475.4585
2,stroke,1623.1345,2071.2979,39.0,47.5,447.37335
7,stroke,1623.1345,13556.107,5.0,18.0,1286.2347
8,stroke,1623.1345,8237.383,6.5,22.5,494.18085
9,stroke,1623.1345,9666.826,13.0,15.0,1767.0095
11,stroke,1623.1345,17135.863,43.0,43.5,4215.205
2,stroke,1626.0285,2431.6558,37.0,37.0,726.731
4,stroke,1626.0285,7743.743,5.0,35.5,1169.1066
7,stroke,1626.0285,111635.17,5.0,22.0,694.0007
8,stroke,1626.0285,7669.2993,27.5,36.5,402.6062
9,stroke,1626.0285,9532.104,5.0,22.0,2540.1228
2,stroke,1626.8965,2360.4597,5.0,15.0,453.72787
7,stroke,1626.8965,26967.148,5.0,17.5,836.388
8,stroke,1626.8965,4627.8584,17.0,17.0,1128.6931
9,stroke,1626.8965,5268.0093,14.5,19.0,560.9266
11,stroke,1626.8965,10523.639,5.0,43.5,1492.6714
2,stroke,1627.988,2031.4443,5.0,17.0,302.82904
7,stroke,1627.988,38888.58,5.0,18.5,924.68176
8,stroke,1627.988,3316.78,42.0,42.0,838.181
9,stroke,1627.988,6225.8853,13.0,15.5,1503.4957
11,stroke,1627.988,9618.653,11.0,16.5,1388.3077
2,stroke,1629.057,1781.6562,7.0,30.5,455.30737
4,stroke,1629.057,4110.958,7.0,42.5,748.177
7,stroke,1629.057,6293.448,,32.0,2053.867
8,stroke,1629.057,2374.742,5.0,15.0,350.75388
2,stroke,1630.196,1848.71,17.5,18.5,599.3291
4,stroke,1630.196,15019.863,30.0,31.0,1809.7217
8,stroke,1630.196,2869.7388,31.0,33.5,436.99002
9,stroke,1630.196,5641.4863,23.0,36.5,891.9817
11,stroke,1630.196,23317.865,12.5,46.5,6300.546
2,stroke,1631.558,3300.8772,7.0,27.5,493.07333
7,stroke,1631.558,3768.5693,21.0,21.0,842.3559
9,stroke,1631.558,6795.874,37.5,46.0,1334.51
11,stroke,1631.558,10649.379,,39.0,2855.8218
2,stroke,1633.9215,3470.3848,5.0,22.0,369.9398
4,stroke,1633.9215,6264.7563,24.0,42.5,790.9853
7,stroke,1633.9215,6736.0024,5.5,21.0,873.41455
8,stroke,1633.9215,6597.297,13.0,15.0,1125.0948
11,stroke,1633.9215,19363.965,5.0,17.0,2473.595
2,stroke,1634.7275,2223.6763,5.0,22.0,339.2756
4,stroke,1634.7275,3037.068,34.0,35.5,950.75543
9,stroke,1634.7275,5968.701,5.0,17.0,1050.1469
2,stroke,1635.758,2168.28,6.0,21.5,261.8008
4,stroke,1635.758,15470.4375,17.0,18.0,2299.8223
7,stroke,1635.758,34470.676,5.0,18.5,696.1603
8,stroke,1635.758,7426.5176,5.0,19.0,297.9789
9,stroke,1635.758,5759.3457,14.5,29.5,859.9367
11,stroke,1635.758,13449.967,20.0,21.5,3090.9978
2,stroke,1636.5935,2340.106,,17.5,699.20605
4,stroke,1636.5935,5685.4023,6.5,39.0,488.88977
7,stroke,1636.5935,10070.828,5.0,15.0,1306.3536
9,stroke,1636.5935,8208.89,7.5,16.5,2202.7114
11,stroke,1636.5935,9318.502,5.0,30.5,1098.8567
2,stroke,1638.001,1759.6005,6.0,17.5,481.80725
4,stroke,1638.001,4206.9844,19.0,19.0,976.64764
7,stroke,1638.001,22697.818,5.0,18.5,1345.7347
9,stroke,1638.001,5256.209,14.0,22.5,957.3059
7,stroke,1640.559,55671.047,5.0,19.0,1145.5895
9,stroke,1640.559,5626.583,5.0,49.5,1059.5122
11,stroke,1640.559,15597.249,,31.5,3813.4495
2,stroke,1641.3595,2736.674,47.5,49.0,474.89783
4,stroke,1641.3595,3420.2402,6.5,20.5,675.4
7,stroke,1641.3595,140410.62,5.0,15.0,1197.2422
11,stroke,1641.3595,6214.5713,5.5,19.5,1628.3158
2,stroke,1645.0025,2717.6848,5.0,41.5,406.03662
4,stroke,1645.0025,4577.123,5.5,25.0,931.3971
7,stroke,1645.0025,11230.621,5.5,17.0,1485.1727
9,stroke,1645.0025,8466.167,25.0,35.5,1616.6328
11,stroke,1645.0025,15720.716,,16.0,5058.973
4,stroke,1647.0715,4952.6206,,33.5,1519.1857
7,stroke,1647.0715,6420.7314,5.0,15.0,1075.3513
9,stroke,1647.0715,4255.088,5.0,17.5,1190.9686
11,stroke,1647.0715,7323.338,5.0,16.0,1142.4702
4,stroke,1647.8725,5824.3823,5.0,17.0,539.2844
7,stroke,1647.8725,17609.275,,18.0,4386.837
9,stroke,1647.8725,4004.224,20.5,28.0,688.29034
11,stroke,1647.8725,18285.295,27.5,28.0,3726.3926
2,stroke,1649.485,1697.7511,8.0,19.0,380.029
4,stroke,1649.485,5563.6484,5.0,15.0,1156.1989
7,stroke,1649.485,34176.188,5.0,18.5,1141.6572
8,stroke,1649.485,1421.6611,,50.0,445.93445
9,stroke,1649.485,4971.901,5.0,21.5,697.8319
11,stroke,1649.485,33791.453,19.0,20.0,5560.2363
2,stroke,1650.821,2543.0513,46.0,50.0,444.51358
4,stroke,1650.821,5159.4297,17.0,17.0,1470.7488
7,stroke,1650.821,3620.5044,49.5,50.0,1179.9252
2,stroke,1651.6885,2736.9307,20.5,28.0,379.08777
7,stroke,1651.6885,4716.6104,5.0,18.5,1028.3038
8,stroke,1651.6885,1458.3862,24.0,24.5,314.91647
9,stroke,1651.6885,4352.6997,33.0,48.5,839.3385
11,stroke,1651.6885,22269.709,27.5,33.5,2299.7622
2,stroke,1652.9555,2341.0952,5.0,24.5,337.12518
4,stroke,1652.9555,7169.0977,5.0,44.0,1532.1094
7,stroke,1652.9555,4281.073,5.0,16.0,628.38257
2,stroke,1654.2585,1746.7329,24.0,24.5,570.36145
4,stroke,1654.2585,5453.197,35.0,39.0,759.778
7,stroke,1654.2585,5913.2275,5.0,21.0,940.7364
8,stroke,1654.2585,1458.4324,,19.0,336.3606
11,stroke,1654.2585,7828.165,5.0,30.0,920.37384
2,stroke,1655.0605,2752.4314,26.5,28.0,747.68616
11,stroke,1655.0605,15890.223,42.5,45.0,2906.1716
7,stroke,1655.9735,5177.867,5.0,17.5,953.43414
9,stroke,1655.9735,6749.571,,47.5,1917.0096
2,stroke,1657.335,6456.0693,5.0,15.0,642.5893
4,stroke,1657.335,8447.588,5.0,15.0,1089.654
7,stroke,1657.335,12432.965,5.0,15.0,919.2621
8,stroke,1657.335,4465.1675,5.0,15.0,553.70825
9,stroke,1657.335,20286.525,5.0,46.5,4385.066
11,stroke,1657.335,17398.996,,33.5,5139.492
2,stroke,1658.159,1289.6516,5.0,26.5,324.35962
4,stroke,1658.159,7864.662,40.5,49.0,580.095
7,stroke,1658.159,8349.764,5.0,16.5,1080.8342
8,stroke,1658.159,2755.8643,5.0,43.0,471.0791
9,stroke,1658.159,5899.3506,17.5,23.0,1202.7491
2,stroke,1659.7285,2063.8306,38.5,41.5,320.9171
4,stroke,1659.7285,3510.608,,36.0,832.01733
7,stroke,1659.7285,31144.79,5.0,19.0,984.8395
8,stroke,1659.7285,2220.1792,5.5,50.0,613.2297
9,stroke,1659.7285,4270.836,23.5,28.0,1356.8981
11,stroke,1659.7285,13953.227,,36.0,3217.769
2,stroke,1661.362,2161.3594,24.0,30.0,406.1412
4,stroke,1661.362,2384.6274,5.0,19.5,789.6457
7,stroke,1661.362,13621.48,5.0,17.5,1686.0754
8,stroke,1661.362,1756.004,,25.5,390.66113
11,stroke,1661.362,5530.6846,20.5,27.5,1071.4137
2,stroke,1662.183,2039.2417,16.5,16.5,528.77966
7,stroke,1662.183,11161.869,5.0,15.0,683.6018
8,stroke,1662.183,2265.6687,6.5,27.0,496.3552
9,stroke,1662.183,6600.2275,26.0,27.0,1112.0928
11,stroke,1662.183,17023.62,,19.5,4105.8003
4,stroke,1663.1005,6548.074,49.0,50.0,758.3724
7,stroke,1663.1005,3502.422,5.0,15.0,753.3451
9,stroke,1663.1005,8498.533,5.5,45.5,1166.4827
2,stroke,1664.0115,1721.5972,5.0,15.5,379.40222
4,stroke,1664.0115,5570.204,35.0,42.5,836.0016
7,stroke,1664.0115,33507.164,5.0,18.5,743.782
8,stroke,1664.0115,2587.9458,26.5,27.0,435.6192
4,stroke,1666.836,3669.4543,40.0,40.0,873.75586
7,stroke,1666.836,5733.648,5.0,15.5,910.8649
9,stroke,1666.836,4673.694,,17.0,1140.2823
11,stroke,1666.836,6839.956,33.5,34.5,2238.134
4,stroke,1668.3795,10013.598,5.0,39.0,1204.7489
7,stroke,1668.3795,19308.746,5.0,18.5,1162.8544
8,stroke,1668.3795,11287.686,5.0,23.0,1452.5906
9,stroke,1668.3795,7620.6987,,18.5,2361.959
11,stroke,1668.3795,14855.792,5.5,30.5,4192.516
2,stroke,1670.067,1978.5265,18.5,27.0,565.2072
4,stroke,1670.067,9287.869,42.0,49.5,2276.8008
7,stroke,1670.067,31077.09,5.0,19.0,948.6538
9,stroke,1670.067,3940.9019,33.0,38.5,1140.9194
11,stroke,1670.067,16945.303,30.0,30.5,3235.7612
2,stroke,1671.945,3390.3425,5.0,28.0,367.9831
4,stroke,1671.945,5507.131,5.0,18.5,1385.2842
7,stroke,1671.945,34430.23,5.0,19.0,1319.956
11,stroke,1671.945,13813.7295,,33.0,3511.9387
2,stroke,1673.1045,2069.1877,25.0,37.0,376.3706
4,stroke,1673.1045,5287.499,15.5,16.0,1176.2054
7,stroke,1673.1045,29582.172,5.0,19.0,1714.0544
11,stroke,1673.1045,17624.39,12.5,20.5,2529.1191
2,stroke,1675.8295,8857.197,5.0,15.0,714.7241
4,stroke,1675.8295,10495.568,5.0,15.0,1540.4454
7,stroke,1675.8295,19479.424,5.0,15.0,1159.7771
8,stroke,1675.8295,10947.01,5.0,15.0,1555.6057
9,stroke,1675.8295,16197.476,5.0,15.0,2004.4719
11,stroke,1675.8295,11894.529,15.5,46.5,1872.2631
2,stroke,1680.1435,1345.8716,8.0,44.0,342.8803
7,stroke,1680.1435,66936.44,5.0,20.0,931.13446
8,stroke,1680.1435,2095.3225,5.0,48.5,580.0925
11,stroke,1680.1435,5448.0977,5.0,49.0,1689.43
2,stroke,1683.2235,1952.7744,,34.5,491.21643
7,stroke,1683.2235,12895.142,5.5,23.5,724.78046
9,stroke,1683.2235,4201.7266,,16.0,1182.3923
11,stroke,1683.2235,16466.064,22.5,22.5,3615.2283
2,stroke,1687.7065,2499.4126,32.0,39.0,585.99786
4,stroke,1687.7065,7058.324,5.0,22.5,981.6993
7,stroke,1687.7065,31252.027,5.0,18.5,1409.8077
8,stroke,1687.7065,3253.1528,9.5,19.5,749.5942
2,stroke,1688.7325,6949.3994,31.5,44.5,1119.6498
4,stroke,1688.7325,17264.887,5.0,15.0,1632.0342
7,stroke,1688.7325,14171.73,29.0,44.5,1379.5731
11,stroke,1688.7325,6668.945,26.0,31.5,1960.3563
2,stroke,1689.9555,27895.746,6.0,20.0,551.8866
4,stroke,1689.9555,21093.385,5.0,19.0,643.9727
7,stroke,1689.9555,7720.9688,5.0,23.0,870.49274
8,stroke,1689.9555,13147.844,5.0,23.0,715.4623
9,stroke,1689.9555,5480.395,5.0,19.5,915.859
11,stroke,1689.9555,13641.107,5.0,20.0,749.18854
2,stroke,1692.2855,26630.16,5.0,18.5,334.90402
4,stroke,1692.2855,15342.729,5.0,21.0,717.7273
7,stroke,1692.2855,10470.703,5.0,18.0,836.7123
8,stroke,1692.2855,10263.875,5.0,21.0,601.57135
9,stroke,1692.2855,7453.2666,21.0,21.5,1133.0361
11,stroke,1692.2855,17164.64,5.0,22.0,1221.2955
2,stroke,1693.9005,1648.2242,5.0,24.5,264.5015
7,stroke,1693.9005,4510.8936,5.0,26.0,978.2805
8,stroke,1693.9005,3607.6062,49.5,50.0,497.92834
9,stroke,1693.9005,4504.659,,44.5,1194.8569
2,stroke,1695.109,2859.186,5.0,34.5,488.97388
4,stroke,1695.109,6161.4814,5.5,21.0,1305.7979
7,stroke,1695.109,10617.523,5.0,17.5,630.6731
9,stroke,1695.109,4425.7783,25.5,49.5,818.89355
4,stroke,1696.7425,2875.3445,26.0,26.0,587.46173
7,stroke,1696.7425,4842.4062,5.0,16.5,877.12177
8,stroke,1696.7425,2640.8533,38.0,49.0,678.414
9,stroke,1696.7425,3284.617,18.0,24.5,615.8472
2,stroke,1697.7525,25409.152,5.0,18.5,404.26254
4,stroke,1697.7525,17375.32,5.0,21.5,837.0282
7,stroke,1697.7525,11778.809,5.0,17.5,566.3262
8,stroke,1697.7525,15879.649,5.0,21.0,567.46466
9,stroke,1697.7525,8232.801,7.5,21.5,1246.4146
11,stroke,1697.7525,18139.447,17.5,18.5,2716.482
2,stroke,1699.2675,2336.8772,29.0,29.5,467.3557
4,stroke,1699.2675,13087.075,16.5,37.0,2143.5276
7,stroke,1699.2675,39183.992,5.0,18.5,999.0623
8,stroke,1699.2675,2300.6978,5.0,22.5,648.8634
11,stroke,1699.2675,16384.047,13.0,15.0,3251.5596
2,stroke,1700.329,1656.1644,34.0,38.5,438.61133
4,stroke,1700.329,4613.756,30.0,31.0,644.06616
7,stroke,1700.329,31936.453,5.0,18.5,907.65204
8,stroke,1700.329,2133.1284,,27.0,572.6097
11,stroke,1700.329,7018.414,5.0,17.5,1110.2838
2,stroke,1701.795,25065.242,5.0,19.0,450.96393
4,stroke,1701.795,19068.691,5.0,21.5,708.6265
7,stroke,1701.795,9667.459,5.0,21.5,893.3976
8,stroke,1701.795,13203.283,5.0,21.5,1216.0315
9,stroke,1701.795,7898.9062,5.0,41.5,1477.2867
11,stroke,1701.795,19112.48,8.5,18.5,2450.4773
4,stroke,1702.621,2925.2842,,33.5,794.0577
7,stroke,1702.621,189760.17,5.0,46.5,774.7743
8,stroke,1702.621,7740.325,18.0,33.0,391.50464
9,stroke,1702.621,3958.4678,5.0,47.0,720.5372
11,stroke,1702.621,5784.651,5.0,17.5,1696.395
2,stroke,1703.433,29548.814,5.0,19.0,537.1755
4,stroke,1703.433,18119.223,5.0,21.0,748.64154
7,stroke,1703.433,94468.734,5.0,31.0,1547.8547
8,stroke,1703.433,10643.249,5.0,21.5,1987.2769
9,stroke,1703.433,8652.143,5.0,17.5,1023.3004
11,stroke,1703.433,18171.615,5.0,18.5,1828.1718
2,stroke,1704.9595,66945.734,5.5,49.0,496.36496
4,stroke,1704.9595,47080.03,18.0,48.0,1230.8932
7,stroke,1704.9595,39588.87,5.0,48.0,977.6594
8,stroke,1704.9595,27948.559,11.0,50.0,3153.0522
9,stroke,1704.9595,16890.938,5.0,48.5,1872.3729
11,stroke,1704.9595,38502.49,47.5,48.5,4116.931
2,stroke,1706.6055,26383.434,5.0,19.0,325.46063
4,stroke,1706.6055,15828.174,5.0,21.5,647.8074
7,stroke,1706.6055,11464.4795,5.0,17.5,1522.323
8,stroke,1706.6055,12855.336,5.0,21.5,1236.9109
9,stroke,1706.6055,8544.656,8.0,21.5,661.7731
11,stroke,1706.6055,19210.95,5.0,18.5,2203.9026
2,stroke,1707.513,25198.613,5.0,19.0,375.21262
4,stroke,1707.513,30901.031,5.0,18.0,808.5774
7,stroke,1707.513,10818.209,5.0,22.0,1187.664
8,stroke,1707.513,15387.11,5.0,21.5,565.8877
9,stroke,1707.513,7335.2173,20.5,21.5,1994.6211
11,stroke,1707.513,16079.411,6.5,22.5,1816.1464
2,stroke,1709.2025,25154.865,5.0,20.0,510.68698
4,stroke,1709.2025,16085.406,5.0,22.5,849.28906
7,stroke,1709.2025,12123.297,5.0,22.5,858.75024
8,stroke,1709.2025,13348.951,5.0,21.5,819.1593
9,stroke,1709.2025,5398.3965,5.0,38.5,838.4046
11,stroke,1709.2025,18191.773,5.0,19.5,2098.713
2,stroke,1710.003,2414.6152,22.5,24.0,681.303
4,stroke,1710.003,4750.9243,38.5,39.5,1144.7297
9,stroke,1710.003,7219.1133,22.0,28.0,1537.1984
2,stroke,1711.111,27214.756,6.0,19.0,882.3699
4,stroke,1711.111,17537.242,5.0,38.0,915.1484
7,stroke,1711.111,11592.631,5.0,38.5,1424.0717
8,stroke,1711.111,12984.777,5.0,21.5,586.1621
9,stroke,1711.111,6161.3096,5.0,46.0,648.49786
11,stroke,1711.111,28951.336,8.0,38.5,2360.6306
2,stroke,1712.8055,28114.285,6.0,19.0,748.88586
4,stroke,1712.8055,18350.094,5.0,38.0,1691.7727
7,stroke,1712.8055,9519.125,5.0,21.5,1267.3849
8,stroke,1712.8055,13652.215,5.0,21.0,2966.0808
9,stroke,1712.8055,8789.289,5.0,38.5,510.24966
11,stroke,1712.8055,29468.227,8.0,18.5,3289.893
2,stroke,1714.6445,27100.652,6.0,19.0,396.74597
4,stroke,1714.6445,23899.254,5.0,38.0,491.6988
7,stroke,1714.6445,9725.409,5.0,21.0,715.5872
8,stroke,1714.6445,18152.506,5.0,21.0,370.91666
9,stroke,1714.6445,6549.1343,5.0,20.5,848.548
11,stroke,1714.6445,28555.777,18.0,18.5,7150.1147
2,stroke,1716.3845,27391.062,5.0,18.5,551.7209
4,stroke,1716.3845,23520.314,5.0,21.0,1105.6359
7,stroke,1716.3845,10228.745,5.0,17.0,719.858
8,stroke,1716.3845,14498.394,5.0,20.5,398.91684
9,stroke,1716.3845,6469.3965,5.0,20.5,1349.9517
11,stroke,1716.3845,21885.977,6.0,38.5,2515.2578
7,stroke,1717.2835,34644.777,5.0,18.5,1059.4191
8,stroke,1717.2835,4561.026,5.0,19.0,421.2563
11,stroke,1717.2835,9492.342,17.5,30.5,1362.4698
2,stroke,1718.0845,25828.197,6.5,17.0,445.9245
4,stroke,1718.0845,26827.238,5.0,16.0,2748.921
7,stroke,1718.0845,16044.4375,5.0,41.5,1125.12
8,stroke,1718.0845,14659.217,5.0,19.0,2001.521
9,stroke,1718.0845,4994.267,5.0,41.0,1491.7279
11,stroke,1718.0845,30048.078,10.0,16.5,2404.7126
2,stroke,1719.891,2818.1396,5.0,40.5,347.2668
4,stroke,1719.891,12112.651,16.0,38.0,1036.6823
7,stroke,1719.891,30186.695,5.0,18.5,664.6955
8,stroke,1719.891,3152.4949,42.5,49.0,582.38806
9,stroke,1719.891,4882.736,10.5,49.5,988.0771
11,stroke,1719.891,21876.484,12.5,28.0,2466.976
2,stroke,1721.7835,23888.04,5.0,19.0,413.22687
4,stroke,1721.7835,23172.129,5.0,21.0,2033.5121
7,stroke,1721.7835,9414.5,5.0,21.0,1429.812
8,stroke,1721.7835,15288.496,5.0,21.0,437.83694
9,stroke,1721.7835,5621.1562,5.0,20.5,828.1829
11,stroke,1721.7835,16670.406,,15.5,4530.3945
2,stroke,1723.4545,24037.244,6.0,19.0,365.84775
4,stroke,1723.4545,27081.527,5.0,18.0,2046.8107
7,stroke,1723.4545,12620.56,5.0,21.0,978.1105
8,stroke,1723.4545,13252.627,5.0,21.0,464.6726
9,stroke,1723.4545,8180.7207,5.0,21.5,1596.8268
11,stroke,1723.4545,14156.76,8.5,18.5,1983.789
2,stroke,1725.0305,2388.8408,40.5,41.0,575.5112
4,stroke,1725.0305,5039.1377,14.0,17.5,750.555
7,stroke,1725.0305,30729.54,5.0,18.5,733.9007
8,stroke,1725.0305,2672.2266,,15.0,830.2895
9,stroke,1725.0305,4999.049,5.0,48.5,618.5241
11,stroke,1725.0305,24248.895,19.0,20.5,3269.9683
2,stroke,1727.043,3581.8772,33.5,45.5,520.46063
4,stroke,1727.043,14616.547,31.0,32.5,1415.4042
7,stroke,1727.043,71617.58,5.0,36.0,784.3706
8,stroke,1727.043,1458.6913,14.0,15.0,295.88007
11,stroke,1727.043,33230.785,35.0,37.0,4904.986
2,stroke,1729.064,2199.3752,,16.0,700.28656
4,stroke,1729.064,8507.446,15.0,16.0,1377.9589
7,stroke,1729.064,3605.0066,5.0,35.5,662.96985
8,stroke,1729.064,6551.721,13.0,43.0,345.86307
9,stroke,1729.064,7839.489,20.0,21.0,1771.9944
11,stroke,1729.064,11504.502,39.5,40.0,3257.798
4,stroke,1729.976,5728.9746,33.5,40.0,681.43536
7,stroke,1729.976,5213.6826,5.0,15.0,917.82104
8,stroke,1729.976,1941.2129,31.5,31.5,504.57654
9,stroke,1729.976,4094.3518,5.0,15.5,429.50543
2,stroke,1731.169,27074.248,6.0,19.0,486.935
4,stroke,1731.169,17382.127,5.0,17.5,1390.6964
7,stroke,1731.169,17892.398,5.0,33.0,611.84875
8,stroke,1731.169,14848.308,5.0,21.5,636.01794
9,stroke,1731.169,8970.441,7.5,43.5,2301.068
11,stroke,1731.169,16855.701,5.0,18.0,4338.1333
4,stroke,1733.497,10649.286,13.5,15.0,1380.4473
7,stroke,1733.497,12604.872,5.0,20.5,865.8913
9,stroke,1733.497,5197.21,5.0,15.0,792.5727
11,stroke,1733.497,16787.441,,37.0,4306.6636
2,stroke,1734.8435,2952.8843,26.0,45.5,284.10764
4,stroke,1734.8435,2066.232,,45.0,539.4377
7,stroke,1734.8435,4354.3486,5.0,19.0,990.95935
8,stroke,1734.8435,6957.293,21.5,34.5,565.158
9,stroke,1734.8435,2200.7834,5.0,15.0,728.59174
11,stroke,1734.8435,8451.125,17.5,29.5,665.2785
2,stroke,1736.9375,2328.8835,20.0,28.5,432.03723
4,stroke,1736.9375,7981.7383,5.5,44.5,751.633
8,stroke,1736.9375,1002.43994,10.0,22.5,301.4749
9,stroke,1736.9375,4663.1597,11.0,32.0,529.316
11,stroke,1736.9375,8566.386,21.0,22.0,2358.3293
4,stroke,1737.791,5932.3613,22.0,24.5,891.3411
7,stroke,1737.791,5546.32,5.0,15.0,994.1638
8,stroke,1737.791,1585.8207,,43.0,432.6004
9,stroke,1737.791,7128.918,5.0,16.0,744.2149
11,stroke,1737.791,7729.411,5.5,50.0,1371.6091
4,stroke,1741.3215,7772.6816,7.5,17.0,1779.4921
7,stroke,1741.3215,68877.23,5.0,19.0,1256.091
8,stroke,1741.3215,3573.18,26.5,44.5,596.4185
9,stroke,1741.3215,4804.1235,5.0,46.5,685.9051
11,stroke,1741.3215,16923.809,,43.5,4655.6865
2,stroke,1742.122,3034.7422,37.5,50.0,460.45276
8,stroke,1742.122,3913.213,45.0,50.0,346.4236
9,stroke,1742.122,3025.0127,12.5,20.0,962.7779
4,stroke,1743.9005,8087.2305,29.5,35.5,1129.5979
7,stroke,1743.9005,9650.296,5.0,15.0,1604.2096
8,stroke,1743.9005,1760.5858,17.5,18.0,321.319
9,stroke,1743.9005,3694.8271,6.0,42.0,732.131
11,stroke,1743.9005,29238.11,19.0,24.5,3562.6824
2,stroke,1745.4455,1949.5527,14.5,34.5,331.9049
7,stroke,1745.4455,34001.06,5.0,18.5,541.2521
8,stroke,1745.4455,1446.6365,43.5,45.5,355.8543
11,stroke,1745.4455,11362.509,5.0,49.5,1131.1622
4,stroke,1748.008,5433.4365,12.5,15.0,1131.0256
7,stroke,1748.008,3852.359,5.0,40.0,1016.3833
9,stroke,1748.008,5538.2827,5.0,46.5,649.7904
11,stroke,1748.008,20385.176,36.0,36.0,5751.6104
4,stroke,1750.5435,8112.7017,15.5,19.5,1477.285
7,stroke,1750.5435,28671.668,5.0,19.0,819.65155
8,stroke,1750.5435,2180.0378,20.5,21.0,582.47437
9,stroke,1750.5435,5271.736,,49.5,1555.3671
11,stroke,1750.5435,7518.959,44.0,44.5,1698.5889
4,stroke,1753.219,3381.3108,,16.5,911.43225
7,stroke,1753.219,45538.617,5.0,18.5,630.7282
8,stroke,1753.219,2214.9229,13.5,24.5,363.9883
11,stroke,1753.219,5799.052,39.0,48.0,1529.4165
2,stroke,1754.888,6015.927,5.0,45.5,563.2621
4,stroke,1754.888,4768.322,42.5,44.5,766.34503
7,stroke,1754.888,35719.32,5.0,49.5,943.2665
8,stroke,1754.888,9481.433,5.0,50.0,1406.2272
9,stroke,1754.888,12501.397,42.0,49.0,3153.1843
11,stroke,1754.888,6022.99,20.0,24.5,1519.8108
2,stroke,1757.603,33463.617,5.0,17.5,452.1347
4,stroke,1757.603,18936.055,5.0,19.5,610.80316
7,stroke,1757.603,11570.068,5.0,18.5,555.6204
8,stroke,1757.603,20804.615,5.0,19.5,806.90936
9,stroke,1757.603,5959.163,5.0,19.0,406.80847
11,stroke,1757.603,23422.75,6.5,17.0,2499.1604
2,stroke,1760.1555,33417.348,5.0,19.0,763.7633
4,stroke,1760.1555,25158.078,5.0,21.0,872.0061
7,stroke,1760.1555,11019.542,5.0,20.5,1189.2675
8,stroke,1760.1555,18176.457,5.0,20.5,391.53073
9,stroke,1760.1555,11320.904,5.0,20.0,972.2956
11,stroke,1760.1555,28641.379,5.0,18.5,1529.689
4,stroke,1762.1075,2891.9746,19.5,19.5,745.09607
7,stroke,1762.1075,3780.6062,5.0,19.5,1167.9591
8,stroke,1762.1075,3250.9814,38.5,40.5,408.07623
9,stroke,1762.1075,4675.8057,5.0,45.0,850.17834
4,stroke,1763.038,3235.8494,29.5,29.5,902.89874
7,stroke,1763.038,5813.6587,5.0,16.5,1635.4562
9,stroke,1763.038,2498.4482,6.0,50.0,562.5719
2,stroke,1764.552,31446.443,5.0,19.0,635.36005
4,stroke,1764.552,26330.354,5.0,18.0,400.79514
7,stroke,1764.552,8067.6406,5.0,21.0,554.3327
8,stroke,1764.552,21662.547,5.0,21.0,915.6211
9,stroke,1764.552,5481.0615,5.0,37.5,408.82864
11,stroke,1764.552,22948.146,5.0,19.0,2395.4294
2,stroke,1766.559,48574.906,5.0,19.5,400.5613
4,stroke,1766.559,33756.656,5.0,46.5,1262.5345
7,stroke,1766.559,39189.684,6.5,47.5,1460.0654
8,stroke,1766.559,33201.21,5.0,45.5,843.6896
9,stroke,1766.559,45126.453,5.0,48.0,1281.4146
11,stroke,1766.559,19121.975,5.0,19.0,1101.9471
2,stroke,1768.1095,31249.734,5.0,19.5,414.8748
4,stroke,1768.1095,21643.402,5.0,38.5,687.2242
7,stroke,1768.1095,11684.142,6.5,21.0,806.248
8,stroke,1768.1095,16433.385,5.0,21.5,1074.3583
9,stroke,1768.1095,8663.9375,5.0,20.0,809.5164
11,stroke,1768.1095,21537.816,5.0,23.0,2310.4832
2,stroke,1769.913,27030.576,6.5,19.5,266.20807
4,stroke,1769.913,22039.516,5.0,21.5,1052.3378
7,stroke,1769.913,13205.183,6.5,20.5,1058.7203
8,stroke,1769.913,23068.898,5.0,21.5,1500.9867
9,stroke,1769.913,10104.961,5.0,21.0,2375.6045
11,stroke,1769.913,21499.219,5.0,19.0,1066.7257
2,stroke,1770.962,1725.4916,45.5,46.0,549.8238
4,stroke,1770.962,3160.1497,31.0,31.5,957.6743
7,stroke,1770.962,28299.102,5.0,19.0,653.5432
8,stroke,1770.962,2792.9775,30.5,31.5,460.95218
9,stroke,1770.962,5608.61,27.0,46.0,778.5861
11,stroke,1770.962,10761.369,38.5,46.0,2292.8572
2,stroke,1775.007,28623.738,5.0,20.0,485.18417
4,stroke,1775.007,26463.14,5.0,22.0,941.70966
7,stroke,1775.007,13255.226,6.5,21.0,633.04376
8,stroke,1775.007,23486.309,5.0,22.0,929.93335
9,stroke,1775.007,11070.008,5.0,21.5,1468.2683
11,stroke,1775.007,21503.004,5.0,22.0,1578.5139
4,stroke,1779.4685,6996.661,13.5,38.0,1220.0713
7,stroke,1779.4685,6972.8574,6.5,27.0,870.79095
8,stroke,1779.4685,1374.3262,,21.0,376.76904
11,stroke,1779.4685,19758.48,21.0,21.5,6131.05
2,stroke,1780.799,1837.5991,7.0,50.0,468.19043
7,stroke,1780.799,6858.5215,5.0,15.5,694.06396
8,stroke,1780.799,2940.2827,,26.0,890.2292
9,stroke,1780.799,2467.0864,5.0,28.5,799.4149
2,stroke,1782.0215,30100.121,6.0,19.0,704.92053
4,stroke,1782.0215,34927.082,5.0,21.0,1405.0253
7,stroke,1782.0215,11902.272,5.5,19.5,766.4023
8,stroke,1782.0215,25995.217,5.0,21.0,286.3306
9,stroke,1782.0215,11585.538,5.0,20.5,1075.4261
11,stroke,1782.0215,24740.93,5.0,20.5,4533.066
2,stroke,1783.655,1351.0083,23.0,26.0,366.7304
4,stroke,1783.655,2958.7117,5.0,35.0,715.3011
7,stroke,1783.655,4116.504,5.0,15.5,743.4642
8,stroke,1783.655,2331.6616,26.0,35.0,474.78748
11,stroke,1783.655,59201.758,5.0,50.0,6981.1436
4,stroke,1785.4145,5563.155,27.5,29.0,705.83246
7,stroke,1785.4145,5730.985,5.0,15.0,761.51575
8,stroke,1785.4145,1680.0352,10.0,33.5,443.22476
11,stroke,1785.4145,61861.656,5.0,41.0,8934.27
2,stroke,1786.4825,77110.03,40.0,42.0,891.70483
4,stroke,1786.4825,65550.164,7.0,43.5,553.2921
7,stroke,1786.4825,39996.89,5.0,42.5,1254.1326
8,stroke,1786.4825,41558.223,41.0,43.5,924.5021
9,stroke,1786.4825,12184.601,5.5,43.0,380.6219
11,stroke,1786.4825,89181.445,40.0,42.0,1488.7604
7,stroke,1788.185,28573.5,5.0,18.5,991.4495
8,stroke,1788.185,3295.748,32.5,46.0,679.39496
9,stroke,1788.185,8133.965,8.0,16.5,1074.3236
2,stroke,1790.9255,28763.604,6.5,19.5,366.32025
4,stroke,1790.9255,28529.914,5.0,21.5,1197.3307
7,stroke,1790.9255,15337.166,5.0,20.0,892.5591
8,stroke,1790.9255,15366.374,5.0,21.5,808.67804
9,stroke,1790.9255,10894.711,5.0,21.5,1342.2368
11,stroke,1790.9255,23112.277,5.0,19.0,1986.892
2,stroke,1792.7985,27963.348,5.0,19.0,750.29126
4,stroke,1792.7985,25333.434,5.0,21.0,666.3508
7,stroke,1792.7985,11875.011,6.0,20.0,1186.6608
8,stroke,1792.7985,20198.98,5.0,21.0,647.87244
9,stroke,1792.7985,7408.2256,5.0,20.5,940.62244
11,stroke,1792.7985,21657.895,5.0,18.5,726.32745
2,stroke,1794.446,1710.4507,,38.0,440.93628
7,stroke,1794.446,5148.1973,5.0,34.5,757.6665
8,stroke,1794.446,1968.0151,5.0,16.5,465.09534
9,stroke,1794.446,4023.9116,9.0,32.5,1253.0376
2,stroke,1796.967,29150.295,6.5,19.5,762.4558
4,stroke,1796.967,19634.934,5.0,21.5,706.2858
7,stroke,1796.967,9325.281,6.5,20.0,998.90076
8,stroke,1796.967,23011.29,5.0,21.5,744.9123
9,stroke,1796.967,6707.8574,5.0,21.0,1281.5906
11,stroke,1796.967,35324.145,5.0,19.0,2234.5688
2,stroke,1799.4865,2830.719,5.0,18.5,523.6068
4,stroke,1799.4865,2507.3945,6.5,43.0,600.968
2,stroke,1801.4865,30920.613,5.0,19.5,459.1351
4,stroke,1801.4865,23148.613,5.0,22.0,1464.8235
7,stroke,1801.4865,11628.442,6.5,21.0,839.06885
8,stroke,1801.4865,20321.861,5.0,21.5,395.10892
9,stroke,1801.4865,5432.3545,5.0,39.5,962.5806
11,stroke,1801.4865,24034.697,5.0,19.5,2772.8052
2,stroke,1803.4775,2432.5186,5.0,29.0,331.89923
4,stroke,1803.4775,2237.7603,5.0,21.0,586.15906
7,stroke,1803.4775,7381.1577,5.0,17.0,1260.196
8,stroke,1803.4775,7681.4004,13.0,31.0,827.3967
9,stroke,1803.4775,4399.113,14.0,15.0,810.7682
11,stroke,1803.4775,9984.78,45.0,48.5,2275.8225
2,stroke,1805.3865,3041.4111,21.0,26.0,334.2138
4,stroke,1805.3865,2448.5945,,45.0,779.23016
2,stroke,1806.317,29430.543,6.0,19.0,580.38385
4,stroke,1806.317,23446.61,5.0,38.0,806.03345
7,stroke,1806.317,10558.531,6.0,20.0,1053.1288
8,stroke,1806.317,17186.447,5.0,21.0,591.21985
9,stroke,1806.317,6785.631,5.0,20.5,1048.4368
11,stroke,1806.317,25401.309,5.0,22.0,2238.0552
7,stroke,1808.606,5853.5605,5.0,16.5,1762.1615
9,stroke,1808.606,9692.383,5.0,15.0,1395.265
11,stroke,1808.606,15868.396,5.0,17.5,3220.666
2,stroke,1813.856,1738.0066,,40.5,544.20435
4,stroke,1813.856,4599.7017,25.0,36.5,778.1739
7,stroke,1813.856,2792.1292,5.0,17.5,710.7842
9,stroke,1813.856,3394.2583,21.0,36.0,581.07697
4,stroke,1816.369,5042.149,5.0,32.0,450.86176
7,stroke,1816.369,5733.839,5.0,15.0,1630.2837
8,stroke,1816.369,3558.2527,5.0,32.0,1071.2264
9,stroke,1816.369,3044.8157,5.5,37.0,606.57587
2,stroke,1818.445,3021.316,14.5,49.5,509.42816
4,stroke,1818.445,2510.5942,,46.0,616.92053
7,stroke,1818.445,3633.057,8.0,34.5,667.1424
9,stroke,1818.445,2383.9478,,50.0,786.9045
11,stroke,1818.445,6206.171,,39.0,1915.1907
2,stroke,1820.6145,2370.5723,32.5,42.5,512.1776
7,stroke,1820.6145,6916.292,5.0,38.0,1656.7184
8,stroke,1820.6145,5111.34,5.0,47.5,1255.2906
9,stroke,1820.6145,5647.8574,13.0,28.5,1460.8228
4,stroke,1822.4455,3821.4214,44.0,44.5,570.5344
7,stroke,1822.4455,4266.4155,5.0,17.5,1210.2871
9,stroke,1822.4455,2705.5122,8.0,15.0,413.07776
2,stroke,1825.7055,2797.5815,27.0,27.0,572.44507
7,stroke,1825.7055,4360.39,5.0,15.0,627.93774
8,stroke,1825.7055,8528.651,20.0,36.5,391.63956
9,stroke,1825.7055,3519.8086,48.0,49.0,950.5919
11,stroke,1825.7055,9356.971,,15.0,3038.228
2,stroke,1827.808,27456.146,6.0,19.5,250.61406
4,stroke,1827.808,22418.75,5.0,21.5,354.2064
7,stroke,1827.808,10755.888,6.0,20.5,895.4818
8,stroke,1827.808,18132.887,5.0,21.5,388.12234
9,stroke,1827.808,7551.33,5.0,21.0,1042.0109
11,stroke,1827.808,24664.02,5.0,19.0,1614.7032
2,stroke,1829.7795,1962.0161,43.0,44.0,597.66077
4,stroke,1829.7795,3385.0112,,43.0,1018.6052
7,stroke,1829.7795,33401.496,5.0,21.0,1372.5977
8,stroke,1829.7795,2106.0098,,49.5,652.301
9,stroke,1829.7795,4145.3975,18.0,49.0,1278.804
11,stroke,1829.7795,22159.463,5.0,26.0,4709.5835
2,stroke,1831.97,32439.52,5.0,19.0,577.15375
4,stroke,1831.97,24298.406,5.0,21.0,802.3814
7,stroke,1831.97,9336.949,5.0,20.5,1229.8695
8,stroke,1831.97,17041.95,5.0,21.0,1792.0973
9,stroke,1831.97,8244.511,5.0,21.0,1296.0706
11,stroke,1831.97,20422.723,18.0,18.5,4808.8555
2,stroke,1835.11,30106.936,5.5,19.0,463.59406
4,stroke,1835.11,21513.94,5.0,38.0,1356.6724
7,stroke,1835.11,14350.316,5.0,31.0,723.96765
8,stroke,1835.11,24803.97,5.0,21.0,1914.2089
9,stroke,1835.11,7714.734,5.0,50.0,799.9612
11,stroke,1835.11,28754.582,10.0,28.0,4836.0566
2,stroke,1836.977,32795.117,5.5,19.0,647.3491
4,stroke,1836.977,26819.984,5.0,37.5,998.8192
7,stroke,1836.977,8945.986,5.0,20.5,944.31805
8,stroke,1836.977,21244.223,5.0,21.0,628.87744
9,stroke,1836.977,6160.7886,5.0,20.0,1008.84607
11,stroke,1836.977,22770.018,6.0,22.0,2015.4042
2,stroke,1839.4205,1405.0668,30.5,35.5,392.86823
4,stroke,1839.4205,2756.974,6.5,41.5,653.35736
7,stroke,1839.4205,4592.2856,5.0,15.0,955.5861
9,stroke,1839.4205,6093.714,,31.5,1811.1436
2,stroke,1840.321,1708.7073,,30.5,386.5336
7,stroke,1840.321,3689.7356,5.0,15.0,1063.3315
8,stroke,1840.321,2433.1426,,43.5,757.9926
2,stroke,1843.3045,32300.904,6.5,20.0,460.80573
4,stroke,1843.3045,22289.11,5.0,22.0,1134.2054
7,stroke,1843.3045,10262.949,5.0,21.5,1348.113
8,stroke,1843.3045,20400.174,5.0,22.0,1006.7487
9,stroke,1843.3045,7623.7305,5.0,20.5,1068.5001
11,stroke,1843.3045,30762.398,5.0,33.0,5702.9663
2,stroke,1844.6185,5396.671,8.0,50.0,1017.17883
9,stroke,1844.6185,7883.514,5.0,40.5,2070.7458
2,stroke,1846.2665,2790.5208,43.5,44.0,529.35364
4,stroke,1846.2665,5089.1675,46.0,46.0,1161.0656
9,stroke,1846.2665,6969.313,,22.5,1855.5237
11,stroke,1846.2665,27005.053,,27.0,8427.84
2,stroke,1847.542,2508.35,18.5,19.0,548.1457
4,stroke,1847.542,2360.2754,,20.0,667.6161
2,stroke,1848.382,34155.754,5.0,19.0,270.0811
4,stroke,1848.382,24573.904,5.0,21.0,846.1759
7,stroke,1848.382,11554.33,5.0,20.5,1518.7986
8,stroke,1848.382,21095.266,5.0,21.0,646.8198
9,stroke,1848.382,8077.0576,5.0,20.5,715.07153
11,stroke,1848.382,14912.547,5.0,18.5,891.48645
2,stroke,1850.833,31153.432,5.0,19.0,286.27884
4,stroke,1850.833,29572.604,5.0,21.5,2075.4114
7,stroke,1850.833,10835.34,5.0,20.5,596.58185
8,stroke,1850.833,26959.76,5.0,21.0,324.6855
9,stroke,1850.833,5772.1514,5.0,36.5,634.15436
11,stroke,1850.833,18310.547,8.0,18.5,3160.0923
2,stroke,1852.5345,32311.586,5.5,19.0,327.0178
4,stroke,1852.5345,25475.422,5.0,21.0,636.54755
7,stroke,1852.5345,12557.447,5.0,20.5,915.67285
8,stroke,1852.5345,21688.174,5.0,21.0,629.752
9,stroke,1852.5345,9129.194,5.0,20.0,640.41095
11,stroke,1852.5345,16868.25,7.5,19.0,2163.0183
7,stroke,1853.428,7535.6646,5.0,15.0,953.8627
11,stroke,1853.428,10307.796,35.5,36.5,1800.057
2,stroke,1856.5185,31271.98,5.5,19.0,814.1303
4,stroke,1856.5185,23972.322,5.0,21.0,732.5669
7,stroke,1856.5185,10817.311,5.0,21.0,786.6834
8,stroke,1856.5185,24879.402,5.0,21.0,2730.5413
9,stroke,1856.5185,7526.6255,5.0,20.5,820.16266
11,stroke,1856.5185,23702.814,18.0,32.0,3557.2822
7,stroke,1859.845,9254.0625,49.5,50.0,2000.0183
8,stroke,1859.845,1519.6609,,43.5,379.93085
9,stroke,1859.845,1886.239,8.5,43.5,323.1484
11,stroke,1859.845,9457.997,16.0,49.0,3071.4702
2,stroke,1861.1795,32848.875,5.0,19.0,559.37585
4,stroke,1861.1795,24370.742,5.0,21.0,1016.35944
7,stroke,1861.1795,11637.354,5.0,21.0,828.1875
8,stroke,1861.1795,24157.557,5.0,21.0,596.9438
9,stroke,1861.1795,7539.68,5.0,15.0,1452.598
11,stroke,1861.1795,17419.047,5.0,18.0,3730.5635
2,stroke,1862.736,2534.5356,40.5,46.0,358.25528
7,stroke,1862.736,6777.3276,5.0,17.0,1483.2162
8,stroke,1862.736,5688.159,19.5,23.5,771.8245
2,stroke,1863.79,27887.445,5.0,19.5,355.38474
4,stroke,1863.79,23102.164,5.0,21.5,1479.4032
7,stroke,1863.79,11734.829,5.0,21.0,1002.22125
8,stroke,1863.79,20280.258,5.0,21.5,670.86237
9,stroke,1863.79,7065.873,5.0,20.5,1265.1417
11,stroke,1863.79,15379.127,5.0,19.5,4971.8613
2,stroke,1865.2225,1974.5427,50.0,50.0,455.06735
4,stroke,1865.2225,3124.607,15.5,29.0,506.83188
7,stroke,1865.2225,4897.8203,5.0,15.5,992.95013
2,stroke,1866.2945,28611.29,6.5,20.0,750.42865
4,stroke,1866.2945,21790.234,5.0,22.0,1372.6477
7,stroke,1866.2945,11092.953,5.0,21.0,775.54285
8,stroke,1866.2945,20807.33,5.0,22.0,2009.5454
9,stroke,1866.2945,6002.036,5.0,38.5,916.6196
11,stroke,1866.2945,21171.629,5.0,39.5,1080.9899
2,stroke,1870.04,3945.0332,7.0,31.5,396.46478
7,stroke,1870.04,11233.396,5.0,15.0,971.00555
8,stroke,1870.04,1432.6855,31.5,32.5,297.4006
11,stroke,1870.04,5681.1914,5.5,24.0,1021.3993
4,stroke,1873.291,5741.744,34.5,35.5,771.9609
7,stroke,1873.291,5681.9272,13.0,15.0,1686.7615
8,stroke,1873.291,7821.817,23.5,29.0,604.3624
9,stroke,1873.291,3755.3926,,17.5,902.44305
2,stroke,1885.8395,2044.2412,,50.0,674.2868
7,stroke,1885.8395,4636.7188,5.0,19.0,933.8326
8,stroke,1885.8395,1858.4604,10.5,25.5,459.1364
11,stroke,1885.8395,7708.9185,49.0,49.5,1763.518
2,stroke,1890.1425,1232.8289,,26.5,387.95312
7,stroke,1890.1425,5017.253,5.0,50.0,1437.5677
8,stroke,1890.1425,1755.6105,9.0,31.5,486.90323
9,stroke,1890.1425,4199.4355,29.0,29.5,1154.0852
11,stroke,1890.1425,18694.107,17.0,18.5,2909.368
4,stroke,1893.682,4513.461,50.0,50.0,1120.435
7,stroke,1893.682,6505.665,5.0,16.5,1284.0707
11,stroke,1893.682,10812.704,25.5,31.0,2110.4172
2,stroke,1897.7895,30863.518,5.0,20.0,400.58218
4,stroke,1897.7895,39999.453,5.0,22.0,1015.41766
7,stroke,1897.7895,14437.331,5.0,21.5,588.7054
8,stroke,1897.7895,28458.727,5.0,21.5,911.4882
9,stroke,1897.7895,8115.0864,5.0,21.5,490.62003
11,stroke,1897.7895,16632.47,5.0,23.0,3138.2563
2,stroke,1899.0945,2038.7166,5.0,18.0,364.58652
7,stroke,1899.0945,3523.3452,12.0,17.5,745.94366
8,stroke,1899.0945,5037.171,5.0,21.5,335.8118
9,stroke,1899.0945,3059.7031,19.5,20.5,669.677
11,stroke,1899.0945,6564.466,28.5,36.5,1329.5951
2,stroke,1902.172,28306.043,5.0,19.0,708.0862
4,stroke,1902.172,30605.39,5.0,21.0,482.16284
7,stroke,1902.172,12921.815,5.0,20.5,641.95514
8,stroke,1902.172,28753.809,5.0,20.5,320.1811
9,stroke,1902.172,6784.6987,5.0,20.0,541.41504
11,stroke,1902.172,18261.307,5.0,18.5,1633.8868
2,stroke,1904.0335,29308.092,5.0,20.0,631.78046
4,stroke,1904.0335,32701.6,5.0,22.0,1508.09
7,stroke,1904.0335,11569.667,5.0,21.5,902.8145
8,stroke,1904.0335,31061.441,5.0,21.5,517.0539
9,stroke,1904.0335,5343.8994,5.0,22.5,1032.4563
11,stroke,1904.0335,19052.924,5.0,22.0,3853.4426
2,stroke,1905.768,1474.0172,13.0,34.5,357.7794
4,stroke,1905.768,6339.2554,8.5,46.0,598.4707
7,stroke,1905.768,4196.659,5.0,49.5,1055.1871
8,stroke,1905.768,2873.7205,27.5,44.0,334.56143
9,stroke,1905.768,3151.9863,9.5,34.5,583.6442
2,stroke,1906.5695,28329.7,6.5,17.0,381.21167
4,stroke,1906.5695,31106.234,5.0,19.0,1462.7981
7,stroke,1906.5695,18222.354,5.0,19.0,877.6902
8,stroke,1906.5695,29049.295,5.0,19.0,873.4818
2,stroke,1908.673,25117.79,5.0,18.5,549.12054
4,stroke,1908.673,37915.383,5.0,20.5,608.03345
7,stroke,1908.673,12264.375,5.0,37.0,755.32056
8,stroke,1908.673,22602.344,5.0,20.5,542.0828
9,stroke,1908.673,4248.005,5.0,19.0,1167.8611
11,stroke,1908.673,20352.979,8.0,18.5,1869.9133
2,stroke,1910.68,32152.453,6.5,19.5,628.64594
4,stroke,1910.68,32109.104,5.0,21.5,663.4948
7,stroke,1910.68,13216.04,5.0,21.5,842.2783
8,stroke,1910.68,28679.85,5.0,21.0,513.7521
9,stroke,1910.68,7382.6123,5.0,22.0,1047.3746
11,stroke,1910.68,90984.91,5.0,22.0,7021.4585
7,stroke,1911.8145,2379.0256,5.0,38.0,751.59686
9,stroke,1911.8145,3488.6025,5.5,21.0,789.1899
11,stroke,1911.8145,11244.313,17.5,27.5,3686.924
2,stroke,1912.829,28888.39,5.0,19.0,379.3762
4,stroke,1912.829,33274.766,5.0,21.0,1089.3961
7,stroke,1912.829,15558.276,5.0,21.0,763.6905
8,stroke,1912.829,27354.027,5.0,21.0,329.25256
9,stroke,1912.829,8037.3706,5.0,20.5,763.6145
11,stroke,1912.829,28147.371,14.0,15.0,5740.179
2,stroke,1914.845,30824.217,5.0,19.0,505.92493
4,stroke,1914.845,31414.842,5.0,21.0,1088.6003
7,stroke,1914.845,16523.549,5.0,21.0,2191.2446
8,stroke,1914.845,24524.945,5.0,21.0,583.8906
9,stroke,1914.845,4930.3027,5.0,37.0,728.9376
11,stroke,1914.845,26247.18,5.0,18.5,2052.8057
7,stroke,1915.858,7121.459,5.0,15.0,1059.1874
8,stroke,1915.858,2407.7666,,50.0,566.07007
9,stroke,1915.858,3009.959,21.0,29.5,600.56476
11,stroke,1915.858,49187.953,48.0,49.5,10842.061
2,stroke,1919.2765,32221.688,5.0,19.0,513.84186
4,stroke,1919.2765,37384.44,5.0,21.0,1039.0267
7,stroke,1919.2765,15857.559,5.0,38.0,836.6259
8,stroke,1919.2765,25941.562,5.0,21.0,1362.3773
9,stroke,1919.2765,8943.165,5.0,20.5,709.239
11,stroke,1919.2765,16248.828,5.0,22.0,5070.7856
2,stroke,1922.0105,29860.152,6.0,18.5,852.85956
4,stroke,1922.0105,33379.758,5.0,21.0,429.55307
7,stroke,1922.0105,14782.932,5.0,21.0,1667.3478
8,stroke,1922.0105,24492.646,5.0,20.5,506.73413
9,stroke,1922.0105,10294.355,5.0,20.5,1331.565
11,stroke,1922.0105,20175.105,5.0,38.5,5019.6978
2,stroke,1923.082,1987.6981,20.0,20.0,406.79184
7,stroke,1923.082,6991.0156,5.0,17.5,528.31635
8,stroke,1923.082,2493.9333,5.0,35.5,303.98322
9,stroke,1923.082,3942.773,36.0,50.0,753.8826
11,stroke,1923.082,11341.7705,27.5,44.0,3330.582
2,stroke,1924.4495,27200.816,5.0,19.0,468.66006
4,stroke,1924.4495,31642.54,5.0,21.5,747.91705
7,stroke,1924.4495,13418.57,5.0,21.0,526.20386
8,stroke,1924.4495,26271.963,5.0,21.5,2579.3594
9,stroke,1924.4495,8030.942,5.0,20.0,815.8575
11,stroke,1924.4495,16475.285,5.0,22.0,1996.9418
7,stroke,1926.054,5121.065,5.0,16.5,709.3743
11,stroke,1926.054,8303.073,5.0,15.0,2699.149
2,stroke,1929.564,2718.7554,5.0,21.0,362.13394
4,stroke,1929.564,2826.7205,5.0,22.5,369.79523
7,stroke,1929.564,4951.972,5.0,15.5,695.2791
8,stroke,1929.564,8080.9536,14.5,34.5,520.2988
9,stroke,1929.564,4408.4277,22.5,22.5,1148.9608
11,stroke,1929.564,25857.062,5.0,46.0,4923.5034
2,stroke,1931.369,28969.361,5.0,18.5,424.4449
4,stroke,1931.369,29737.934,5.0,21.0,1614.6715
7,stroke,1931.369,16578.47,5.0,20.0,1157.6234
8,stroke,1931.369,24729.994,5.0,21.0,340.14313
9,stroke,1931.369,6775.507,5.0,20.0,900.24036
11,stroke,1931.369,22849.953,6.5,18.0,1337.4324
2,stroke,1933.557,3307.3975,5.0,39.0,269.25784
4,stroke,1933.557,5811.1636,37.5,39.0,879.0059
8,stroke,1933.557,8534.336,24.5,37.0,591.4887
9,stroke,1933.557,3955.3374,5.0,28.0,511.89386
2,stroke,1934.499,26756.82,5.0,19.0,822.7727
4,stroke,1934.499,37534.336,5.0,21.0,556.84106
7,stroke,1934.499,13636.19,5.0,20.5,817.9282
8,stroke,1934.499,20265.139,5.0,21.5,439.55267
9,stroke,1934.499,7671.3857,5.0,20.5,1030.932
11,stroke,1934.499,39391.312,5.0,21.5,4737.084
2,stroke,1937.2405,26144.314,5.0,19.5,817.248
4,stroke,1937.2405,32112.133,5.0,21.5,1477.2708
7,stroke,1937.2405,13654.225,5.0,21.0,1781.7092
8,stroke,1937.2405,22097.855,5.0,21.5,2765.881
9,stroke,1937.2405,7569.0234,5.0,20.5,1361.8373
11,stroke,1937.2405,26012.701,5.0,19.5,4369.479
4,stroke,1938.94,2485.9978,42.5,42.5,373.74307
9,stroke,1938.94,2715.3557,6.5,48.5,553.4102
11,stroke,1938.94,14746.669,27.5,32.0,2682.455
2,stroke,1940.579,1811.0377,26.5,27.0,379.62805
4,stroke,1940.579,8471.781,27.5,41.0,953.5022
7,stroke,1940.579,5611.0986,5.0,18.0,1675.1831
8,stroke,1940.579,1972.1897,23.0,23.0,378.97897
9,stroke,1940.579,2370.1033,11.5,40.5,665.91156
2,stroke,1943.133,90849.28,9.0,30.0,389.0522
4,stroke,1943.133,100540.61,6.5,31.5,634.5505
7,stroke,1943.133,43557.96,5.0,31.0,914.5122
8,stroke,1943.133,68085.68,27.5,32.0,590.2575
9,stroke,1943.133,19085.7,29.5,31.0,1454.8568
11,stroke,1943.133,65821.2,11.0,30.0,2055.085
2,stroke,1944.8175,27401.137,5.0,19.0,672.0572
4,stroke,1944.8175,35098.65,5.0,21.0,988.21246
7,stroke,1944.8175,14723.244,5.0,20.0,944.6569
8,stroke,1944.8175,27754.695,5.0,21.0,302.5475
9,stroke,1944.8175,7553.2446,5.0,20.5,1057.634
11,stroke,1944.8175,27079.57,5.0,18.5,3129.9038
2,stroke,1948.3165,27633.58,5.0,19.0,800.38605
4,stroke,1948.3165,39977.145,5.0,21.0,1617.1268
7,stroke,1948.3165,17238.412,5.0,20.5,2305.1018
8,stroke,1948.3165,24357.258,5.0,21.0,351.60358
9,stroke,1948.3165,9573.988,5.0,20.5,789.79755
11,stroke,1948.3165,21304.416,21.5,39.0,3039.4697
2,stroke,1949.8175,4028.2415,,38.5,1237.6052
7,stroke,1949.8175,36772.977,5.0,19.0,1190.3802
8,stroke,1949.8175,2623.462,18.5,32.5,382.10873
9,stroke,1949.8175,2418.1694,6.5,40.0,259.20084
11,stroke,1949.8175,11089.476,33.5,44.0,1943.1451
2,stroke,1951.106,2452.4321,,43.5,719.00977
4,stroke,1951.106,4111.4385,7.0,18.0,1231.4727
7,stroke,1951.106,6325.295,5.0,15.0,616.9138
11,stroke,1951.106,7920.1567,12.0,46.0,2058.76
2,stroke,1952.6275,26810.326,5.0,19.5,739.571
4,stroke,1952.6275,35216.02,5.0,21.5,451.5881
7,stroke,1952.6275,14718.885,5.0,21.0,1352.4252
8,stroke,1952.6275,27354.686,5.0,21.5,368.4124
9,stroke,1952.6275,12153.589,5.0,21.0,563.2584
11,stroke,1952.6275,19015.31,5.0,19.0,2008.8026
2,stroke,1955.325,2294.6084,12.5,49.0,448.7968
4,stroke,1955.325,9617.801,5.0,48.5,1637.9437
7,stroke,1955.325,5856.454,5.0,15.0,709.1403
9,stroke,1955.325,3342.0872,5.0,20.0,355.1378
2,stroke,1957.8055,26295.86,5.0,19.0,675.00275
4,stroke,1957.8055,33426.375,5.0,21.0,949.5868
7,stroke,1957.8055,15611.935,5.0,20.5,1088.6182
8,stroke,1957.8055,22144.855,5.0,21.0,601.57367
9,stroke,1957.8055,8380.07,5.0,20.5,736.982
11,stroke,1957.8055,17175.137,8.5,18.5,3846.67
2,stroke,1959.5335,27272.434,5.0,19.0,558.5185
4,stroke,1959.5335,39340.145,5.0,21.5,1430.1361
7,stroke,1959.5335,14180.256,5.0,37.5,847.4994
8,stroke,1959.5335,28057.775,5.0,21.0,363.95953
9,stroke,1959.5335,9592.681,5.0,21.0,862.4155
11,stroke,1959.5335,20053.72,5.0,35.5,6434.119
2,stroke,1968.57,4311.234,14.0,48.0,420.63995
4,stroke,1968.57,4429.257,21.5,22.0,644.6149
7,stroke,1968.57,5960.8936,38.0,50.0,1658.6941
9,stroke,1968.57,3505.3892,7.0,50.0,388.23474
2,stroke,1971.322,3165.4868,40.5,48.0,625.6493
4,stroke,1971.322,3700.4004,7.0,46.0,425.02322
7,stroke,1971.322,7966.822,5.0,15.0,744.483
8,stroke,1971.322,1409.7795,42.0,42.5,343.9581
9,stroke,1971.322,2584.602,28.5,29.5,752.7345
11,stroke,1971.322,7446.24,5.0,48.5,1578.1377
2,stroke,1973.812,2762.8696,32.0,46.5,431.47266
4,stroke,1973.812,2408.1538,13.0,21.5,549.92377
7,stroke,1973.812,6796.5293,5.0,15.0,1380.372
8,stroke,1973.812,1665.9915,7.5,46.0,321.98468
2,stroke,1976.7,1329.8346,26.0,26.5,436.18863
7,stroke,1976.7,4669.7876,5.0,15.0,714.5772
8,stroke,1976.7,1658.5372,,25.5,397.81415
9,stroke,1976.7,4624.6216,6.5,19.5,668.1536
7,stroke,1978.1415,6550.998,5.0,15.0,483.6508
2,stroke,1983.7105,2155.949,,27.0,511.01822
4,stroke,1983.7105,2034.3176,8.5,23.5,604.54736
7,stroke,1983.7105,5673.25,5.0,16.5,534.8335
11,stroke,1983.7105,11536.993,13.0,16.5,3411.5725
2,stroke,1991.2005,30921.928,5.0,20.0,365.70804
4,stroke,1991.2005,28608.406,5.0,22.0,604.47284
7,stroke,1991.2005,12511.254,5.0,21.0,691.18634
8,stroke,1991.2005,22574.016,5.0,21.5,312.00424
9,stroke,1991.2005,5584.382,5.0,19.5,341.1329
11,stroke,1991.2005,17956.062,5.0,16.0,1720.9504
2,stroke,1994.255,27137.523,5.0,19.0,459.26334
4,stroke,1994.255,25201.254,5.0,17.5,693.77563
7,stroke,1994.255,9934.963,5.5,20.0,982.5844
8,stroke,1994.255,21679.459,5.0,21.0,502.5462
9,stroke,1994.255,6205.0083,6.0,18.5,1052.0702
11,stroke,1994.255,19127.98,8.0,19.0,3433.9294
2,stroke,1995.741,27786.738,5.0,20.0,426.6195
4,stroke,1995.741,25011.23,5.0,22.0,1000.5609
7,stroke,1995.741,13314.178,6.5,40.5,899.1901
8,stroke,1995.741,18660.336,5.0,21.5,408.2609
9,stroke,1995.741,5921.206,5.0,20.0,732.79596
11,stroke,1995.741,24898.977,5.0,19.5,1437.2163
2,stroke,1998.289,22528.807,5.5,19.0,427.56525
4,stroke,1998.289,28332.402,5.0,21.5,840.2943
7,stroke,1998.289,13132.783,6.0,20.0,1185.9928
8,stroke,1998.289,24616.584,5.0,21.0,550.7423
9,stroke,1998.289,4792.365,5.5,16.0,1358.3177
11,stroke,1998.289,11221.852,6.5,22.0,2044.9059
2,stroke,1999.1235,1431.9624,20.5,21.5,471.7571
7,stroke,1999.1235,2525.8423,5.0,16.5,763.715
2,stroke,2001.9565,24424.123,6.0,20.0,670.35815
4,stroke,2001.9565,31586.338,5.0,22.0,519.8735
7,stroke,2001.9565,13453.161,5.0,21.5,896.4587
8,stroke,2001.9565,24125.348,5.0,22.0,2106.8425
9,stroke,2001.9565,6927.303,6.5,20.0,1119.7288
11,stroke,2001.9565,25091.021,5.0,20.0,3994.5679
7,stroke,2003.237,12463.754,5.0,15.0,673.817
9,stroke,2003.237,2327.2075,10.0,29.0,292.52618
11,stroke,2003.237,3242.02,5.0,21.5,895.073
2,stroke,2005.926,26308.61,6.0,19.5,502.9744
4,stroke,2005.926,31045.11,5.0,21.5,550.5795
7,stroke,2005.926,14406.43,5.0,20.5,626.26654
8,stroke,2005.926,20677.746,5.0,21.0,299.43317
9,stroke,2005.926,4614.3906,6.0,19.5,729.3003
11,stroke,2005.926,23311.402,5.0,18.5,1296.1691
2,stroke,2007.422,27849.51,5.0,19.0,378.2505
4,stroke,2007.422,28893.066,5.0,21.0,884.4384
7,stroke,2007.422,13782.199,5.0,20.0,1202.5181
8,stroke,2007.422,21138.309,5.0,21.5,386.08533
9,stroke,2007.422,7784.451,6.0,19.5,1092.9111
11,stroke,2007.422,23228.32,5.0,19.0,3172.2583
2,stroke,2009.411,27468.557,5.0,18.5,866.6433
4,stroke,2009.411,30165.969,5.0,21.0,976.0943
7,stroke,2009.411,13142.897,5.0,20.0,796.09094
8,stroke,2009.411,19501.941,5.0,21.0,559.97864
9,stroke,2009.411,6753.0967,5.5,19.5,1104.3403
11,stroke,2009.411,23829.371,8.0,18.0,2907.885
2,stroke,2010.7175,28763.045,5.0,19.0,467.8777
4,stroke,2010.7175,31223.52,5.0,21.0,509.86493
7,stroke,2010.7175,13560.822,5.0,20.0,949.4386
8,stroke,2010.7175,19937.61,5.0,21.0,1350.6143
9,stroke,2010.7175,7097.2026,5.0,49.5,643.775
11,stroke,2010.7175,14454.328,8.0,18.5,2433.1929
4,stroke,2013.5755,3129.6694,28.5,29.0,499.2829
7,stroke,2013.5755,6991.9653,5.0,15.0,938.41345
8,stroke,2013.5755,2122.6018,32.0,32.5,658.2973
9,stroke,2013.5755,4482.7456,18.5,19.0,1058.0056
11,stroke,2013.5755,12134.961,35.0,35.0,2997.4639
2,stroke,2016.5015,27211.143,5.0,19.5,408.8336
4,stroke,2016.5015,30216.285,5.0,21.5,596.66425
7,stroke,2016.5015,12466.106,5.0,37.0,991.5933
8,stroke,2016.5015,27740.498,5.0,21.0,342.0947
9,stroke,2016.5015,7735.7793,5.0,20.0,670.9026
11,stroke,2016.5015,33365.79,5.0,19.0,1011.06433
2,stroke,2018.268,30215.055,5.0,19.0,675.638
4,stroke,2018.268,29333.889,5.0,21.0,649.97565
7,stroke,2018.268,11034.414,5.0,20.5,734.2397
8,stroke,2018.268,26415.506,5.0,21.0,528.63873
9,stroke,2018.268,5438.349,6.0,36.0,1053.0181
11,stroke,2018.268,27980.074,8.0,18.5,1820.9117
4,stroke,2022.874,2120.956,,33.0,519.2466
7,stroke,2022.874,4419.7856,5.0,19.5,1402.5305
8,stroke,2022.874,1392.5513,6.5,25.5,390.09897
9,stroke,2022.874,3021.692,,29.5,877.48285
11,stroke,2022.874,13221.619,31.0,31.5,2410.5212
2,stroke,2023.9625,2139.1729,5.5,50.0,342.146
4,stroke,2023.9625,2504.7178,,36.5,755.9156
7,stroke,2023.9625,4887.7256,32.5,33.0,1247.8914
8,stroke,2023.9625,1602.0873,12.0,28.0,431.88272
9,stroke,2023.9625,4405.567,15.5,25.5,845.0487
11,stroke,2023.9625,12885.621,21.5,27.5,3049.758
2,stroke,2025.979,1762.5227,,28.0,438.05594
4,stroke,2025.979,2777.8982,,17.5,671.4804
7,stroke,2025.979,3398.7607,5.0,44.5,902.3937
8,stroke,2025.979,1248.1812,12.5,23.0,248.68965
2,stroke,2035.591,29267.83,5.0,19.0,467.80237
4,stroke,2035.591,31140.09,5.0,21.0,619.3531
7,stroke,2035.591,13660.147,5.0,20.0,1000.0811
8,stroke,2035.591,24014.004,5.0,21.0,491.19455
9,stroke,2035.591,10151.66,6.0,19.5,606.24506
11,stroke,2035.591,17123.674,6.5,39.0,3121.9802
2,stroke,2037.102,80223.44,30.5,32.5,1023.02545
4,stroke,2037.102,89218.516,11.0,34.0,933.97125
7,stroke,2037.102,51166.453,5.0,33.0,567.4253
8,stroke,2037.102,65692.65,31.0,34.0,2037.0792
9,stroke,2037.102,17090.7,19.0,32.5,525.17944
11,stroke,2037.102,53810.11,31.0,32.5,2184.9817
2,stroke,2038.583,2170.2544,10.0,15.0,410.5274
4,stroke,2038.583,3395.3645,5.0,20.5,592.84766
7,stroke,2038.583,14539.355,5.0,15.5,2300.7468
8,stroke,2038.583,1802.2534,30.5,30.5,340.48447
9,stroke,2038.583,3123.1833,11.0,41.0,599.9257
11,stroke,2038.583,7368.7827,43.0,43.5,1591.6831
4,stroke,2040.3035,4869.9746,5.0,18.0,691.855
7,stroke,2040.3035,9949.46,5.0,15.5,994.4737
9,stroke,2040.3035,3161.4397,5.0,18.5,466.61642
2,stroke,2043.776,2115.6614,25.5,27.0,536.31915
4,stroke,2043.776,2011.7244,,43.0,509.08282
7,stroke,2043.776,10719.835,5.0,15.0,1319.9849
8,stroke,2043.776,2003.5916,20.5,22.0,396.25385
11,stroke,2043.776,29846.094,5.0,19.5,8395.382
2,stroke,2049.8435,1933.5333,8.5,39.0,359.31052
4,stroke,2049.8435,8246.304,13.5,32.0,666.8886
8,stroke,2049.8435,1452.9761,31.0,31.5,305.25815
2,stroke,2054.9505,3225.843,7.5,33.0,386.1384
4,stroke,2054.9505,2659.7534,5.0,29.5,570.676
7,stroke,2054.9505,13115.2295,5.0,15.0,1594.8956
2,stroke,2056.4775,3427.8955,47.5,50.0,716.17096
4,stroke,2056.4775,2804.9775,,28.5,764.33496
7,stroke,2056.4775,40680.156,5.0,29.5,878.1834
8,stroke,2056.4775,3564.7642,42.5,50.0,259.88528
2,stroke,2057.281,1806.6848,18.5,18.5,537.9271
7,stroke,2057.281,7105.662,5.0,15.0,1245.1035
8,stroke,2057.281,2011.2698,6.0,30.5,378.8986
9,stroke,2057.281,2263.9807,17.0,23.0,687.6463
11,stroke,2057.281,26422.488,5.0,36.0,2103.4585
4,stroke,2059.991,2926.6636,,45.5,709.44354
7,stroke,2059.991,5616.215,5.0,16.5,1322.4631
8,stroke,2059.991,1912.2532,6.0,22.5,213.02496
9,stroke,2059.991,4874.05,7.5,46.5,422.03348
11,stroke,2059.991,5085.926,50.0,50.0,1621.4325
2,stroke,2063.558,2837.0015,42.5,48.5,413.14352
2,stroke,2066.236,2906.31,5.0,15.0,414.26453
7,stroke,2066.236,5497.566,,47.5,1499.25
8,stroke,2066.236,2036.045,18.0,18.5,442.29425
9,stroke,2066.236,4278.3184,8.5,16.5,955.2494
11,stroke,2066.236,10917.966,14.5,16.5,2953.544
2,stroke,2068.1225,4433.106,5.0,45.5,439.62357
7,stroke,2068.1225,5304.7847,5.0,19.0,1105.773
8,stroke,2068.1225,1540.3248,8.5,17.5,208.29335
11,stroke,2068.1225,8496.582,25.0,26.0,1988.3772
4,stroke,2070.8495,3491.496,13.0,22.0,621.769
7,stroke,2070.8495,5280.6475,5.0,15.0,1350.7087
9,stroke,2070.8495,2879.334,20.0,48.0,760.2846
11,stroke,2070.8495,7804.9146,5.0,18.0,1227.9391
2,stroke,2075.1455,1468.3452,26.5,47.0,373.40027
4,stroke,2075.1455,5006.742,7.0,22.5,1238.1823
7,stroke,2075.1455,5228.588,5.0,15.5,1529.5911
8,stroke,2075.1455,1587.5149,29.5,35.0,278.776
9,stroke,2075.1455,4934.7944,23.5,46.0,583.54034
2,stroke,2085.3905,1547.9724,7.5,21.0,374.172
4,stroke,2085.3905,4922.909,23.0,24.0,672.6263
7,stroke,2085.3905,7026.7593,5.0,16.5,824.24164
8,stroke,2085.3905,1287.3833,,18.5,348.8661
9,stroke,2085.3905,3368.0432,19.0,32.0,716.30426
2,stroke,2089.3125,2467.9214,,19.0,761.47186
4,stroke,2089.3125,4080.6472,46.5,48.0,483.8365
7,stroke,2089.3125,4679.2466,5.0,15.0,730.6475
11,stroke,2089.3125,6907.1875,44.5,45.0,1933.2997
4,stroke,2094.3765,1753.9751,,50.0,511.57263
7,stroke,2094.3765,5088.927,5.0,15.0,595.43823
8,stroke,2094.3765,1692.0482,33.5,33.5,419.63834
9,stroke,2094.3765,5380.709,30.0,31.0,917.47986
11,stroke,2094.3765,9363.585,30.5,46.0,1190.5991
4,stroke,2095.379,5620.866,21.0,22.0,1333.6887
7,stroke,2095.379,8130.26,22.5,31.5,2144.5996
8,stroke,2095.379,10421.514,35.5,40.0,1849.2336
11,stroke,2095.379,14370.318,,50.0,4636.547
4,stroke,2097.8735,2650.641,,19.5,795.55176
7,stroke,2097.8735,61259.81,5.0,20.5,1065.4714
9,stroke,2097.8735,3566.0715,5.0,15.0,571.6687
11,stroke,2097.8735,11796.15,31.0,37.5,1420.764
2,stroke,2099.043,2494.2764,5.0,50.0,741.4489
4,stroke,2099.043,14342.824,6.0,49.0,1271.6676
7,stroke,2099.043,9354.902,49.5,50.0,2027.4817
8,stroke,2099.043,10316.496,9.0,50.0,568.6713
9,stroke,2099.043,15596.445,10.0,47.0,2203.5405
2,stroke,2099.992,5864.2246,5.0,28.0,531.3188
4,stroke,2099.992,2990.2065,,21.5,680.7487
7,stroke,2099.992,5722.741,12.0,27.5,1313.0173
8,stroke,2099.992,4945.9443,5.0,26.0,906.08344
9,stroke,2099.992,24053.508,8.0,26.0,1605.8755
11,stroke,2099.992,30881.883,8.5,25.5,3419.7925
2,stroke,2105.3105,1632.6847,,38.5,459.40283
7,stroke,2105.3105,4854.922,5.0,20.5,519.0365
11,stroke,2105.3105,3791.7466,15.0,27.5,971.6223
2,stroke,2108.9065,7999.104,11.5,32.0,352.68088
4,stroke,2108.9065,13123.361,5.0,40.0,689.10565
7,stroke,2108.9065,29936.637,5.0,20.0,1432.3815
8,stroke,2108.9065,40044.137,5.0,35.0,782.8888
9,stroke,2108.9065,18930.09,6.5,41.5,1968.6406
11,stroke,2108.9065,27223.549,38.0,40.0,4276.164
2,stroke,2114.7035,1636.9749,10.5,35.0,267.07755
4,stroke,2114.7035,3463.3054,7.5,28.0,445.47177
7,stroke,2114.7035,7774.2583,5.0,16.0,1584.364
8,stroke,2114.7035,1803.3037,26.0,26.0,426.98843
